image,labels,healthy,scab,frog_eye_leaf_spot,rust,powdery_mildew,complex
92a2438695cfa7f4.jpg,scab frog_eye_leaf_spot complex,0,1,1,0,0,1
933608dafd35c08f.jpg,healthy,1,0,0,0,0,0
e5819e8cb819e667.jpg,frog_eye_leaf_spot,0,0,1,0,0,0
b9aed2e02cf2be80.jpg,scab,0,1,0,0,0,0
c088ad5abdb7113b.jpg,scab,0,1,0,0,0,0
e8acc52aa33321fb.jpg,rust,0,0,0,1,0,0
876b8b130b19578f.jpg,scab,0,1,0,0,0,0
a9bf3d501ab31523.jpg,healthy,1,0,0,0,0,0
d743c127828edcf4.jpg,scab,0,1,0,0,0,0
ae95c30fcd622c71.jpg,scab,0,1,0,0,0,0
ebdea0605562bd07.jpg,powdery_mildew,0,0,0,0,1,0
dd449004b20ffedd.jpg,healthy,1,0,0,0,0,0
fcfe8de21f00a0e4.jpg,healthy,1,0,0,0,0,0
afa1d78b438344e6.jpg,healthy,1,0,0,0,0,0
89cf47e1ba7046a9.jpg,complex,0,0,0,0,0,1
e6deef6e162c1208.jpg,scab,0,1,0,0,0,0
b4e9b2d80df9d80c.jpg,frog_eye_leaf_spot,0,0,1,0,0,0
ddf4b843459ea10d.jpg,powdery_mildew,0,0,0,0,1,0
c4dbc6c5aa6985d8.jpg,rust,0,0,0,1,0,0
a885ec0de22af33e.jpg,scab,0,1,0,0,0,0
95df116a2a61fc29.jpg,healthy,1,0,0,0,0,0
84c0d4d517ff6265.jpg,scab,0,1,0,0,0,0
f87cc0d03e9e3616.jpg,healthy,1,0,0,0,0,0
9f227a89b64a42f9.jpg,healthy,1,0,0,0,0,0
8ab7cafa03db6105.jpg,healthy,1,0,0,0,0,0
ddb4bca0c9be6824.jpg,rust,0,0,0,1,0,0
a56dd542a9aaa9aa.jpg,healthy,1,0,0,0,0,0
8492e1cd9b3a25af.jpg,scab frog_eye_leaf_spot,0,1,1,0,0,0
839b6a7a21adaf14.jpg,frog_eye_leaf_spot,0,0,1,0,0,0
b0e182fffb213898.jpg,healthy,1,0,0,0,0,0
d58631dd20bec536.jpg,scab frog_eye_leaf_spot,0,1,1,0,0,0
96b3628e46c26ea7.jpg,scab,0,1,0,0,0,0
854b9969503d1f1f.jpg,healthy,1,0,0,0,0,0
e8a0cf3c756b6149.jpg,frog_eye_leaf_spot,0,0,1,0,0,0
f50942b44df11f69.jpg,frog_eye_leaf_spot,0,0,1,0,0,0
bf4ad689c1ee4a44.jpg,healthy,1,0,0,0,0,0
f2c798246a0a9bdd.jpg,rust,0,0,0,1,0,0
a195580adef2b396.jpg,powdery_mildew,0,0,0,0,1,0
f0c231b79f19cc70.jpg,scab,0,1,0,0,0,0
d8e06ae3a507fe50.jpg,scab,0,1,0,0,0,0
aafac7c0582798d9.jpg,rust,0,0,0,1,0,0
d287871eedf8c848.jpg,frog_eye_leaf_spot,0,0,1,0,0,0
f1a5cec0c1f52e43.jpg,healthy,1,0,0,0,0,0
b9e5c39f99129294.jpg,complex,0,0,0,0,0,1
b0d9c859ec2936ba.jpg,healthy,1,0,0,0,0,0
ad8c9bb81ee0d4b4.jpg,scab frog_eye_leaf_spot,0,1,1,0,0,0
a8a595d28acbf38c.jpg,scab,0,1,0,0,0,0
d4113d18c6c1ed7e.jpg,frog_eye_leaf_spot,0,0,1,0,0,0
83c2939deb266572.jpg,rust,0,0,0,1,0,0
af87e4c505c315f1.jpg,scab frog_eye_leaf_spot,0,1,1,0,0,0
c1d13635371be1b8.jpg,frog_eye_leaf_spot,0,0,1,0,0,0
c8c5d76fc4e81742.jpg,healthy,1,0,0,0,0,0
f66b696596d48c82.jpg,rust,0,0,0,1,0,0
fc7984f0ca40fd0e.jpg,scab,0,1,0,0,0,0
cbfe3da4062e2c86.jpg,frog_eye_leaf_spot,0,0,1,0,0,0
ff12a0fb73c06261.jpg,scab,0,1,0,0,0,0
88eb2ed51acb61c9.jpg,scab,0,1,0,0,0,0
d8b960f02a731ed5.jpg,scab,0,1,0,0,0,0
8bccd47e68352c3c.jpg,scab,0,1,0,0,0,0
f287c39c9f702332.jpg,scab,0,1,0,0,0,0
a758ea6f48a719a2.jpg,healthy,1,0,0,0,0,0
d1996e659bc04765.jpg,scab,0,1,0,0,0,0
f8dfd48a80571fa0.jpg,scab,0,1,0,0,0,0
99037c7788671fc1.jpg,scab,0,1,0,0,0,0
a0c0c2dad98d5ebd.jpg,healthy,1,0,0,0,0,0
dea69e9dd5604a42.jpg,scab,0,1,0,0,0,0
9e96e807cbe8b690.jpg,frog_eye_leaf_spot,0,0,1,0,0,0
f565c69a38d9a123.jpg,complex,0,0,0,0,0,1
d3b089e760db2f06.jpg,complex,0,0,0,0,0,1
8ec07e85435eaf52.jpg,scab,0,1,0,0,0,0
e1eade2d72242687.jpg,scab,0,1,0,0,0,0
abfbe4d0b6413681.jpg,scab frog_eye_leaf_spot,0,1,1,0,0,0
d4babd82dc8ea08d.jpg,healthy,1,0,0,0,0,0
a78a19ee69e67142.jpg,frog_eye_leaf_spot,0,0,1,0,0,0
9068d8d07d787765.jpg,rust,0,0,0,1,0,0
dadf676474f08203.jpg,healthy,1,0,0,0,0,0
a59497a1da8a49de.jpg,powdery_mildew,0,0,0,0,1,0
a02cc3cfed653293.jpg,frog_eye_leaf_spot complex,0,0,1,0,0,1
ba55411ee833ce3a.jpg,powdery_mildew,0,0,0,0,1,0
858d1d24f0f7a365.jpg,complex,0,0,0,0,0,1
c7d0d8d47d2634e4.jpg,frog_eye_leaf_spot complex,0,0,1,0,0,1
fbd2c0ad0e7f2920.jpg,healthy,1,0,0,0,0,0
ded0a0c1e3b2fd03.jpg,complex,0,0,0,0,0,1
c0e95ade9850d7c6.jpg,scab frog_eye_leaf_spot complex,0,1,1,0,0,1
ddc358e20a6bc89d.jpg,frog_eye_leaf_spot,0,0,1,0,0,0
8db3c8abe2745554.jpg,healthy,1,0,0,0,0,0
8c4e87ce6d816ec3.jpg,powdery_mildew,0,0,0,0,1,0
d07d3e869ba12c8e.jpg,scab,0,1,0,0,0,0
fc09fcc0cfe005e6.jpg,healthy,1,0,0,0,0,0
8f87b434303bfa54.jpg,scab,0,1,0,0,0,0
b6b6e0457515c85b.jpg,rust,0,0,0,1,0,0
eda692cf6d844278.jpg,scab frog_eye_leaf_spot complex,0,1,1,0,0,1
e1efc41c2a2ae96c.jpg,healthy,1,0,0,0,0,0
8acd25962f9555b8.jpg,scab frog_eye_leaf_spot,0,1,1,0,0,0
ada289cbce9a6649.jpg,complex,0,0,0,0,0,1
82c13fd0b41f78f8.jpg,powdery_mildew,0,0,0,0,1,0
ddba21d2a1257aa6.jpg,complex,0,0,0,0,0,1
8989ba6ac1c3eae9.jpg,powdery_mildew,0,0,0,0,1,0
86b51ecfc08cde83.jpg,frog_eye_leaf_spot,0,0,1,0,0,0
feb5c2f103819c47.jpg,powdery_mildew,0,0,0,0,1,0
fdecdb612189a582.jpg,healthy,1,0,0,0,0,0
afcf958fcaca0109.jpg,healthy,1,0,0,0,0,0
f4e402c49407fde7.jpg,healthy,1,0,0,0,0,0
b94a0f82fc7a702d.jpg,powdery_mildew,0,0,0,0,1,0
ec9bd7f19c411268.jpg,scab,0,1,0,0,0,0
b5c19fa54970e453.jpg,rust,0,0,0,1,0,0
edce83cc07311a9b.jpg,powdery_mildew,0,0,0,0,1,0
e3bf47603e033943.jpg,healthy,1,0,0,0,0,0
c1af2e91a6d83c1e.jpg,scab,0,1,0,0,0,0
e96085be3e916596.jpg,complex,0,0,0,0,0,1
ba177089fe11872e.jpg,rust,0,0,0,1,0,0
d88983e16657a6b3.jpg,healthy,1,0,0,0,0,0
f0174b492fbca351.jpg,frog_eye_leaf_spot,0,0,1,0,0,0
df8243408babbb71.jpg,scab,0,1,0,0,0,0
e09db8a3eecc22c5.jpg,healthy,1,0,0,0,0,0
a4d6ce888f4b0b7a.jpg,healthy,1,0,0,0,0,0
c1da3a00176f396f.jpg,frog_eye_leaf_spot,0,0,1,0,0,0
ba2090ba17da1f7c.jpg,healthy,1,0,0,0,0,0
d0af8a1bd4b5c8cc.jpg,healthy,1,0,0,0,0,0
95e2e5fad05508ab.jpg,complex,0,0,0,0,0,1
fbc483ae483edc90.jpg,powdery_mildew complex,0,0,0,0,1,1
c21f23da05de2a2f.jpg,scab,0,1,0,0,0,0
a56ffa4aca4e024e.jpg,healthy,1,0,0,0,0,0
fdb5c08b16342d71.jpg,complex,0,0,0,0,0,1
b4a6f252cabbc912.jpg,frog_eye_leaf_spot,0,0,1,0,0,0
b66a9196a4db8ba2.jpg,healthy,1,0,0,0,0,0
e88f11b3c3439cad.jpg,rust,0,0,0,1,0,0
83cbdf3a6cd03606.jpg,healthy,1,0,0,0,0,0
b5aab0d5914abb98.jpg,complex,0,0,0,0,0,1
bf125b87c16b843c.jpg,healthy,1,0,0,0,0,0
83e1bc9ee0f07865.jpg,healthy,1,0,0,0,0,0
94f070819b9abaed.jpg,scab frog_eye_leaf_spot,0,1,1,0,0,0
84da4422ffc73b62.jpg,scab,0,1,0,0,0,0
f020c3d2bde53c56.jpg,healthy,1,0,0,0,0,0
b3dd0f2652724707.jpg,rust frog_eye_leaf_spot,0,0,1,1,0,0
be7ef6d45ac18401.jpg,complex,0,0,0,0,0,1
f4504bbdd22f450b.jpg,frog_eye_leaf_spot,0,0,1,0,0,0
a065c7a60d07e7ec.jpg,frog_eye_leaf_spot,0,0,1,0,0,0
cad4aef68af20652.jpg,scab,0,1,0,0,0,0
ec5a9ebc11d1351c.jpg,healthy,1,0,0,0,0,0
b4f892f53f4e2086.jpg,healthy,1,0,0,0,0,0
e4e7b4a5a6b2a382.jpg,scab,0,1,0,0,0,0
8ba3258175d570e7.jpg,scab,0,1,0,0,0,0
af76d22ad212a0db.jpg,scab,0,1,0,0,0,0
c5fc06637ad88c95.jpg,scab,0,1,0,0,0,0
ae3c85d25273b9c2.jpg,frog_eye_leaf_spot complex,0,0,1,0,0,1
af1012d9bf05456f.jpg,healthy,1,0,0,0,0,0
ebe6e03a7470d055.jpg,scab frog_eye_leaf_spot,0,1,1,0,0,0
a8dd9f783d32c070.jpg,frog_eye_leaf_spot,0,0,1,0,0,0
850f988179efaf03.jpg,healthy,1,0,0,0,0,0
d502adf64b235aa5.jpg,frog_eye_leaf_spot,0,0,1,0,0,0
d02267967c57259d.jpg,frog_eye_leaf_spot,0,0,1,0,0,0
efce028787c34f84.jpg,healthy,1,0,0,0,0,0
923ccbd2071dead1.jpg,complex,0,0,0,0,0,1
e18c947f337964a1.jpg,frog_eye_leaf_spot complex,0,0,1,0,0,1
bda896530a3d7855.jpg,rust,0,0,0,1,0,0
b3f5b7cb8281160e.jpg,rust,0,0,0,1,0,0
9a74cb69ca3b6438.jpg,frog_eye_leaf_spot,0,0,1,0,0,0
ad6bc2f4059070fd.jpg,scab,0,1,0,0,0,0
b692f2a6206961fb.jpg,healthy,1,0,0,0,0,0
f48f8b6483671fc0.jpg,scab,0,1,0,0,0,0
f1252cee28782af9.jpg,frog_eye_leaf_spot,0,0,1,0,0,0
a9f1910b7e6c12b6.jpg,complex,0,0,0,0,0,1
acc48666cbc78fa4.jpg,scab,0,1,0,0,0,0
a566da96749b9226.jpg,frog_eye_leaf_spot,0,0,1,0,0,0
cf80713ec2e42f87.jpg,complex,0,0,0,0,0,1
bce16a82970ccf35.jpg,frog_eye_leaf_spot,0,0,1,0,0,0
84da779c55665c31.jpg,powdery_mildew,0,0,0,0,1,0
9dc199c785569e16.jpg,scab,0,1,0,0,0,0
a49e9694ba2d2af2.jpg,scab,0,1,0,0,0,0
d0b02a1ad0dd7b9e.jpg,rust,0,0,0,1,0,0
d5faa4c0cacbc84d.jpg,scab,0,1,0,0,0,0
d70a7439323065f7.jpg,scab,0,1,0,0,0,0
b5fc90d457c3220f.jpg,healthy,1,0,0,0,0,0
c3bb09357832f0f2.jpg,scab,0,1,0,0,0,0
bbdfd088d8b103a3.jpg,scab,0,1,0,0,0,0
9a76aa9da3592d11.jpg,rust,0,0,0,1,0,0
e4d4872973870bda.jpg,rust,0,0,0,1,0,0
e305d654ade3e41a.jpg,healthy,1,0,0,0,0,0
d49bd7ccb6344c42.jpg,frog_eye_leaf_spot,0,0,1,0,0,0
a1e386fc4c8965d5.jpg,complex,0,0,0,0,0,1
eb9f863dc248d560.jpg,healthy,1,0,0,0,0,0
bfdab2dac2c460a2.jpg,frog_eye_leaf_spot,0,0,1,0,0,0
e0a14bd6f4e1278e.jpg,healthy,1,0,0,0,0,0
c5fc3e8592378d0a.jpg,powdery_mildew,0,0,0,0,1,0
a72ce33a86f60be0.jpg,healthy,1,0,0,0,0,0
e8e8d2994d974553.jpg,frog_eye_leaf_spot,0,0,1,0,0,0
faca978fda90d011.jpg,healthy,1,0,0,0,0,0
adadc2239aa26d9a.jpg,frog_eye_leaf_spot,0,0,1,0,0,0
fcdef1da3b700810.jpg,scab,0,1,0,0,0,0
a891a7d7931e9aa8.jpg,scab,0,1,0,0,0,0
b424d0ff4f832437.jpg,complex,0,0,0,0,0,1
a95659962eb49a47.jpg,healthy,1,0,0,0,0,0
c13f35d942f03cd8.jpg,scab,0,1,0,0,0,0
a30b7c9e90c79738.jpg,healthy,1,0,0,0,0,0
81b637c03de1f899.jpg,healthy,1,0,0,0,0,0
f8a68bf49d009dcc.jpg,powdery_mildew,0,0,0,0,1,0
85af3898caf1ea85.jpg,scab,0,1,0,0,0,0
a0f9a52c45ec656b.jpg,healthy,1,0,0,0,0,0
81ea6b2592e69697.jpg,healthy,1,0,0,0,0,0
d07397423fc705e8.jpg,frog_eye_leaf_spot,0,0,1,0,0,0
fa87606135ce25ba.jpg,scab,0,1,0,0,0,0
b78bc64dca03316e.jpg,healthy,1,0,0,0,0,0
fb0ad06e836dda60.jpg,scab,0,1,0,0,0,0
b8ec878268c4537f.jpg,healthy,1,0,0,0,0,0
f98b90de67360564.jpg,frog_eye_leaf_spot,0,0,1,0,0,0
95385a2db0e79595.jpg,healthy,1,0,0,0,0,0
95cb3b9998371299.jpg,powdery_mildew,0,0,0,0,1,0
dd9535ea0f35a809.jpg,frog_eye_leaf_spot,0,0,1,0,0,0
c0b4778ba7de3e00.jpg,scab,0,1,0,0,0,0
f2b4979c49cb7c01.jpg,rust,0,0,0,1,0,0
a8f797c2ea07e00e.jpg,scab,0,1,0,0,0,0
c5b63ad0d06a0f75.jpg,frog_eye_leaf_spot,0,0,1,0,0,0
de8f68644dc2746c.jpg,healthy,1,0,0,0,0,0
94934aba435fac69.jpg,complex,0,0,0,0,0,1
fc11c63989f089f9.jpg,frog_eye_leaf_spot,0,0,1,0,0,0
9ff27d97580b5900.jpg,frog_eye_leaf_spot,0,0,1,0,0,0
b7bcc2da298038fc.jpg,healthy,1,0,0,0,0,0
b56188556e1be2ce.jpg,rust complex,0,0,0,1,0,1
99da488e2f27626b.jpg,complex,0,0,0,0,0,1
c3b9d40f641afe41.jpg,powdery_mildew complex,0,0,0,0,1,1
84846d9648c3f77d.jpg,healthy,1,0,0,0,0,0
d51e2acf1df30285.jpg,scab,0,1,0,0,0,0
e94663ad9c2ee530.jpg,rust,0,0,0,1,0,0
8cd6ec1e7621e30b.jpg,complex,0,0,0,0,0,1
f8b3c10d8fdfc0c0.jpg,frog_eye_leaf_spot,0,0,1,0,0,0
ad5ac0c1c5e96735.jpg,complex,0,0,0,0,0,1
eb9b52d1bb02b425.jpg,scab,0,1,0,0,0,0
aaa8f1a0bb55d4b2.jpg,healthy,1,0,0,0,0,0
83d0cf2310be1ff1.jpg,scab,0,1,0,0,0,0
b6d2c384f10d2f96.jpg,frog_eye_leaf_spot,0,0,1,0,0,0
fdb184d0d9cd234a.jpg,healthy,1,0,0,0,0,0
e6f260b7b415d434.jpg,rust,0,0,0,1,0,0
dede496a0d012f0f.jpg,scab,0,1,0,0,0,0
e5b169ac895d4c66.jpg,scab,0,1,0,0,0,0
f09fca099f91881f.jpg,healthy,1,0,0,0,0,0
e3119307928fb375.jpg,complex,0,0,0,0,0,1
cfdf5e7de4801006.jpg,frog_eye_leaf_spot,0,0,1,0,0,0
dec62497d6c2194d.jpg,powdery_mildew,0,0,0,0,1,0
84e6b7af0f070ed0.jpg,complex,0,0,0,0,0,1
80f09587dfc7988e.jpg,rust,0,0,0,1,0,0
84d36a4db60d7653.jpg,scab,0,1,0,0,0,0
bcbc9194bd02566b.jpg,healthy,1,0,0,0,0,0
e493c289c66f313e.jpg,rust complex,0,0,0,1,0,1
858d396779517874.jpg,powdery_mildew,0,0,0,0,1,0
8222954dabf46ad7.jpg,complex,0,0,0,0,0,1
c22d66b2ac73b8ac.jpg,healthy,1,0,0,0,0,0
df293a954ec6249a.jpg,scab,0,1,0,0,0,0
ff80007f94bf9c50.jpg,rust,0,0,0,1,0,0
aaa3a3c34ae7a1d4.jpg,frog_eye_leaf_spot,0,0,1,0,0,0
d2bec3716ea20da8.jpg,frog_eye_leaf_spot,0,0,1,0,0,0
b46fe87692c50ba8.jpg,rust,0,0,0,1,0,0
a07c8d85566667ab.jpg,complex,0,0,0,0,0,1
b04dd238ddb254d5.jpg,healthy,1,0,0,0,0,0
b10bdb383c339a4b.jpg,frog_eye_leaf_spot,0,0,1,0,0,0
b07af06ecde90f20.jpg,complex,0,0,0,0,0,1
af53c8c83a9ce332.jpg,rust,0,0,0,1,0,0
a30283ff461df30e.jpg,scab,0,1,0,0,0,0
f435ce08387b46e9.jpg,powdery_mildew,0,0,0,0,1,0
81e229bc5e2eaa2f.jpg,scab,0,1,0,0,0,0
c2d3429b9f8d588d.jpg,scab,0,1,0,0,0,0
dcfdaa770621a1a8.jpg,frog_eye_leaf_spot,0,0,1,0,0,0
a3b91b0417d7de81.jpg,frog_eye_leaf_spot,0,0,1,0,0,0
ebd6720be20d354c.jpg,scab,0,1,0,0,0,0
e7c298d55c949c39.jpg,frog_eye_leaf_spot,0,0,1,0,0,0
f494deeb68c56150.jpg,healthy,1,0,0,0,0,0
cb18c829fdc633c9.jpg,scab,0,1,0,0,0,0
f4e5f048f45d08f4.jpg,healthy,1,0,0,0,0,0
fa85f08f521ef830.jpg,scab,0,1,0,0,0,0
c0f3931a78e1c6e6.jpg,frog_eye_leaf_spot,0,0,1,0,0,0
c1b98f4e3d25352a.jpg,healthy,1,0,0,0,0,0
9d788a91891b8f79.jpg,healthy,1,0,0,0,0,0
fd16c06dcde108f4.jpg,scab,0,1,0,0,0,0
f839d5b00f871c96.jpg,healthy,1,0,0,0,0,0
edd4c1cb0f9d3428.jpg,healthy,1,0,0,0,0,0
d0f977184aeff008.jpg,powdery_mildew,0,0,0,0,1,0
d3f77b6121cb0909.jpg,healthy,1,0,0,0,0,0
c4aaa98c6b8df315.jpg,scab,0,1,0,0,0,0
aab2d652cb521dc5.jpg,scab,0,1,0,0,0,0
c0843f6d9d1af895.jpg,powdery_mildew,0,0,0,0,1,0
9e5545d1a89c9ab5.jpg,frog_eye_leaf_spot,0,0,1,0,0,0
81bff2bd0a418cd5.jpg,scab,0,1,0,0,0,0
a1da16f659309f1c.jpg,healthy,1,0,0,0,0,0
e79420638f6e12f6.jpg,frog_eye_leaf_spot,0,0,1,0,0,0
cf7065c1868b82df.jpg,scab frog_eye_leaf_spot,0,1,1,0,0,0
b71d2ed1226a2d53.jpg,rust,0,0,0,1,0,0
b5aef6c1aa156922.jpg,complex,0,0,0,0,0,1
8ae23fc2603eb569.jpg,scab,0,1,0,0,0,0
f188cf314e132af9.jpg,frog_eye_leaf_spot,0,0,1,0,0,0
92e0d3568f0e2db6.jpg,scab,0,1,0,0,0,0
b1a48f3e491b3ce8.jpg,scab frog_eye_leaf_spot,0,1,1,0,0,0
afba6a878a9711c2.jpg,scab,0,1,0,0,0,0
82fbc0aac897d785.jpg,scab,0,1,0,0,0,0
c0ea06c9bfa5d8a6.jpg,scab,0,1,0,0,0,0
9b6a318cc5721d73.jpg,powdery_mildew,0,0,0,0,1,0
c0989fbf06716ba1.jpg,frog_eye_leaf_spot,0,0,1,0,0,0
89cdadcee4d43438.jpg,scab,0,1,0,0,0,0
bfb7e420d212c3c6.jpg,scab frog_eye_leaf_spot,0,1,1,0,0,0
e502a3f00fc5fe07.jpg,scab,0,1,0,0,0,0
daca2d309662bb99.jpg,healthy,1,0,0,0,0,0
f6b7d282c89cac0d.jpg,frog_eye_leaf_spot,0,0,1,0,0,0
85f59fcc60bcc701.jpg,healthy,1,0,0,0,0,0
cc9e079032bdb1cd.jpg,rust frog_eye_leaf_spot,0,0,1,1,0,0
ebc641c1c7e283ea.jpg,healthy,1,0,0,0,0,0
f0387bb0da855acc.jpg,frog_eye_leaf_spot,0,0,1,0,0,0
f69283c5cd6740a7.jpg,healthy,1,0,0,0,0,0
be8f90593134d3cc.jpg,complex,0,0,0,0,0,1
902b269c0ddbe3e5.jpg,rust,0,0,0,1,0,0
a7da82951078773b.jpg,healthy,1,0,0,0,0,0
9d48d164ee86678b.jpg,healthy,1,0,0,0,0,0
c5d6399c60be03f8.jpg,scab,0,1,0,0,0,0
a98081d51bdede0f.jpg,healthy,1,0,0,0,0,0
feb4c15ec94a9544.jpg,rust,0,0,0,1,0,0
a1a43bea926f6932.jpg,scab,0,1,0,0,0,0
d7d824eb48d7502e.jpg,healthy,1,0,0,0,0,0
f0dac1f4cd07a2b2.jpg,rust,0,0,0,1,0,0
d1d97b25a5c7502a.jpg,healthy,1,0,0,0,0,0
9ae094aff48315ea.jpg,scab,0,1,0,0,0,0
ef6d8576095a5982.jpg,rust,0,0,0,1,0,0
e8b095988f6b582f.jpg,complex,0,0,0,0,0,1
96a676c2a8bfc950.jpg,rust,0,0,0,1,0,0
b3e48dcd53d20d29.jpg,powdery_mildew complex,0,0,0,0,1,1
974834984e46b77b.jpg,powdery_mildew,0,0,0,0,1,0
dfa466523fb3a110.jpg,frog_eye_leaf_spot,0,0,1,0,0,0
c58ea38f303c9976.jpg,frog_eye_leaf_spot,0,0,1,0,0,0
bfef9081d499c609.jpg,healthy,1,0,0,0,0,0
c50aeff62a25ab84.jpg,powdery_mildew,0,0,0,0,1,0
8a972fc8126ef136.jpg,scab,0,1,0,0,0,0
9b0f6d12b4b336c2.jpg,frog_eye_leaf_spot,0,0,1,0,0,0
86fc580d66c66bd4.jpg,scab,0,1,0,0,0,0
80bf683dd70c3fa0.jpg,scab,0,1,0,0,0,0
a03e498e51ae57f4.jpg,frog_eye_leaf_spot,0,0,1,0,0,0
f4c00e3edcca3a39.jpg,rust,0,0,0,1,0,0
b4c925bb4ab2a555.jpg,frog_eye_leaf_spot,0,0,1,0,0,0
b71e6797c12486d4.jpg,healthy,1,0,0,0,0,0
bd528d0a1ee0f2e3.jpg,healthy,1,0,0,0,0,0
c26b6c6573674991.jpg,powdery_mildew,0,0,0,0,1,0
a8aa915abe68b565.jpg,healthy,1,0,0,0,0,0
bcd27b8e43638616.jpg,scab,0,1,0,0,0,0
96fc8cc2450defa4.jpg,frog_eye_leaf_spot,0,0,1,0,0,0
9997f32b363c3818.jpg,scab,0,1,0,0,0,0
f2a9148ff9da5450.jpg,scab frog_eye_leaf_spot,0,1,1,0,0,0
f875d06c1ae9a0b5.jpg,healthy,1,0,0,0,0,0
a48ddbe948f554a8.jpg,scab,0,1,0,0,0,0
c6692e2313d9f8c9.jpg,scab,0,1,0,0,0,0
b47e86749a321d4b.jpg,healthy,1,0,0,0,0,0
e28fd2359960e927.jpg,frog_eye_leaf_spot,0,0,1,0,0,0
cfaf3414911e9a78.jpg,frog_eye_leaf_spot,0,0,1,0,0,0
a7e917976a12233c.jpg,healthy,1,0,0,0,0,0
fa8f7558aa489694.jpg,rust,0,0,0,1,0,0
d6e22683f092f05f.jpg,powdery_mildew,0,0,0,0,1,0
8f29b095d11f82f5.jpg,scab frog_eye_leaf_spot,0,1,1,0,0,0
e7a782e08b0f1f54.jpg,complex,0,0,0,0,0,1
fc84f09c5b7c6168.jpg,complex,0,0,0,0,0,1
fd24ca4ac9ca8aae.jpg,healthy,1,0,0,0,0,0
ff285b448b6c84e5.jpg,frog_eye_leaf_spot,0,0,1,0,0,0
a8c0747f0c9a63eb.jpg,healthy,1,0,0,0,0,0
b0dfcd898ac115f8.jpg,healthy,1,0,0,0,0,0
cea13e1073b2c25f.jpg,healthy,1,0,0,0,0,0
afc5cbb900ab56a4.jpg,frog_eye_leaf_spot,0,0,1,0,0,0
a0ded23d382532f3.jpg,rust,0,0,0,1,0,0
9dff08c36ca1037a.jpg,healthy,1,0,0,0,0,0
fca480ce8fce8c87.jpg,frog_eye_leaf_spot,0,0,1,0,0,0
ddec1e9cc21c270d.jpg,scab,0,1,0,0,0,0
d0dd3c34c2954d7a.jpg,rust,0,0,0,1,0,0
acaf965e59693150.jpg,scab,0,1,0,0,0,0
c04fd22fcea4cf90.jpg,frog_eye_leaf_spot,0,0,1,0,0,0
9fb7dfb1a0436003.jpg,frog_eye_leaf_spot,0,0,1,0,0,0
f7a6917c9b4c5444.jpg,healthy,1,0,0,0,0,0
c4c206aeb43bbad3.jpg,rust,0,0,0,1,0,0
e7b7c571f108611c.jpg,powdery_mildew,0,0,0,0,1,0
fc6b801addb05ce1.jpg,scab frog_eye_leaf_spot,0,1,1,0,0,0
b4689274cab6d89b.jpg,healthy,1,0,0,0,0,0
de8ed0f86c6262f0.jpg,healthy,1,0,0,0,0,0
d9873876fce2422c.jpg,scab,0,1,0,0,0,0
97eb17c48a16ec0b.jpg,scab,0,1,0,0,0,0
c2883f3c52b2e29f.jpg,healthy,1,0,0,0,0,0
f5e9d20dbda8600b.jpg,rust,0,0,0,1,0,0
b5b0f48e17256f48.jpg,complex,0,0,0,0,0,1
d42a9acd4a98a5bb.jpg,frog_eye_leaf_spot,0,0,1,0,0,0
f6b1f2d2823a193c.jpg,healthy,1,0,0,0,0,0
c8d2da9a82c6e3ad.jpg,healthy,1,0,0,0,0,0
e181f99f84663353.jpg,healthy,1,0,0,0,0,0
a4a0b4d39747db43.jpg,complex,0,0,0,0,0,1
91e4cd8a1cd381f7.jpg,complex,0,0,0,0,0,1
d8c973f3d121d0d1.jpg,complex,0,0,0,0,0,1
fa04e7286fcd6254.jpg,scab,0,1,0,0,0,0
fc1cd80c0be96c73.jpg,scab,0,1,0,0,0,0
b5a7434d3d84369c.jpg,healthy,1,0,0,0,0,0
f39913d6da357408.jpg,powdery_mildew complex,0,0,0,0,1,1
d0a953c03d96e98f.jpg,rust,0,0,0,1,0,0
c19dc333f7a318c2.jpg,scab,0,1,0,0,0,0
e1f112f8656464af.jpg,healthy,1,0,0,0,0,0
cd27ce297630c761.jpg,complex,0,0,0,0,0,1
e876271f32e0899e.jpg,scab,0,1,0,0,0,0
a9aafd0b042b0aef.jpg,frog_eye_leaf_spot,0,0,1,0,0,0
bf8124945878fba9.jpg,rust,0,0,0,1,0,0
bad6cdcbc493a064.jpg,rust,0,0,0,1,0,0
c931fa18cede0e85.jpg,scab,0,1,0,0,0,0
dec53a0f92d0926b.jpg,rust,0,0,0,1,0,0
95b0ca6c25bd3e92.jpg,rust,0,0,0,1,0,0
ba84d297977c0359.jpg,frog_eye_leaf_spot,0,0,1,0,0,0
c23fc6deb209d581.jpg,scab,0,1,0,0,0,0
d6c992e9d084e3a7.jpg,healthy,1,0,0,0,0,0
c9b8af646aa45a6a.jpg,scab,0,1,0,0,0,0
87e237d25043537b.jpg,scab,0,1,0,0,0,0
f592d2c0d8c4e4ee.jpg,scab frog_eye_leaf_spot complex,0,1,1,0,0,1
c0eb21e0177473fc.jpg,scab,0,1,0,0,0,0
851aa29da98f734b.jpg,healthy,1,0,0,0,0,0
b3eba582cc133e15.jpg,scab,0,1,0,0,0,0
e800dc769d37607e.jpg,scab,0,1,0,0,0,0
fc738523d240a7cd.jpg,healthy,1,0,0,0,0,0
c20f1f383de0f187.jpg,healthy,1,0,0,0,0,0
b35272c80b6cdbb1.jpg,rust,0,0,0,1,0,0
e564e12fd90c629d.jpg,frog_eye_leaf_spot,0,0,1,0,0,0
f58ade26a1213b47.jpg,frog_eye_leaf_spot,0,0,1,0,0,0
e439880f1f279cdc.jpg,scab,0,1,0,0,0,0
a0b13faf4bfa028c.jpg,powdery_mildew,0,0,0,0,1,0
9eb19ebb49637012.jpg,scab frog_eye_leaf_spot complex,0,1,1,0,0,1
d65aa18e45f43716.jpg,rust,0,0,0,1,0,0
b1f5e1c10f1d7c84.jpg,complex,0,0,0,0,0,1
9c424fe52dd606f8.jpg,scab,0,1,0,0,0,0
a7c9981fcfb090cc.jpg,healthy,1,0,0,0,0,0
e89a5f6a10c72b47.jpg,scab,0,1,0,0,0,0
c3d616cef84e9189.jpg,scab,0,1,0,0,0,0
ac30968e6fb4d8e1.jpg,healthy,1,0,0,0,0,0
db1cc9eb32b29065.jpg,powdery_mildew,0,0,0,0,1,0
f3a7adb096e00b8a.jpg,healthy,1,0,0,0,0,0
d710eb3087f21f85.jpg,healthy,1,0,0,0,0,0
b88497add352d855.jpg,scab,0,1,0,0,0,0
96aa05317cd2ed87.jpg,frog_eye_leaf_spot,0,0,1,0,0,0
f9a989fd50e0f380.jpg,healthy,1,0,0,0,0,0
c19e23eba2484bf6.jpg,scab,0,1,0,0,0,0
94a0d880a99fb5fd.jpg,healthy,1,0,0,0,0,0
8cce72795432b595.jpg,frog_eye_leaf_spot,0,0,1,0,0,0
a5565a9bc1b522b6.jpg,frog_eye_leaf_spot,0,0,1,0,0,0
fa7187d08ea49c96.jpg,frog_eye_leaf_spot,0,0,1,0,0,0
a829cb961deda507.jpg,healthy,1,0,0,0,0,0
a0b29297da5db265.jpg,complex,0,0,0,0,0,1
ed6eb5941c8e5603.jpg,scab,0,1,0,0,0,0
9a55474ae85f0f07.jpg,rust,0,0,0,1,0,0
c171f7e1ae7b5001.jpg,complex,0,0,0,0,0,1
fd1bc57aaca91403.jpg,frog_eye_leaf_spot,0,0,1,0,0,0
9c68e27cf8274347.jpg,rust,0,0,0,1,0,0
a7a7479ea438515a.jpg,healthy,1,0,0,0,0,0
aa6fdfb645aa0288.jpg,healthy,1,0,0,0,0,0
c5ab69313ed81c1e.jpg,frog_eye_leaf_spot,0,0,1,0,0,0
d613bdc58cc622da.jpg,healthy,1,0,0,0,0,0
e087029f97b19ce9.jpg,frog_eye_leaf_spot,0,0,1,0,0,0
eff087cf823c0871.jpg,healthy,1,0,0,0,0,0
f59cc31c16794e0d.jpg,frog_eye_leaf_spot,0,0,1,0,0,0
a538c4cde8a74397.jpg,scab,0,1,0,0,0,0
c5ce0dc3f197321a.jpg,complex,0,0,0,0,0,1
d7c8391a178eead0.jpg,complex,0,0,0,0,0,1
aa542048ebf78bf4.jpg,rust,0,0,0,1,0,0
ac91325ad94f5ac5.jpg,scab,0,1,0,0,0,0
e5a3c29e7c889b51.jpg,complex,0,0,0,0,0,1
e8c7c06f8f701d70.jpg,scab,0,1,0,0,0,0
db30cff078b57108.jpg,powdery_mildew,0,0,0,0,1,0
81aba2e1c0f7fce0.jpg,scab frog_eye_leaf_spot,0,1,1,0,0,0
c47fee3be41ac003.jpg,scab,0,1,0,0,0,0
c95f80dded04be24.jpg,rust,0,0,0,1,0,0
97c238b84983b5be.jpg,healthy,1,0,0,0,0,0
c9623b03e270e7f1.jpg,scab,0,1,0,0,0,0
fa07905acbe1c54b.jpg,scab frog_eye_leaf_spot complex,0,1,1,0,0,1
cd372f87c026994d.jpg,healthy,1,0,0,0,0,0
bfc5c085da93f812.jpg,frog_eye_leaf_spot,0,0,1,0,0,0
f25aebd0e42e13e0.jpg,frog_eye_leaf_spot,0,0,1,0,0,0
b6dbb6c1c5054aac.jpg,frog_eye_leaf_spot,0,0,1,0,0,0
fad4d0ffda104b20.jpg,healthy,1,0,0,0,0,0
9fcd0929d22d3353.jpg,healthy,1,0,0,0,0,0
f89143cf1938b93a.jpg,scab,0,1,0,0,0,0
f4c54dca682a7273.jpg,complex,0,0,0,0,0,1
87987eded470206b.jpg,healthy,1,0,0,0,0,0
8786b9c211deaae6.jpg,frog_eye_leaf_spot,0,0,1,0,0,0
c1dc6b39701eca8e.jpg,powdery_mildew,0,0,0,0,1,0
8566d38ac2f03acf.jpg,scab,0,1,0,0,0,0
a5b29dc5585cd03d.jpg,healthy,1,0,0,0,0,0
fbcb0ad829aeae80.jpg,healthy,1,0,0,0,0,0
b0019f8e627ee3c3.jpg,powdery_mildew,0,0,0,0,1,0
fd225b26a916789a.jpg,healthy,1,0,0,0,0,0
b245ad8f4593e853.jpg,frog_eye_leaf_spot,0,0,1,0,0,0
99ae3b3272f26151.jpg,frog_eye_leaf_spot,0,0,1,0,0,0
b97641b9c856a3b1.jpg,powdery_mildew,0,0,0,0,1,0
c2933ec14cd7e01f.jpg,scab,0,1,0,0,0,0
e0bfc0a8dde48ee0.jpg,frog_eye_leaf_spot,0,0,1,0,0,0
b1cfcc3116f6c0e4.jpg,rust,0,0,0,1,0,0
bbe081cb0faf3c0c.jpg,healthy,1,0,0,0,0,0
83adbb852cf30c36.jpg,scab,0,1,0,0,0,0
80c61d6b492d76b7.jpg,healthy,1,0,0,0,0,0
bcd2f0e0d9665a26.jpg,healthy,1,0,0,0,0,0
dcd785ca8bb4a813.jpg,frog_eye_leaf_spot,0,0,1,0,0,0
dce1a07f48253f15.jpg,healthy,1,0,0,0,0,0
e475c8c0b73663b1.jpg,frog_eye_leaf_spot,0,0,1,0,0,0
9afc39ec9c9268a4.jpg,frog_eye_leaf_spot,0,0,1,0,0,0
b96c37878ae206f1.jpg,rust,0,0,0,1,0,0
cea8cd6830b4bd1d.jpg,frog_eye_leaf_spot,0,0,1,0,0,0
afc0d4dadac0c9c5.jpg,healthy,1,0,0,0,0,0
db2f3e70991c2784.jpg,powdery_mildew,0,0,0,0,1,0
dda168a1738722cf.jpg,scab,0,1,0,0,0,0
e9b9e1c38b908b3a.jpg,frog_eye_leaf_spot,0,0,1,0,0,0
ef46343f83c06b31.jpg,rust,0,0,0,1,0,0
aad29ff152bd8106.jpg,healthy,1,0,0,0,0,0
c2864cf04987fb9b.jpg,healthy,1,0,0,0,0,0
b7c4d3af4d872601.jpg,scab frog_eye_leaf_spot complex,0,1,1,0,0,1
ee7856172b466907.jpg,complex,0,0,0,0,0,1
90e0dffc8bb8889a.jpg,scab,0,1,0,0,0,0
cfc2ce06e432be0b.jpg,healthy,1,0,0,0,0,0
f0bb1fe0094de6a4.jpg,frog_eye_leaf_spot,0,0,1,0,0,0
c3c8e29ccce80f2f.jpg,healthy,1,0,0,0,0,0
ef19769f502328aa.jpg,frog_eye_leaf_spot,0,0,1,0,0,0
c3feb3bd80906c0e.jpg,scab,0,1,0,0,0,0
9d7be083970272ce.jpg,scab,0,1,0,0,0,0
b38aa9e091776d25.jpg,scab,0,1,0,0,0,0
f137c8269fa812ea.jpg,powdery_mildew complex,0,0,0,0,1,1
a82dca8f1d524ead.jpg,frog_eye_leaf_spot,0,0,1,0,0,0
f8da5781ba9c90b8.jpg,healthy,1,0,0,0,0,0
dcac2cd3601ba96e.jpg,healthy,1,0,0,0,0,0
f590901259eee56e.jpg,powdery_mildew,0,0,0,0,1,0
b4c59a3ec8714537.jpg,scab,0,1,0,0,0,0
c64c69f0bb8b146b.jpg,rust,0,0,0,1,0,0
e36f1368c0613be9.jpg,frog_eye_leaf_spot,0,0,1,0,0,0
cd415a3d62dc74b1.jpg,rust frog_eye_leaf_spot,0,0,1,1,0,0
f4b5bafa1380f1c0.jpg,frog_eye_leaf_spot,0,0,1,0,0,0
91a12f3a425635ef.jpg,rust,0,0,0,1,0,0
942d5a2933b7e8d8.jpg,rust,0,0,0,1,0,0
f295b6e816ae7881.jpg,frog_eye_leaf_spot,0,0,1,0,0,0
d58adbc42d7e4311.jpg,frog_eye_leaf_spot,0,0,1,0,0,0
a187da51ddb82c3a.jpg,rust complex,0,0,0,1,0,1
bd0a909f69c97865.jpg,healthy,1,0,0,0,0,0
d8e73162170ed36a.jpg,scab,0,1,0,0,0,0
8fff218af41b402b.jpg,scab,0,1,0,0,0,0
ff81926dad3c3034.jpg,scab,0,1,0,0,0,0
bc90b50b928fe88f.jpg,powdery_mildew,0,0,0,0,1,0
c9a5345ec78b4ac5.jpg,healthy,1,0,0,0,0,0
aff1d603c8cfe480.jpg,healthy,1,0,0,0,0,0
fd4e27ef818b8d00.jpg,healthy,1,0,0,0,0,0
bf1dc1e4e48360cd.jpg,scab,0,1,0,0,0,0
e694e6e23df37800.jpg,scab,0,1,0,0,0,0
c2b6ecbaa26988e9.jpg,frog_eye_leaf_spot,0,0,1,0,0,0
9c6eed874623c98a.jpg,scab,0,1,0,0,0,0
f528cbb0c5c1f0cd.jpg,healthy,1,0,0,0,0,0
94e1c6c79e9f0968.jpg,complex,0,0,0,0,0,1
b44990446afe1fa7.jpg,healthy,1,0,0,0,0,0
a9e9391e1b99e701.jpg,rust,0,0,0,1,0,0
f07ac3cb2e652075.jpg,scab,0,1,0,0,0,0
b534e4a18bb345d3.jpg,scab,0,1,0,0,0,0
9b969e916cd54c26.jpg,rust,0,0,0,1,0,0
f253ade231990f98.jpg,frog_eye_leaf_spot,0,0,1,0,0,0
845b4ea19d3259bd.jpg,complex,0,0,0,0,0,1
c0fd602ab65af570.jpg,scab,0,1,0,0,0,0
a4cb96a761f101be.jpg,healthy,1,0,0,0,0,0
a5ecb8a61407ff88.jpg,rust,0,0,0,1,0,0
f7e88294feb460c1.jpg,rust,0,0,0,1,0,0
92adca6d9536c50b.jpg,rust frog_eye_leaf_spot,0,0,1,1,0,0
c097369c316ecb2e.jpg,frog_eye_leaf_spot,0,0,1,0,0,0
8d7738de63c21638.jpg,complex,0,0,0,0,0,1
e9a7cebcc41840bd.jpg,frog_eye_leaf_spot,0,0,1,0,0,0
f9b4649d1d5414b5.jpg,frog_eye_leaf_spot,0,0,1,0,0,0
fe8ac0bce3303ec2.jpg,scab,0,1,0,0,0,0
ea0b20d38ac1fb9b.jpg,scab,0,1,0,0,0,0
94c83b2d5fad6924.jpg,complex,0,0,0,0,0,1
c0371be857ae29d8.jpg,healthy,1,0,0,0,0,0
db641bc5863fc4c8.jpg,scab,0,1,0,0,0,0
a26add35f4737005.jpg,healthy,1,0,0,0,0,0
97b896d0ae85f48c.jpg,scab,0,1,0,0,0,0
dcfa8a9407389b8e.jpg,complex,0,0,0,0,0,1
f50ec2de4d85255a.jpg,healthy,1,0,0,0,0,0
ea8593ae51b6394a.jpg,healthy,1,0,0,0,0,0
f1d1cd9f8e5088c6.jpg,scab,0,1,0,0,0,0
fed8c4e5c441bf10.jpg,healthy,1,0,0,0,0,0
a1a5d2a29ba355f8.jpg,healthy,1,0,0,0,0,0
8572916f59a569b2.jpg,healthy,1,0,0,0,0,0
f85a0fdfbc440551.jpg,frog_eye_leaf_spot,0,0,1,0,0,0
fba4dc930093135f.jpg,healthy,1,0,0,0,0,0
97c0b0da91cbcb53.jpg,healthy,1,0,0,0,0,0
bbe5d2cf4411ad0a.jpg,scab,0,1,0,0,0,0
8fc97529613d34b8.jpg,rust,0,0,0,1,0,0
d53b5a1c21ce4576.jpg,healthy,1,0,0,0,0,0
e48e829a29b57b17.jpg,frog_eye_leaf_spot,0,0,1,0,0,0
e0ea13c36b1da4bc.jpg,rust,0,0,0,1,0,0
de6a92f57ab82a01.jpg,scab,0,1,0,0,0,0
d903386fdb02467b.jpg,rust,0,0,0,1,0,0
dc4088f0cd3a6cf7.jpg,frog_eye_leaf_spot,0,0,1,0,0,0
feaae188cb5e4e20.jpg,healthy,1,0,0,0,0,0
d092138f877f2587.jpg,scab,0,1,0,0,0,0
ffb0d5d0c20b9c25.jpg,healthy,1,0,0,0,0,0
90df041af16d7d86.jpg,complex,0,0,0,0,0,1
a4dcd6e5acc3508b.jpg,rust frog_eye_leaf_spot,0,0,1,1,0,0
9f63f1bcdcc98880.jpg,scab,0,1,0,0,0,0
d38b83d8c7b07730.jpg,healthy,1,0,0,0,0,0
f5e90e5a31de0629.jpg,powdery_mildew,0,0,0,0,1,0
d652e35f2a4ea911.jpg,scab,0,1,0,0,0,0
d2ffc1e0d5c0ab14.jpg,scab,0,1,0,0,0,0
ea496d75342a52ba.jpg,healthy,1,0,0,0,0,0
d9760ec07bce7109.jpg,healthy,1,0,0,0,0,0
a39bd3c311438f3c.jpg,healthy,1,0,0,0,0,0
9587708423af6b3e.jpg,scab,0,1,0,0,0,0
858fa9a9951af1a5.jpg,scab,0,1,0,0,0,0
d19c43b867a66dc4.jpg,scab,0,1,0,0,0,0
8ce4949ec3d22bb3.jpg,healthy,1,0,0,0,0,0
af80f7255515c6aa.jpg,scab,0,1,0,0,0,0
fd49d0c0099e699f.jpg,healthy,1,0,0,0,0,0
a887c015cdd79c97.jpg,rust,0,0,0,1,0,0
dd96685aac299565.jpg,scab,0,1,0,0,0,0
db5b009bd9f11bc0.jpg,scab,0,1,0,0,0,0
adb6d23dcb00cd98.jpg,scab frog_eye_leaf_spot,0,1,1,0,0,0
902f22b09aede0fd.jpg,scab,0,1,0,0,0,0
fee0c226cf3cdc10.jpg,frog_eye_leaf_spot,0,0,1,0,0,0
f1069ff01927b13a.jpg,scab,0,1,0,0,0,0
96e16b4238f71d07.jpg,scab,0,1,0,0,0,0
e9e5c872e41f90a3.jpg,rust,0,0,0,1,0,0
bdd88195453a2f2b.jpg,scab,0,1,0,0,0,0
82ad04966efe689d.jpg,scab frog_eye_leaf_spot,0,1,1,0,0,0
95cab59a81d48fd1.jpg,scab,0,1,0,0,0,0
aa3d9308b55ee057.jpg,scab,0,1,0,0,0,0
e5bac1891a8d3e3c.jpg,scab,0,1,0,0,0,0
d8dd67270f2446d2.jpg,healthy,1,0,0,0,0,0
d4a430cc663792fe.jpg,complex,0,0,0,0,0,1
b8e9d2b44f0b0e35.jpg,scab,0,1,0,0,0,0
e1d230be40292dff.jpg,scab,0,1,0,0,0,0
b2c1c3edcd1174a9.jpg,frog_eye_leaf_spot,0,0,1,0,0,0
d7a870be81f03b13.jpg,scab,0,1,0,0,0,0
ba02d79a8ad43dc6.jpg,rust,0,0,0,1,0,0
fc30e4c90bd4919f.jpg,rust,0,0,0,1,0,0
c40a6334177eafc3.jpg,frog_eye_leaf_spot,0,0,1,0,0,0
c1b0c5d526cc6aed.jpg,healthy,1,0,0,0,0,0
d9e3cc33269f2708.jpg,rust,0,0,0,1,0,0
f981800387e7d3d7.jpg,scab,0,1,0,0,0,0
aa4c3b98b9399393.jpg,rust,0,0,0,1,0,0
c4cf8f8aec981c4b.jpg,scab,0,1,0,0,0,0
cbc337f84e0ce162.jpg,frog_eye_leaf_spot,0,0,1,0,0,0
d7f40ec4f4db2281.jpg,frog_eye_leaf_spot,0,0,1,0,0,0
89ee37336341ce4c.jpg,healthy,1,0,0,0,0,0
f58d7b3d04c2945a.jpg,healthy,1,0,0,0,0,0
a1f1b7de92d0882d.jpg,scab,0,1,0,0,0,0
94ca4fa57fcb204a.jpg,scab,0,1,0,0,0,0
bf35949388caa99c.jpg,scab,0,1,0,0,0,0
ea54939ac84fd88e.jpg,healthy,1,0,0,0,0,0
ac604fda8e8d2979.jpg,powdery_mildew,0,0,0,0,1,0
9ce0f29a1a93aad3.jpg,frog_eye_leaf_spot,0,0,1,0,0,0
91673f856431749b.jpg,scab,0,1,0,0,0,0
ff0785078fc3548a.jpg,frog_eye_leaf_spot,0,0,1,0,0,0
a96d9404de7f5921.jpg,scab frog_eye_leaf_spot,0,1,1,0,0,0
e0b4800fdf171cee.jpg,scab frog_eye_leaf_spot complex,0,1,1,0,0,1
f5c585d68d83d093.jpg,powdery_mildew,0,0,0,0,1,0
e93e94c2fe2706c2.jpg,scab,0,1,0,0,0,0
ccec54723ff91860.jpg,scab,0,1,0,0,0,0
b09b99d999d900ee.jpg,scab,0,1,0,0,0,0
fd1ec278190f9b21.jpg,healthy,1,0,0,0,0,0
cee01c8ff02fea21.jpg,scab,0,1,0,0,0,0
9f9fc8097da181d2.jpg,healthy,1,0,0,0,0,0
d2b6c5c919bb6911.jpg,frog_eye_leaf_spot,0,0,1,0,0,0
c0642fcf6b8bb10e.jpg,healthy,1,0,0,0,0,0
aa8497a043736bdd.jpg,healthy,1,0,0,0,0,0
b5a5c3869d951a5a.jpg,healthy,1,0,0,0,0,0
a03dc786dcc63c8b.jpg,rust,0,0,0,1,0,0
f4b3d2a98b80c9c7.jpg,frog_eye_leaf_spot,0,0,1,0,0,0
a564c234e5cd3e4d.jpg,complex,0,0,0,0,0,1
9a9f9a25945661d5.jpg,healthy,1,0,0,0,0,0
e306368eef675016.jpg,healthy,1,0,0,0,0,0
a24a92cbdada4b8b.jpg,scab frog_eye_leaf_spot,0,1,1,0,0,0
ad42c4899ef1f0d3.jpg,complex,0,0,0,0,0,1
f0f80cc1788e71bd.jpg,healthy,1,0,0,0,0,0
bb92259da5fbc500.jpg,healthy,1,0,0,0,0,0
80903293f2f9f7f0.jpg,scab,0,1,0,0,0,0
8f8fe24b80e21cb7.jpg,complex,0,0,0,0,0,1
f088c2842fe3763f.jpg,rust,0,0,0,1,0,0
c3f2363f645652e0.jpg,complex,0,0,0,0,0,1
aa7434c298747cdb.jpg,powdery_mildew,0,0,0,0,1,0
dafc78c530769170.jpg,healthy,1,0,0,0,0,0
b690d7f5c8920b8d.jpg,scab,0,1,0,0,0,0
d6eea4a558882f5a.jpg,frog_eye_leaf_spot,0,0,1,0,0,0
c8b075f207d71dd0.jpg,scab,0,1,0,0,0,0
c5fb74a23fd31402.jpg,complex,0,0,0,0,0,1
efc0c0cbc18d8f0f.jpg,healthy,1,0,0,0,0,0
d83f491ee124bce2.jpg,scab,0,1,0,0,0,0
fef4d0928b8d6d04.jpg,scab,0,1,0,0,0,0
d5795a2b9546a968.jpg,healthy,1,0,0,0,0,0
c4870a4d48f8f7b5.jpg,frog_eye_leaf_spot,0,0,1,0,0,0
ebc13593de2d208e.jpg,complex,0,0,0,0,0,1
85b79e87c28232de.jpg,scab,0,1,0,0,0,0
f59f4a4a74ee0161.jpg,complex,0,0,0,0,0,1
d8b4b4f49aed9602.jpg,frog_eye_leaf_spot,0,0,1,0,0,0
fd9790d658283ce1.jpg,complex,0,0,0,0,0,1
cd9003bc0be0bafb.jpg,healthy,1,0,0,0,0,0
b427faf2c2c1c8c9.jpg,scab frog_eye_leaf_spot,0,1,1,0,0,0
f88c838f5e6b1866.jpg,rust,0,0,0,1,0,0
b46943de9b9033c9.jpg,rust frog_eye_leaf_spot,0,0,1,1,0,0
cc07acf417d8b4d2.jpg,rust,0,0,0,1,0,0
b090dbc1cd87683f.jpg,scab,0,1,0,0,0,0
c5fd266a99322563.jpg,rust,0,0,0,1,0,0
85b90c94badad92d.jpg,healthy,1,0,0,0,0,0
a304cc79f10c9fc7.jpg,rust,0,0,0,1,0,0
d86989dacd862cae.jpg,healthy,1,0,0,0,0,0
c9a4ab78d6fc8429.jpg,frog_eye_leaf_spot,0,0,1,0,0,0
90848dba978dbbe4.jpg,healthy,1,0,0,0,0,0
cd51d0cd9edbc80a.jpg,complex,0,0,0,0,0,1
caaf5551b7585458.jpg,scab frog_eye_leaf_spot complex,0,1,1,0,0,1
82446fe37dd1558a.jpg,scab,0,1,0,0,0,0
f93e6febc1048303.jpg,powdery_mildew,0,0,0,0,1,0
a8bdb5d25a2d803d.jpg,rust,0,0,0,1,0,0
bd9dca68a44dd505.jpg,healthy,1,0,0,0,0,0
b8b7c08cb7758499.jpg,healthy,1,0,0,0,0,0
a696d1595d791c38.jpg,frog_eye_leaf_spot,0,0,1,0,0,0
809339deb2d6a50f.jpg,scab,0,1,0,0,0,0
f00463477e37721b.jpg,frog_eye_leaf_spot,0,0,1,0,0,0
ccc271bd3831dd8c.jpg,scab,0,1,0,0,0,0
85929aad6d5591d9.jpg,healthy,1,0,0,0,0,0
a553d00d8a2cd77d.jpg,healthy,1,0,0,0,0,0
f1bcf780c987d085.jpg,healthy,1,0,0,0,0,0
e4f19402ce83f13f.jpg,healthy,1,0,0,0,0,0
b05c512ff9bd80cc.jpg,healthy,1,0,0,0,0,0
a1e586469c8a5f9d.jpg,frog_eye_leaf_spot,0,0,1,0,0,0
ccc1f9631f608b36.jpg,scab,0,1,0,0,0,0
beed80848d970e8f.jpg,healthy,1,0,0,0,0,0
fbea0f44b2909a78.jpg,scab,0,1,0,0,0,0
c8c93c3462637abb.jpg,healthy,1,0,0,0,0,0
c0993f636f1c342e.jpg,healthy,1,0,0,0,0,0
ad9c983eb16043d7.jpg,frog_eye_leaf_spot,0,0,1,0,0,0
d27aa0c0a3fd5a8d.jpg,frog_eye_leaf_spot,0,0,1,0,0,0
a09f86e08fc5e03f.jpg,healthy,1,0,0,0,0,0
a89491d24bcdadcb.jpg,rust,0,0,0,1,0,0
e115c7628a4bb97c.jpg,frog_eye_leaf_spot,0,0,1,0,0,0
8c87cad70b3110ff.jpg,scab,0,1,0,0,0,0
c9d232342de1eacd.jpg,healthy,1,0,0,0,0,0
d1e6996e535883b4.jpg,frog_eye_leaf_spot,0,0,1,0,0,0
85cd583c276236b7.jpg,healthy,1,0,0,0,0,0
eff2de8b21a83142.jpg,healthy,1,0,0,0,0,0
bff1b1f49a50ba00.jpg,scab frog_eye_leaf_spot,0,1,1,0,0,0
f8b09e9b387b6520.jpg,healthy,1,0,0,0,0,0
ece5d4e4d517029a.jpg,frog_eye_leaf_spot,0,0,1,0,0,0
aa988e9f410f2f78.jpg,frog_eye_leaf_spot,0,0,1,0,0,0
c2af25a69c69cb0b.jpg,rust,0,0,0,1,0,0
fbf4f18092936983.jpg,scab,0,1,0,0,0,0
cebdc20f67838631.jpg,scab,0,1,0,0,0,0
a937a4fa4b6849d2.jpg,rust,0,0,0,1,0,0
fc5fd028d2a988f4.jpg,scab frog_eye_leaf_spot,0,1,1,0,0,0
d4f9f8751a070927.jpg,scab,0,1,0,0,0,0
c0c063eb2afc3ab5.jpg,scab,0,1,0,0,0,0
cfcc7250b45598ba.jpg,scab,0,1,0,0,0,0
8780b7319e719c75.jpg,scab,0,1,0,0,0,0
b6b1c9db9a4c3ca0.jpg,healthy,1,0,0,0,0,0
9bb5e02ac7181f96.jpg,scab,0,1,0,0,0,0
fe1946598f8a36c4.jpg,healthy,1,0,0,0,0,0
96b62014c1faf5cb.jpg,scab,0,1,0,0,0,0
b6b26a5b416d6562.jpg,frog_eye_leaf_spot,0,0,1,0,0,0
d4f0c6b399cec146.jpg,scab,0,1,0,0,0,0
e5144f7b52721a4e.jpg,scab,0,1,0,0,0,0
a3be97d1c208cf85.jpg,complex,0,0,0,0,0,1
a2796ae107dba543.jpg,frog_eye_leaf_spot,0,0,1,0,0,0
b05f82db0a733837.jpg,complex,0,0,0,0,0,1
b0c9bbcd98f06532.jpg,scab frog_eye_leaf_spot,0,1,1,0,0,0
bac88b26d430da7b.jpg,scab,0,1,0,0,0,0
80789c79f4d1a3d3.jpg,healthy,1,0,0,0,0,0
92a925c0f3ebe9e0.jpg,healthy,1,0,0,0,0,0
b689969a3872e1e3.jpg,scab frog_eye_leaf_spot,0,1,1,0,0,0
a67a28ca69af650d.jpg,rust,0,0,0,1,0,0
98856a7a986d5d0f.jpg,healthy,1,0,0,0,0,0
839b78511eb468be.jpg,powdery_mildew,0,0,0,0,1,0
ac29c3b15dd2611f.jpg,scab,0,1,0,0,0,0
9cbe2fc23d4d041e.jpg,scab,0,1,0,0,0,0
b3c53593a49d8a99.jpg,powdery_mildew,0,0,0,0,1,0
fde3430cb81337b0.jpg,frog_eye_leaf_spot,0,0,1,0,0,0
9cd265633b10ccfc.jpg,scab,0,1,0,0,0,0
da45e0fa5bccbd00.jpg,rust,0,0,0,1,0,0
e58798b2d87305c7.jpg,healthy,1,0,0,0,0,0
94b78d183adc3b43.jpg,healthy,1,0,0,0,0,0
d30d238b3fcb2ca2.jpg,complex,0,0,0,0,0,1
9a9a949b9af85915.jpg,rust,0,0,0,1,0,0
8c9eda58a1ead48d.jpg,complex,0,0,0,0,0,1
ae77c485ca326565.jpg,scab,0,1,0,0,0,0
8ae697e621956571.jpg,rust,0,0,0,1,0,0
adbb95a75a8445c4.jpg,healthy,1,0,0,0,0,0
fe958ad8094f684e.jpg,healthy,1,0,0,0,0,0
9fd2d773128aa894.jpg,frog_eye_leaf_spot,0,0,1,0,0,0
af7df54ac0a80a74.jpg,healthy,1,0,0,0,0,0
b54bd25dc9ea2506.jpg,scab,0,1,0,0,0,0
8ca37e337cf02c32.jpg,scab,0,1,0,0,0,0
f0eb97c70a9e8988.jpg,scab frog_eye_leaf_spot,0,1,1,0,0,0
dde793d8e601c432.jpg,scab,0,1,0,0,0,0
c2cc858d98f3e687.jpg,powdery_mildew complex,0,0,0,0,1,1
ad81d5c53ae0cbb2.jpg,rust,0,0,0,1,0,0
c1f5c98a158daa7c.jpg,healthy,1,0,0,0,0,0
b81ee29c56d3c662.jpg,complex,0,0,0,0,0,1
d11730c8c93576db.jpg,healthy,1,0,0,0,0,0
c5df20c07bc15bc9.jpg,frog_eye_leaf_spot complex,0,0,1,0,0,1
f731cde09829c6e8.jpg,frog_eye_leaf_spot,0,0,1,0,0,0
ad98cae06d6a25ba.jpg,scab,0,1,0,0,0,0
d0cf98716466b69c.jpg,complex,0,0,0,0,0,1
aa2c92c0d05fb9af.jpg,scab,0,1,0,0,0,0
fdf0043206b37f07.jpg,healthy,1,0,0,0,0,0
ab8882d99fc7cb0a.jpg,healthy,1,0,0,0,0,0
bf2b864284de09de.jpg,scab frog_eye_leaf_spot,0,1,1,0,0,0
c7d5199a657b900b.jpg,healthy,1,0,0,0,0,0
de484fa1f35ca4b0.jpg,complex,0,0,0,0,0,1
9149711587a94ff5.jpg,scab,0,1,0,0,0,0
a16cb5978fd34a18.jpg,healthy,1,0,0,0,0,0
dd908073432fcc6f.jpg,frog_eye_leaf_spot,0,0,1,0,0,0
d66a0b1639ff64c0.jpg,rust complex,0,0,0,1,0,1
d269b2ad70962f92.jpg,scab,0,1,0,0,0,0
f707c71ec07041f3.jpg,healthy,1,0,0,0,0,0
e4f9a5d731ea1260.jpg,healthy,1,0,0,0,0,0
c0c62f918de5bc0f.jpg,complex,0,0,0,0,0,1
ada4ea8875751a36.jpg,healthy,1,0,0,0,0,0
e80ec5c01fc717e3.jpg,healthy,1,0,0,0,0,0
cbbc2d2e8f604371.jpg,powdery_mildew,0,0,0,0,1,0
95909bd8a93d349b.jpg,scab,0,1,0,0,0,0
ba94b49782df03f0.jpg,healthy,1,0,0,0,0,0
fcb02b4a9cc8f8b8.jpg,frog_eye_leaf_spot,0,0,1,0,0,0
eeb7164318eea324.jpg,complex,0,0,0,0,0,1
815e75d0d82f0fca.jpg,powdery_mildew,0,0,0,0,1,0
a56543c2e6ac5d56.jpg,scab,0,1,0,0,0,0
d03fcd1941727647.jpg,frog_eye_leaf_spot,0,0,1,0,0,0
abd0a11daddd072a.jpg,rust,0,0,0,1,0,0
e17e97309ecac2c1.jpg,powdery_mildew,0,0,0,0,1,0
eff1831a12399157.jpg,rust,0,0,0,1,0,0
b528e8c28edbd29a.jpg,frog_eye_leaf_spot,0,0,1,0,0,0
f88be99663758984.jpg,powdery_mildew,0,0,0,0,1,0
d89469d136cd9678.jpg,complex,0,0,0,0,0,1
a4b8edc3c89bc25a.jpg,frog_eye_leaf_spot,0,0,1,0,0,0
ed69355c2aaf4056.jpg,scab,0,1,0,0,0,0
e0d69b7d02780f6c.jpg,scab,0,1,0,0,0,0
c1853f3ed1d028e7.jpg,healthy,1,0,0,0,0,0
b65faa5a0be342a8.jpg,healthy,1,0,0,0,0,0
949fcf6c2c649c4a.jpg,powdery_mildew,0,0,0,0,1,0
c0e7d4c5c9c709cb.jpg,healthy,1,0,0,0,0,0
e5e6d2dc9d0a0b51.jpg,frog_eye_leaf_spot,0,0,1,0,0,0
c19e789a0ebe2ad1.jpg,complex,0,0,0,0,0,1
c19620b6ded24afa.jpg,scab,0,1,0,0,0,0
cf68e965988ee382.jpg,scab,0,1,0,0,0,0
d21abf964a8d3478.jpg,rust,0,0,0,1,0,0
d8970a626769bd4c.jpg,powdery_mildew,0,0,0,0,1,0
9156d2abcd95518d.jpg,healthy,1,0,0,0,0,0
f07ecb2512a69b46.jpg,healthy,1,0,0,0,0,0
c65a0fc4c80fd4eb.jpg,healthy,1,0,0,0,0,0
bb764b09851595a7.jpg,scab,0,1,0,0,0,0
ad1d94a55813fc93.jpg,healthy,1,0,0,0,0,0
ef5f9e680b27b002.jpg,healthy,1,0,0,0,0,0
c3797e8908daf1d0.jpg,scab frog_eye_leaf_spot,0,1,1,0,0,0
8196e2d8b66ed721.jpg,rust,0,0,0,1,0,0
b7f6e2c2801f2a35.jpg,complex,0,0,0,0,0,1
86f636c5e84e23cc.jpg,scab,0,1,0,0,0,0
f01c0ef30a3fc3e2.jpg,frog_eye_leaf_spot,0,0,1,0,0,0
eda0c5e18dc3ae0b.jpg,scab,0,1,0,0,0,0
cbed7593a4759081.jpg,scab,0,1,0,0,0,0
a178d097998fdb18.jpg,frog_eye_leaf_spot,0,0,1,0,0,0
999ce7c3bc256438.jpg,frog_eye_leaf_spot,0,0,1,0,0,0
be34c0cb668179a7.jpg,healthy,1,0,0,0,0,0
91436bb324d9f3c1.jpg,healthy,1,0,0,0,0,0
aecca8689b6287d6.jpg,healthy,1,0,0,0,0,0
bc9c958cde683e21.jpg,scab,0,1,0,0,0,0
91fc25a4bf070f32.jpg,scab,0,1,0,0,0,0
ff90d08b010f377c.jpg,scab,0,1,0,0,0,0
efe9cf50cf1a0a08.jpg,frog_eye_leaf_spot,0,0,1,0,0,0
849da6a19e69ec55.jpg,healthy,1,0,0,0,0,0
ade5ca1a34993167.jpg,scab frog_eye_leaf_spot,0,1,1,0,0,0
cefd69868c4c9e81.jpg,scab,0,1,0,0,0,0
febe9a9207053358.jpg,scab,0,1,0,0,0,0
a0a197d2cc9bf398.jpg,frog_eye_leaf_spot,0,0,1,0,0,0
d1c06185fdfb308e.jpg,frog_eye_leaf_spot,0,0,1,0,0,0
a8b692dad9f5d880.jpg,healthy,1,0,0,0,0,0
bdb4b0d0c0d9c39d.jpg,scab,0,1,0,0,0,0
c56943d8a983fa96.jpg,complex,0,0,0,0,0,1
da0fe22ace55d02e.jpg,healthy,1,0,0,0,0,0
85c73cc0a4ece27b.jpg,frog_eye_leaf_spot,0,0,1,0,0,0
8374753cc03d5a8f.jpg,powdery_mildew,0,0,0,0,1,0
e993d29a7462a4f8.jpg,complex,0,0,0,0,0,1
be68c8958579ab29.jpg,healthy,1,0,0,0,0,0
bee3e0d6c2c05783.jpg,scab,0,1,0,0,0,0
8bc23d6d65b5ec04.jpg,rust frog_eye_leaf_spot,0,0,1,1,0,0
f0e1c69f98d11939.jpg,healthy,1,0,0,0,0,0
e0f2e1d7860f8e98.jpg,healthy,1,0,0,0,0,0
9588e71ccbba934c.jpg,complex,0,0,0,0,0,1
f084b37fa1582e56.jpg,frog_eye_leaf_spot,0,0,1,0,0,0
95964822033e7ff9.jpg,scab,0,1,0,0,0,0
febc8594df701106.jpg,healthy,1,0,0,0,0,0
b0889b9d5fc8474d.jpg,scab,0,1,0,0,0,0
99c6dfc9e8c48a2a.jpg,scab,0,1,0,0,0,0
b89d7c5ff0a1d280.jpg,frog_eye_leaf_spot,0,0,1,0,0,0
fa95acc530b602de.jpg,powdery_mildew,0,0,0,0,1,0
b26c55c44dc9da36.jpg,scab,0,1,0,0,0,0
899e3b7cc043cecc.jpg,powdery_mildew,0,0,0,0,1,0
bcbb9819d98841eb.jpg,healthy,1,0,0,0,0,0
9479cae0b3949b47.jpg,scab,0,1,0,0,0,0
c2e53fc3d9dc009a.jpg,scab,0,1,0,0,0,0
c8c03ddfeb881f09.jpg,complex,0,0,0,0,0,1
93d6ca487a35e784.jpg,scab,0,1,0,0,0,0
fab5c8e30f0b7070.jpg,rust frog_eye_leaf_spot,0,0,1,1,0,0
ce8556a10cf501ff.jpg,scab,0,1,0,0,0,0
d5c8c17998c57c87.jpg,healthy,1,0,0,0,0,0
d13e46ad1706b9c9.jpg,complex,0,0,0,0,0,1
dde71c02645ed2b2.jpg,healthy,1,0,0,0,0,0
a895956a4ab43ece.jpg,rust,0,0,0,1,0,0
bc30177e9505d5a5.jpg,healthy,1,0,0,0,0,0
a1da5dd4cae03caa.jpg,healthy,1,0,0,0,0,0
bda4c88d1e5e3266.jpg,healthy,1,0,0,0,0,0
f5a99a94159ad256.jpg,healthy,1,0,0,0,0,0
8125cbde3f2181d7.jpg,healthy,1,0,0,0,0,0
fbdbcf8121ac3130.jpg,healthy,1,0,0,0,0,0
9fc321ce60a69f0b.jpg,rust,0,0,0,1,0,0
e22b29c7b6e94526.jpg,powdery_mildew,0,0,0,0,1,0
dd9781df23b58520.jpg,healthy,1,0,0,0,0,0
ada395c75ad65212.jpg,complex,0,0,0,0,0,1
d2a58497704bbf16.jpg,rust,0,0,0,1,0,0
f81c8150df1fdf08.jpg,scab,0,1,0,0,0,0
ec33006bf93e25cc.jpg,healthy,1,0,0,0,0,0
9a962f656993095b.jpg,powdery_mildew,0,0,0,0,1,0
9798aeb1f072a7a0.jpg,complex,0,0,0,0,0,1
ad99cf603bac421e.jpg,complex,0,0,0,0,0,1
b99881dc73c69933.jpg,scab,0,1,0,0,0,0
fa59a131c835d4b5.jpg,rust,0,0,0,1,0,0
b949069b3d65d45a.jpg,frog_eye_leaf_spot complex,0,0,1,0,0,1
ca6a50c5d2adb8ae.jpg,scab,0,1,0,0,0,0
f83b95da98cb3a80.jpg,frog_eye_leaf_spot,0,0,1,0,0,0
85b575cdcb636848.jpg,frog_eye_leaf_spot,0,0,1,0,0,0
8bc2731423fc6b87.jpg,scab,0,1,0,0,0,0
baa889ec267a5e1c.jpg,complex,0,0,0,0,0,1
f6b0dea1196aa16c.jpg,scab,0,1,0,0,0,0
b3d14b94a8583d5d.jpg,rust frog_eye_leaf_spot,0,0,1,1,0,0
e1c413c497f4bec2.jpg,complex,0,0,0,0,0,1
bbe4d10b041f6e39.jpg,powdery_mildew,0,0,0,0,1,0
c8d316dca6252d6b.jpg,rust,0,0,0,1,0,0
d46374d28e35724e.jpg,rust,0,0,0,1,0,0
b410c2f39752d8cf.jpg,complex,0,0,0,0,0,1
8a607e82611eb7f9.jpg,frog_eye_leaf_spot,0,0,1,0,0,0
e0f0e70384df033f.jpg,scab,0,1,0,0,0,0
d0dd7a8470d5b09d.jpg,healthy,1,0,0,0,0,0
ff81926eb7721212.jpg,frog_eye_leaf_spot,0,0,1,0,0,0
f4d2a1854dc56f49.jpg,healthy,1,0,0,0,0,0
a1c9e1804fbc377c.jpg,rust,0,0,0,1,0,0
9a93d1ada6693689.jpg,frog_eye_leaf_spot,0,0,1,0,0,0
cec0dcc258b5435f.jpg,healthy,1,0,0,0,0,0
f6495ca4ae5241bd.jpg,rust,0,0,0,1,0,0
a19edac2dbc80fc1.jpg,frog_eye_leaf_spot,0,0,1,0,0,0
b5ad7cc09897b851.jpg,scab,0,1,0,0,0,0
b5d4c6c564772568.jpg,frog_eye_leaf_spot,0,0,1,0,0,0
f1f010d7d6048dfc.jpg,healthy,1,0,0,0,0,0
d0e73fe532842b8a.jpg,frog_eye_leaf_spot,0,0,1,0,0,0
d7ec31bb906c6464.jpg,powdery_mildew,0,0,0,0,1,0
ce1c2dac3192c737.jpg,healthy,1,0,0,0,0,0
b5b49a4b55cdc192.jpg,frog_eye_leaf_spot,0,0,1,0,0,0
f5b5e144cb0c44fc.jpg,healthy,1,0,0,0,0,0
edd7520b2c48c4bd.jpg,frog_eye_leaf_spot,0,0,1,0,0,0
ad601692d6d9b36a.jpg,healthy,1,0,0,0,0,0
fd5080b2dd09a2fd.jpg,frog_eye_leaf_spot complex,0,0,1,0,0,1
aa57ad93d405c05f.jpg,rust,0,0,0,1,0,0
ed84c16f696ba292.jpg,complex,0,0,0,0,0,1
ddf018193a3fa385.jpg,scab,0,1,0,0,0,0
db68629d1e14713e.jpg,rust complex,0,0,0,1,0,1
b56a91859abe08fa.jpg,frog_eye_leaf_spot,0,0,1,0,0,0
a50c9ddf38e43361.jpg,complex,0,0,0,0,0,1
8b9b750aadef04c4.jpg,frog_eye_leaf_spot,0,0,1,0,0,0
aae990e89b43d17a.jpg,scab frog_eye_leaf_spot,0,1,1,0,0,0
d2d16d24920fb8fc.jpg,frog_eye_leaf_spot,0,0,1,0,0,0
addf968386b438e0.jpg,rust,0,0,0,1,0,0
dfe2326255b17870.jpg,healthy,1,0,0,0,0,0
ad32d2d3c98da94a.jpg,healthy,1,0,0,0,0,0
ea28a21b95dbd4ca.jpg,frog_eye_leaf_spot,0,0,1,0,0,0
a18b52d29db5a9a9.jpg,frog_eye_leaf_spot,0,0,1,0,0,0
ed70d26a99d51a8c.jpg,healthy,1,0,0,0,0,0
b8fcf305ca538f04.jpg,frog_eye_leaf_spot,0,0,1,0,0,0
9b33867edd60b0a2.jpg,scab,0,1,0,0,0,0
b7cc0f91c0d9e9c8.jpg,healthy,1,0,0,0,0,0
f87fd7e0001772a8.jpg,healthy,1,0,0,0,0,0
d529da3799476aa0.jpg,healthy,1,0,0,0,0,0
c4d708f14db53d8a.jpg,frog_eye_leaf_spot,0,0,1,0,0,0
ae834fd220cc0d7f.jpg,rust,0,0,0,1,0,0
fad42206afc8875b.jpg,healthy,1,0,0,0,0,0
c882bd994935f137.jpg,scab frog_eye_leaf_spot,0,1,1,0,0,0
f891c19fbf301233.jpg,scab frog_eye_leaf_spot,0,1,1,0,0,0
a0ae9cad94c4f47a.jpg,healthy,1,0,0,0,0,0
c92ed177c236c4d1.jpg,healthy,1,0,0,0,0,0
9dc29b60f3f42293.jpg,complex,0,0,0,0,0,1
b696ba6593c82974.jpg,powdery_mildew,0,0,0,0,1,0
fa29a1a5e1746556.jpg,healthy,1,0,0,0,0,0
c037303a5b4d5dae.jpg,rust,0,0,0,1,0,0
ba9cc17e903a513d.jpg,rust,0,0,0,1,0,0
faf47aece1c00d44.jpg,frog_eye_leaf_spot,0,0,1,0,0,0
aaa1ad85dfde9210.jpg,scab,0,1,0,0,0,0
fd37c332c54d120d.jpg,scab,0,1,0,0,0,0
b86b027cc71ace39.jpg,complex,0,0,0,0,0,1
82c4ac38f86a3d7e.jpg,scab,0,1,0,0,0,0
b9d1c1616aac785e.jpg,frog_eye_leaf_spot,0,0,1,0,0,0
ade0c09fb7de8484.jpg,rust,0,0,0,1,0,0
aaaf47abd1c2a846.jpg,rust,0,0,0,1,0,0
afc080cf5b3d79a0.jpg,scab frog_eye_leaf_spot complex,0,1,1,0,0,1
fd9ad0505f632866.jpg,scab,0,1,0,0,0,0
9626ced01b3366cd.jpg,complex,0,0,0,0,0,1
99c9c9269b3e6c34.jpg,scab,0,1,0,0,0,0
b6e4c08ad53b7529.jpg,complex,0,0,0,0,0,1
a1dfd2d8d281bc85.jpg,healthy,1,0,0,0,0,0
90bd638f9c32656c.jpg,scab,0,1,0,0,0,0
e58ed10f6c6cb0e1.jpg,scab,0,1,0,0,0,0
c7d8838fc0e3ce83.jpg,scab,0,1,0,0,0,0
e02e8d903df9798c.jpg,scab,0,1,0,0,0,0
e15b58cbad32ed04.jpg,rust,0,0,0,1,0,0
c1b4ddc2ccace472.jpg,frog_eye_leaf_spot,0,0,1,0,0,0
bab5a09b8751d459.jpg,healthy,1,0,0,0,0,0
b4d60fd38d19403f.jpg,frog_eye_leaf_spot,0,0,1,0,0,0
b143e06856e91bf3.jpg,healthy,1,0,0,0,0,0
b76dc38da481b4a5.jpg,rust,0,0,0,1,0,0
cb535a30962ab759.jpg,scab,0,1,0,0,0,0
caad5796e8d18592.jpg,healthy,1,0,0,0,0,0
b4b7d2c2025d5e2e.jpg,frog_eye_leaf_spot,0,0,1,0,0,0
c26e3f0170abb19d.jpg,complex,0,0,0,0,0,1
a8c1b472de295c57.jpg,frog_eye_leaf_spot,0,0,1,0,0,0
d893d4d5b584ac72.jpg,powdery_mildew,0,0,0,0,1,0
c1fc2e657b4a05b4.jpg,powdery_mildew,0,0,0,0,1,0
bb85c71e6903c7a4.jpg,complex,0,0,0,0,0,1
e074887f0a0afafa.jpg,frog_eye_leaf_spot,0,0,1,0,0,0
aab65b60c5b6f0c2.jpg,frog_eye_leaf_spot,0,0,1,0,0,0
ff39c0c825c4e4b6.jpg,healthy,1,0,0,0,0,0
918195f9481efab5.jpg,healthy,1,0,0,0,0,0
d54978957a0af531.jpg,scab,0,1,0,0,0,0
e8d41e8d5445f82f.jpg,frog_eye_leaf_spot,0,0,1,0,0,0
a57b9b50dd12c239.jpg,complex,0,0,0,0,0,1
ccaec1876b61f498.jpg,complex,0,0,0,0,0,1
dfe270e2c044a6d7.jpg,rust,0,0,0,1,0,0
a08cb39e8798daf8.jpg,healthy,1,0,0,0,0,0
c28b3f2520f79f03.jpg,healthy,1,0,0,0,0,0
bcc2d02d46b47fb0.jpg,scab,0,1,0,0,0,0
95616485ee6a9cec.jpg,healthy,1,0,0,0,0,0
83b125f6948bf61c.jpg,frog_eye_leaf_spot,0,0,1,0,0,0
b5e8cb0056c8b6be.jpg,powdery_mildew,0,0,0,0,1,0
82ed3df137424aa6.jpg,powdery_mildew,0,0,0,0,1,0
92a72f4731c3e24e.jpg,complex,0,0,0,0,0,1
93baf11cc50daaaa.jpg,healthy,1,0,0,0,0,0
f4b1cc948f8a06eb.jpg,scab frog_eye_leaf_spot complex,0,1,1,0,0,1
b4ab90aa4df4ef80.jpg,healthy,1,0,0,0,0,0
c5e4f43f273ca281.jpg,complex,0,0,0,0,0,1
fd10c2cf9b72a324.jpg,complex,0,0,0,0,0,1
866d81cc5d30eb8f.jpg,frog_eye_leaf_spot,0,0,1,0,0,0
bad495a455dc5e14.jpg,scab,0,1,0,0,0,0
cb04f13e18d377c2.jpg,healthy,1,0,0,0,0,0
d6b6c0cdaec16338.jpg,scab,0,1,0,0,0,0
91356a847fc63656.jpg,frog_eye_leaf_spot,0,0,1,0,0,0
d7b6c2976c8d5c01.jpg,scab,0,1,0,0,0,0
e4079f010f87d69e.jpg,scab,0,1,0,0,0,0
a09ed3a5cfa44a66.jpg,scab,0,1,0,0,0,0
8ef07007a0f8efd8.jpg,scab,0,1,0,0,0,0
85f8d6d2f88b710c.jpg,scab,0,1,0,0,0,0
aede6aad01713532.jpg,scab,0,1,0,0,0,0
a8c09be79c8f193c.jpg,healthy,1,0,0,0,0,0
c1c0bea550a3c3fd.jpg,frog_eye_leaf_spot,0,0,1,0,0,0
dc0f70ca63d4c3d1.jpg,scab,0,1,0,0,0,0
80e0699f1d1b373d.jpg,rust,0,0,0,1,0,0
aca06895d44f7d2d.jpg,healthy,1,0,0,0,0,0
92db4a7be921ab22.jpg,scab,0,1,0,0,0,0
f0e3c77e0c70f811.jpg,healthy,1,0,0,0,0,0
ffb3c0d18f80c607.jpg,scab,0,1,0,0,0,0
8347d2cc8ac2977d.jpg,scab,0,1,0,0,0,0
99d965e4d24f0b92.jpg,powdery_mildew,0,0,0,0,1,0
cee20ab79a7342cc.jpg,healthy,1,0,0,0,0,0
abe89fc080e0f86f.jpg,scab frog_eye_leaf_spot,0,1,1,0,0,0
b78cce19967e041e.jpg,healthy,1,0,0,0,0,0
c595cf8172676562.jpg,rust,0,0,0,1,0,0
cdf892b5b4865859.jpg,rust,0,0,0,1,0,0
87ac7a4276d11697.jpg,scab frog_eye_leaf_spot,0,1,1,0,0,0
aecd941dde09e825.jpg,healthy,1,0,0,0,0,0
f3f2170b035f42e2.jpg,rust,0,0,0,1,0,0
eb87073b8666b8e0.jpg,scab,0,1,0,0,0,0
aa94964aaa4df52d.jpg,healthy,1,0,0,0,0,0
8d9c9cd2a3eb0e4a.jpg,scab,0,1,0,0,0,0
b3b956ab154823dc.jpg,healthy,1,0,0,0,0,0
85b53e9c21a1f82f.jpg,powdery_mildew,0,0,0,0,1,0
967b689242d493f5.jpg,healthy,1,0,0,0,0,0
cf853579724b4a4c.jpg,rust,0,0,0,1,0,0
9585da92b9b9495a.jpg,complex,0,0,0,0,0,1
d02f94bc78826bd5.jpg,healthy,1,0,0,0,0,0
92e17e8ae8ade198.jpg,scab,0,1,0,0,0,0
a5726ac19226dae7.jpg,healthy,1,0,0,0,0,0
a5f7c2f28e523c81.jpg,healthy,1,0,0,0,0,0
c4d0d0f9711f6137.jpg,scab,0,1,0,0,0,0
c6b50cf4bd087374.jpg,scab,0,1,0,0,0,0
cf9cc993c3d32581.jpg,rust,0,0,0,1,0,0
ba906e6c9d956a52.jpg,healthy,1,0,0,0,0,0
ef95c172b57c3060.jpg,scab,0,1,0,0,0,0
c0bcc79b6cf0e483.jpg,powdery_mildew,0,0,0,0,1,0
bfa5e4894f1f0815.jpg,scab,0,1,0,0,0,0
b4e481f70dbd3225.jpg,healthy,1,0,0,0,0,0
c94a3af6bea68b80.jpg,healthy,1,0,0,0,0,0
c5c8c8e9390eb736.jpg,powdery_mildew,0,0,0,0,1,0
ddfc61016f60e332.jpg,frog_eye_leaf_spot,0,0,1,0,0,0
a8de8ae9717d860a.jpg,scab,0,1,0,0,0,0
a9f2c2d48af254f1.jpg,healthy,1,0,0,0,0,0
c4ef976cb1ca304a.jpg,frog_eye_leaf_spot,0,0,1,0,0,0
cd902cf031e2f787.jpg,complex,0,0,0,0,0,1
fab0c2650bbd09b9.jpg,frog_eye_leaf_spot,0,0,1,0,0,0
b54886774aa77ae0.jpg,scab,0,1,0,0,0,0
a89006fad42f697d.jpg,scab frog_eye_leaf_spot,0,1,1,0,0,0
917d7fc09830e5e8.jpg,healthy,1,0,0,0,0,0
9a2f3cd04f7fa082.jpg,healthy,1,0,0,0,0,0
c327dac970973a62.jpg,scab,0,1,0,0,0,0
ed098a79da5215f1.jpg,rust,0,0,0,1,0,0
833857eaa14738e7.jpg,scab,0,1,0,0,0,0
e84eeece07852a0f.jpg,healthy,1,0,0,0,0,0
91a71de9b0b8725a.jpg,healthy,1,0,0,0,0,0
a8ecc79e9990ad91.jpg,scab,0,1,0,0,0,0
b4c6c26a763d6a2a.jpg,scab,0,1,0,0,0,0
8b56741c567c22be.jpg,scab,0,1,0,0,0,0
e5728c4ed58e0fd0.jpg,scab,0,1,0,0,0,0
e46ac6563d5a30e5.jpg,healthy,1,0,0,0,0,0
abebd055d302e632.jpg,healthy,1,0,0,0,0,0
9cf6d017d7d80079.jpg,scab,0,1,0,0,0,0
cf1af58187174157.jpg,healthy,1,0,0,0,0,0
f8aac217cd38cb61.jpg,healthy,1,0,0,0,0,0
b0fa91905f852e7c.jpg,frog_eye_leaf_spot,0,0,1,0,0,0
fdd0a5da0058e9d9.jpg,scab,0,1,0,0,0,0
a17bc38ef30438e3.jpg,healthy,1,0,0,0,0,0
808734da3f595b59.jpg,frog_eye_leaf_spot complex,0,0,1,0,0,1
a83bee3bc07e808d.jpg,healthy,1,0,0,0,0,0
bdc0cfb64eb802aa.jpg,complex,0,0,0,0,0,1
a53493721fa33cd2.jpg,healthy,1,0,0,0,0,0
bd0ec1b43a51139f.jpg,scab,0,1,0,0,0,0
a8e1c6d71de86907.jpg,complex,0,0,0,0,0,1
ab5e828e1bcf2887.jpg,frog_eye_leaf_spot complex,0,0,1,0,0,1
c6cd66a452a59b5a.jpg,healthy,1,0,0,0,0,0
babd9a9d928923b0.jpg,scab,0,1,0,0,0,0
d1dd1ed0571f38a0.jpg,healthy,1,0,0,0,0,0
bfc0d64ec823e638.jpg,scab,0,1,0,0,0,0
ad0d994c5a7868fc.jpg,rust,0,0,0,1,0,0
e9b985d1d20fd318.jpg,frog_eye_leaf_spot,0,0,1,0,0,0
b76892ed4985ed84.jpg,complex,0,0,0,0,0,1
ce9b9c703e246173.jpg,powdery_mildew,0,0,0,0,1,0
fb3681c67ea86360.jpg,scab,0,1,0,0,0,0
a0d2d2b59383176f.jpg,frog_eye_leaf_spot,0,0,1,0,0,0
d02cdacbd695a589.jpg,scab,0,1,0,0,0,0
fc8d8d29251d16ae.jpg,healthy,1,0,0,0,0,0
95f931d079155a65.jpg,scab,0,1,0,0,0,0
95cd695ad68c78a4.jpg,healthy,1,0,0,0,0,0
c0bc431f5396b0f5.jpg,frog_eye_leaf_spot,0,0,1,0,0,0
8ab5ab5b1067c5a5.jpg,powdery_mildew,0,0,0,0,1,0
eac2872fdc25c932.jpg,frog_eye_leaf_spot,0,0,1,0,0,0
fdc5caf48dc2320c.jpg,complex,0,0,0,0,0,1
e8cdc595cc50d965.jpg,healthy,1,0,0,0,0,0
f4d0eac9a3f408ea.jpg,frog_eye_leaf_spot,0,0,1,0,0,0
e911d01bda87d86e.jpg,scab,0,1,0,0,0,0
881d35f9998dc317.jpg,healthy,1,0,0,0,0,0
8c7c1ff199813c74.jpg,rust,0,0,0,1,0,0
ecc5c597cd1ac01b.jpg,scab,0,1,0,0,0,0
f9e17d1060dc18f6.jpg,scab,0,1,0,0,0,0
c0863fc03fe307e5.jpg,powdery_mildew,0,0,0,0,1,0
917a07d27abc9994.jpg,scab,0,1,0,0,0,0
a6bead715da150a4.jpg,healthy,1,0,0,0,0,0
f008cbbf8f8988d9.jpg,frog_eye_leaf_spot,0,0,1,0,0,0
e5f8ca20963bb163.jpg,frog_eye_leaf_spot,0,0,1,0,0,0
8087be2e6f41e25e.jpg,frog_eye_leaf_spot,0,0,1,0,0,0
f84a80b6519b93cf.jpg,frog_eye_leaf_spot,0,0,1,0,0,0
a434a8d88f3f1979.jpg,scab,0,1,0,0,0,0
eb59933178d7f002.jpg,healthy,1,0,0,0,0,0
d2aa665f0442bd6b.jpg,scab,0,1,0,0,0,0
beffa7de96121000.jpg,healthy,1,0,0,0,0,0
f547c3c82c84fee0.jpg,healthy,1,0,0,0,0,0
8d1eb4d2869fda81.jpg,rust,0,0,0,1,0,0
84c4bed2caec5798.jpg,scab,0,1,0,0,0,0
a9dfd099c7f007a0.jpg,healthy,1,0,0,0,0,0
e94b48ac827713db.jpg,frog_eye_leaf_spot,0,0,1,0,0,0
b0f4e1d0db1a252f.jpg,complex,0,0,0,0,0,1
8e47275522975cb3.jpg,scab,0,1,0,0,0,0
e9e907c9ca62da62.jpg,scab frog_eye_leaf_spot,0,1,1,0,0,0
a9e0d38b1cacf4c9.jpg,rust,0,0,0,1,0,0
9d9d4a4b97168e8a.jpg,healthy,1,0,0,0,0,0
a09f95dcd2c40ba7.jpg,frog_eye_leaf_spot,0,0,1,0,0,0
f6f0c6921a7961c9.jpg,complex,0,0,0,0,0,1
f08693681a7e6f32.jpg,frog_eye_leaf_spot,0,0,1,0,0,0
cdea993dece06830.jpg,healthy,1,0,0,0,0,0
ddc8241094fbfcd4.jpg,healthy,1,0,0,0,0,0
c6c30af8bbe84db0.jpg,complex,0,0,0,0,0,1
bf48981b49d6a595.jpg,scab,0,1,0,0,0,0
dfeb21c7c0520667.jpg,scab,0,1,0,0,0,0
993171e1c68fc8ad.jpg,frog_eye_leaf_spot,0,0,1,0,0,0
ea15ea31b178648f.jpg,rust,0,0,0,1,0,0
e5931b592d3421bd.jpg,complex,0,0,0,0,0,1
b6a596167d1a545a.jpg,rust,0,0,0,1,0,0
94ea908dcdceec16.jpg,powdery_mildew,0,0,0,0,1,0
80e83fd5bf0f7028.jpg,scab,0,1,0,0,0,0
c230109be4dd9f3b.jpg,rust,0,0,0,1,0,0
f4bcdb58fdf10080.jpg,frog_eye_leaf_spot complex,0,0,1,0,0,1
984a7a8cac0c5f7d.jpg,scab,0,1,0,0,0,0
e3aa339998bd5891.jpg,frog_eye_leaf_spot,0,0,1,0,0,0
a11a9ec3d805677e.jpg,scab,0,1,0,0,0,0
fe7de0b423ea0704.jpg,healthy,1,0,0,0,0,0
b4a19abc8af985d1.jpg,frog_eye_leaf_spot complex,0,0,1,0,0,1
89a6ae0cbf49c7c4.jpg,rust,0,0,0,1,0,0
d8014fe8bebe189a.jpg,scab,0,1,0,0,0,0
b8e79727dc14c41a.jpg,frog_eye_leaf_spot,0,0,1,0,0,0
95bd53d0494af196.jpg,complex,0,0,0,0,0,1
d185edb8b127066e.jpg,powdery_mildew,0,0,0,0,1,0
969a8a2a4eedf50a.jpg,scab,0,1,0,0,0,0
ef8e602d2ae6b425.jpg,scab,0,1,0,0,0,0
bf78c0b1c24d07cb.jpg,rust,0,0,0,1,0,0
f542e3f6a748122b.jpg,frog_eye_leaf_spot,0,0,1,0,0,0
90b72ad8b7c8b295.jpg,healthy,1,0,0,0,0,0
dc03c874323cf3cd.jpg,powdery_mildew,0,0,0,0,1,0
fbeec286cc9a5411.jpg,healthy,1,0,0,0,0,0
e8979fb0d8217866.jpg,healthy,1,0,0,0,0,0
957a2af29e52b2a2.jpg,scab,0,1,0,0,0,0
ffb0c058b16eb832.jpg,frog_eye_leaf_spot,0,0,1,0,0,0
bc0fcc6e8dd433a0.jpg,scab,0,1,0,0,0,0
fc4ac4ca2fa96c58.jpg,healthy,1,0,0,0,0,0
c5f1309d55bc585c.jpg,frog_eye_leaf_spot,0,0,1,0,0,0
af5c25cab14d83b1.jpg,scab,0,1,0,0,0,0
add256ea152bb225.jpg,healthy,1,0,0,0,0,0
949c6a6da17577c0.jpg,rust,0,0,0,1,0,0
fde5c0c3d2175225.jpg,healthy,1,0,0,0,0,0
95fcc0d888c1b9bb.jpg,rust,0,0,0,1,0,0
c723c79032ce37e4.jpg,healthy,1,0,0,0,0,0
d08fc33fe44a57c0.jpg,healthy,1,0,0,0,0,0
e222bb4f4d846cdc.jpg,complex,0,0,0,0,0,1
d3c16b8994362a7e.jpg,healthy,1,0,0,0,0,0
87fa3f21f4659034.jpg,complex,0,0,0,0,0,1
ac84f4fd9568f0e0.jpg,scab,0,1,0,0,0,0
f2a78cc9b1069b72.jpg,frog_eye_leaf_spot,0,0,1,0,0,0
9d88c8ef662d70aa.jpg,rust,0,0,0,1,0,0
f08fff78de68c000.jpg,frog_eye_leaf_spot,0,0,1,0,0,0
a161c1cdcbd684bb.jpg,complex,0,0,0,0,0,1
affa20851395bc6a.jpg,healthy,1,0,0,0,0,0
deb6000a27eb75d8.jpg,healthy,1,0,0,0,0,0
eec2c0effd9080c3.jpg,frog_eye_leaf_spot,0,0,1,0,0,0
95b36ba4c444cf87.jpg,scab,0,1,0,0,0,0
d4c030ff9712139f.jpg,frog_eye_leaf_spot,0,0,1,0,0,0
a7593f958aae1605.jpg,scab,0,1,0,0,0,0
c1f0799787ea4c52.jpg,healthy,1,0,0,0,0,0
b1a7e3c7464d3b20.jpg,healthy,1,0,0,0,0,0
aad5940a952f9eb8.jpg,healthy,1,0,0,0,0,0
d5b19de06c2ef412.jpg,frog_eye_leaf_spot,0,0,1,0,0,0
e99c99cf4d072712.jpg,healthy,1,0,0,0,0,0
84d0cf1338647bb7.jpg,healthy,1,0,0,0,0,0
97abdad2485a4b25.jpg,healthy,1,0,0,0,0,0
e0189e4999bdd0fa.jpg,scab,0,1,0,0,0,0
ace5368bda87c10d.jpg,scab frog_eye_leaf_spot,0,1,1,0,0,0
f0780ec13dfc1fc0.jpg,scab,0,1,0,0,0,0
f0dc2882bdb32ae5.jpg,rust,0,0,0,1,0,0
bf479197cb1a7048.jpg,scab frog_eye_leaf_spot,0,1,1,0,0,0
a8a7e1e4949c92f5.jpg,frog_eye_leaf_spot,0,0,1,0,0,0
c0a146ddfd7c58e0.jpg,powdery_mildew,0,0,0,0,1,0
c9b04f1816d86cdf.jpg,scab,0,1,0,0,0,0
db62c5d826d912ad.jpg,complex,0,0,0,0,0,1
fcead03661b53464.jpg,healthy,1,0,0,0,0,0
abdfd8a8981c87c4.jpg,scab,0,1,0,0,0,0
d0a0fa83685f65f4.jpg,scab frog_eye_leaf_spot,0,1,1,0,0,0
fc1cc8e84e8eb49c.jpg,healthy,1,0,0,0,0,0
f8e5c13d8ae18749.jpg,scab,0,1,0,0,0,0
98a589c066c8dbfb.jpg,healthy,1,0,0,0,0,0
b061d2a6c1b6afd2.jpg,scab frog_eye_leaf_spot,0,1,1,0,0,0
ca6462c26dcfb04f.jpg,frog_eye_leaf_spot,0,0,1,0,0,0
cee026aa668d9db1.jpg,powdery_mildew,0,0,0,0,1,0
e087d4cf03bc3b2a.jpg,healthy,1,0,0,0,0,0
d26d89d6c996b429.jpg,scab,0,1,0,0,0,0
9eb1f0c984e52dc6.jpg,scab frog_eye_leaf_spot,0,1,1,0,0,0
808f606a2be5fa1f.jpg,scab,0,1,0,0,0,0
d1719f1c1cc70e33.jpg,frog_eye_leaf_spot,0,0,1,0,0,0
ad7fa47afcb20402.jpg,frog_eye_leaf_spot,0,0,1,0,0,0
c47adb62e2ca823b.jpg,scab frog_eye_leaf_spot,0,1,1,0,0,0
b0c181063d76afeb.jpg,frog_eye_leaf_spot,0,0,1,0,0,0
95b26bc2b14372e5.jpg,complex,0,0,0,0,0,1
e52d5aa65294b578.jpg,complex,0,0,0,0,0,1
a9ed31c398d94b0d.jpg,rust,0,0,0,1,0,0
80fe30e308cf2f9d.jpg,scab frog_eye_leaf_spot,0,1,1,0,0,0
a1f06c6c5a566d4e.jpg,scab frog_eye_leaf_spot,0,1,1,0,0,0
e19be90c921d4fe1.jpg,scab frog_eye_leaf_spot,0,1,1,0,0,0
81b23de294969e6e.jpg,scab,0,1,0,0,0,0
e0b8f630c6f29bd0.jpg,frog_eye_leaf_spot,0,0,1,0,0,0
ffb084c28f4f30cc.jpg,complex,0,0,0,0,0,1
efd04e81dd6e018b.jpg,scab,0,1,0,0,0,0
b0f0c93685bb565a.jpg,frog_eye_leaf_spot,0,0,1,0,0,0
ea15d2798fe11463.jpg,scab,0,1,0,0,0,0
97a1b0b595a0cfa5.jpg,rust,0,0,0,1,0,0
f4479262b5528cf9.jpg,frog_eye_leaf_spot complex,0,0,1,0,0,1
acb1c08a5f8f0f5c.jpg,healthy,1,0,0,0,0,0
95cb3f719882e8b4.jpg,complex,0,0,0,0,0,1
aa85d0dfcb6b406a.jpg,healthy,1,0,0,0,0,0
a191cbc9ddac644e.jpg,complex,0,0,0,0,0,1
fe06ce32b8f108cd.jpg,healthy,1,0,0,0,0,0
fa0e93cf3a632131.jpg,rust,0,0,0,1,0,0
d889e7af14505db8.jpg,rust,0,0,0,1,0,0
8cda9ee9800b9f1d.jpg,frog_eye_leaf_spot,0,0,1,0,0,0
a12ede41abcd45ca.jpg,frog_eye_leaf_spot,0,0,1,0,0,0
a96bd2a58aba4a53.jpg,scab frog_eye_leaf_spot,0,1,1,0,0,0
d2d823b1c8ccb771.jpg,complex,0,0,0,0,0,1
cc69583c17bd0e39.jpg,powdery_mildew,0,0,0,0,1,0
bbcae5385a2297a4.jpg,frog_eye_leaf_spot,0,0,1,0,0,0
a151e6d2dad615a3.jpg,healthy,1,0,0,0,0,0
d29c8fec4e1c02f9.jpg,scab,0,1,0,0,0,0
a98061de9f7260e7.jpg,rust,0,0,0,1,0,0
c0887551eebf2b15.jpg,scab,0,1,0,0,0,0
c3609be138c7f196.jpg,frog_eye_leaf_spot,0,0,1,0,0,0
853736e18c5ae879.jpg,rust,0,0,0,1,0,0
8fc7315a3399ae03.jpg,powdery_mildew,0,0,0,0,1,0
e64bc7a2cc936c8c.jpg,complex,0,0,0,0,0,1
9b9079448919fa5f.jpg,healthy,1,0,0,0,0,0
f0d9c2ecd6e341c2.jpg,frog_eye_leaf_spot,0,0,1,0,0,0
bc74c22395d8538f.jpg,scab,0,1,0,0,0,0
dec15cd12ffa0628.jpg,scab,0,1,0,0,0,0
ef35cbe540cc07a1.jpg,scab frog_eye_leaf_spot complex,0,1,1,0,0,1
d2b0d780fd0f7528.jpg,healthy,1,0,0,0,0,0
d4953d781b0a4ea7.jpg,healthy,1,0,0,0,0,0
be94a83ed0be4274.jpg,healthy,1,0,0,0,0,0
b587eafc015b8594.jpg,scab,0,1,0,0,0,0
f06387c811df1d9c.jpg,frog_eye_leaf_spot,0,0,1,0,0,0
b673878761c33962.jpg,healthy,1,0,0,0,0,0
abd5ab881c3ea46a.jpg,healthy,1,0,0,0,0,0
b1259e32ea3c4dc9.jpg,frog_eye_leaf_spot complex,0,0,1,0,0,1
b4b848dad1c1b59e.jpg,frog_eye_leaf_spot,0,0,1,0,0,0
a97095859e9e2e9a.jpg,healthy,1,0,0,0,0,0
9ae4d99953c8955c.jpg,frog_eye_leaf_spot,0,0,1,0,0,0
a146c4d90bd85f5b.jpg,powdery_mildew,0,0,0,0,1,0
f48552886dbb7594.jpg,rust,0,0,0,1,0,0
c4cc2d17b17e9670.jpg,rust,0,0,0,1,0,0
d89a1d9c48ede525.jpg,frog_eye_leaf_spot,0,0,1,0,0,0
c03d9fd10dc13f1c.jpg,healthy,1,0,0,0,0,0
829a171f2d71c3e5.jpg,powdery_mildew,0,0,0,0,1,0
fa89c7342f72308b.jpg,healthy,1,0,0,0,0,0
8596af6adb4e818a.jpg,frog_eye_leaf_spot,0,0,1,0,0,0
aaaaacc0dde87e14.jpg,scab,0,1,0,0,0,0
a9a5d54a0c2d0ebf.jpg,scab,0,1,0,0,0,0
c002ff3f00f5fac8.jpg,scab,0,1,0,0,0,0
9488934a35367bf9.jpg,scab,0,1,0,0,0,0
a23b8f1e6ea19545.jpg,rust,0,0,0,1,0,0
dfc716b89150eb0a.jpg,complex,0,0,0,0,0,1
b4addad68b11591a.jpg,scab frog_eye_leaf_spot complex,0,1,1,0,0,1
bb5301af9b742c64.jpg,scab,0,1,0,0,0,0
8dea32f7b03b5121.jpg,scab,0,1,0,0,0,0
e5a59fcbcb890838.jpg,frog_eye_leaf_spot,0,0,1,0,0,0
c299ba99f17f1424.jpg,scab,0,1,0,0,0,0
db653b6198e19549.jpg,powdery_mildew,0,0,0,0,1,0
f73e8383b80bb438.jpg,complex,0,0,0,0,0,1
a1bc8e0d8d3dced0.jpg,frog_eye_leaf_spot,0,0,1,0,0,0
de7092bec388698b.jpg,powdery_mildew,0,0,0,0,1,0
870e9e9cbc28f859.jpg,scab,0,1,0,0,0,0
94e24a4b96adadc5.jpg,healthy,1,0,0,0,0,0
e13be7f1105e8f80.jpg,rust,0,0,0,1,0,0
83f3da50f43ccc16.jpg,scab,0,1,0,0,0,0
eaa0f3571f361e10.jpg,scab,0,1,0,0,0,0
e0a9d2c1ba4d1bbc.jpg,healthy,1,0,0,0,0,0
c0922b657fab741c.jpg,scab,0,1,0,0,0,0
c282e3e7cbe604a7.jpg,frog_eye_leaf_spot,0,0,1,0,0,0
c3fc7b08985eb511.jpg,powdery_mildew,0,0,0,0,1,0
a9d282fa8bc135ad.jpg,healthy,1,0,0,0,0,0
aba715e206f1add0.jpg,frog_eye_leaf_spot,0,0,1,0,0,0
b49e9a954d8554cd.jpg,healthy,1,0,0,0,0,0
f195c91e4278ff01.jpg,frog_eye_leaf_spot,0,0,1,0,0,0
a4a7c7d04cdb4b54.jpg,healthy,1,0,0,0,0,0
c58039da54edd6a5.jpg,healthy,1,0,0,0,0,0
f1d30b00f0ed5f94.jpg,scab,0,1,0,0,0,0
a91b98adc86f64a6.jpg,frog_eye_leaf_spot,0,0,1,0,0,0
c1f69fcdc460934c.jpg,healthy,1,0,0,0,0,0
e519b5c24a2bbc72.jpg,scab frog_eye_leaf_spot,0,1,1,0,0,0
bee08b6dc2d2661a.jpg,scab,0,1,0,0,0,0
99cacfcf91d4d005.jpg,scab frog_eye_leaf_spot,0,1,1,0,0,0
aa35cbb2a54b62a5.jpg,complex,0,0,0,0,0,1
f0e9ca03add605cd.jpg,frog_eye_leaf_spot,0,0,1,0,0,0
f4c1263e352869fc.jpg,frog_eye_leaf_spot,0,0,1,0,0,0
bc081eee6be421f4.jpg,scab frog_eye_leaf_spot,0,1,1,0,0,0
8ba5d79798b86815.jpg,healthy,1,0,0,0,0,0
ca9d1f92f95081e6.jpg,frog_eye_leaf_spot,0,0,1,0,0,0
f9aac59b12c02b76.jpg,scab,0,1,0,0,0,0
b1b728cb891b99b1.jpg,scab,0,1,0,0,0,0
f819f4581ff21b03.jpg,frog_eye_leaf_spot,0,0,1,0,0,0
da9dc8a68b2b82b6.jpg,healthy,1,0,0,0,0,0
9af86cc0e38dd156.jpg,complex,0,0,0,0,0,1
84e59b911be64c6e.jpg,powdery_mildew,0,0,0,0,1,0
ef55bacde9c04580.jpg,complex,0,0,0,0,0,1
c1c34ac9b9557393.jpg,healthy,1,0,0,0,0,0
a7b8d298fe1c21f0.jpg,scab,0,1,0,0,0,0
cdde470213a8d26f.jpg,powdery_mildew,0,0,0,0,1,0
ffe142d29f9a081a.jpg,scab,0,1,0,0,0,0
fea01e9200ff7b03.jpg,frog_eye_leaf_spot,0,0,1,0,0,0
c06f2f80d45e979c.jpg,scab,0,1,0,0,0,0
82debbead50ab814.jpg,scab,0,1,0,0,0,0
b5b595b050a74ad5.jpg,frog_eye_leaf_spot,0,0,1,0,0,0
bd2a03fd9f438470.jpg,rust frog_eye_leaf_spot,0,0,1,1,0,0
b74892512b6b25b7.jpg,powdery_mildew,0,0,0,0,1,0
9265d3b665849765.jpg,scab,0,1,0,0,0,0
f880c7f58e806eea.jpg,healthy,1,0,0,0,0,0
c92ca6e72bede110.jpg,frog_eye_leaf_spot,0,0,1,0,0,0
dfca603b4ca4aaa3.jpg,scab,0,1,0,0,0,0
97a1d9c1c5e263a6.jpg,scab,0,1,0,0,0,0
beb4618f31d86645.jpg,healthy,1,0,0,0,0,0
9fc9fa18563189e1.jpg,rust,0,0,0,1,0,0
ed4ac5299e3139c3.jpg,healthy,1,0,0,0,0,0
d5fc6fe9a1386600.jpg,frog_eye_leaf_spot,0,0,1,0,0,0
839e978ed69e7808.jpg,frog_eye_leaf_spot,0,0,1,0,0,0
a03497c399c9c7d9.jpg,scab,0,1,0,0,0,0
9fd400d5d66976a2.jpg,healthy,1,0,0,0,0,0
b6a6c4d38e98b54c.jpg,scab frog_eye_leaf_spot,0,1,1,0,0,0
e849977f48c31d89.jpg,complex,0,0,0,0,0,1
b08796c74f277470.jpg,healthy,1,0,0,0,0,0
b88d01af97a4dc56.jpg,scab,0,1,0,0,0,0
81fd31ba5512e873.jpg,frog_eye_leaf_spot,0,0,1,0,0,0
c09f2d9834a9f2ec.jpg,complex,0,0,0,0,0,1
edc25839fc062c75.jpg,scab,0,1,0,0,0,0
a4e2d2074f9e649b.jpg,frog_eye_leaf_spot complex,0,0,1,0,0,1
920938b66073ebf3.jpg,scab,0,1,0,0,0,0
e5949c9be98d2e48.jpg,scab,0,1,0,0,0,0
9ee390fd18622795.jpg,rust,0,0,0,1,0,0
fe80f448c0eb8775.jpg,complex,0,0,0,0,0,1
d2622eb73198ab9c.jpg,scab,0,1,0,0,0,0
ab6297b722417569.jpg,scab frog_eye_leaf_spot,0,1,1,0,0,0
e90e1acab7e5aa50.jpg,rust,0,0,0,1,0,0
feb391e50d25a524.jpg,scab frog_eye_leaf_spot complex,0,1,1,0,0,1
bdf99023cb328137.jpg,scab,0,1,0,0,0,0
fc01c79c9ee107e1.jpg,healthy,1,0,0,0,0,0
ccdc9e82c2757562.jpg,healthy,1,0,0,0,0,0
fada200be0f209bf.jpg,powdery_mildew,0,0,0,0,1,0
f3e5a0ac6d132c1b.jpg,complex,0,0,0,0,0,1
b5abd6cfc12a2415.jpg,complex,0,0,0,0,0,1
faf0bdea81b8a181.jpg,healthy,1,0,0,0,0,0
8db43550701f63af.jpg,rust complex,0,0,0,1,0,1
9a0ece7b81b8b32a.jpg,rust,0,0,0,1,0,0
8db48ff4fc848433.jpg,rust,0,0,0,1,0,0
b4bf9ba04905fe06.jpg,frog_eye_leaf_spot,0,0,1,0,0,0
a0d2c0edc636563f.jpg,complex,0,0,0,0,0,1
e11a83ebd82c9f68.jpg,scab,0,1,0,0,0,0
9d1c4276f31093b7.jpg,rust,0,0,0,1,0,0
b86d90f2cdb380d9.jpg,scab frog_eye_leaf_spot,0,1,1,0,0,0
fd37824a0b15fe50.jpg,scab,0,1,0,0,0,0
91e93d80ea2bdd62.jpg,powdery_mildew,0,0,0,0,1,0
c087309bc278efe6.jpg,complex,0,0,0,0,0,1
c6c3e0fc39b43926.jpg,powdery_mildew,0,0,0,0,1,0
beb70fc360e0f038.jpg,scab,0,1,0,0,0,0
c3b555e0aed194cc.jpg,complex,0,0,0,0,0,1
ac43a5250bbf19cd.jpg,scab,0,1,0,0,0,0
b88cd081474b9aff.jpg,scab,0,1,0,0,0,0
c43c6851c354bfd6.jpg,rust,0,0,0,1,0,0
fba8d59054005efd.jpg,scab frog_eye_leaf_spot,0,1,1,0,0,0
92e26c597a34a8f9.jpg,powdery_mildew,0,0,0,0,1,0
fe941088e3fe203f.jpg,frog_eye_leaf_spot,0,0,1,0,0,0
c81e7f7340f43722.jpg,frog_eye_leaf_spot,0,0,1,0,0,0
efa9c7dc6b002155.jpg,scab,0,1,0,0,0,0
91f2b9c1036d7f81.jpg,complex,0,0,0,0,0,1
aabe52ee45670564.jpg,frog_eye_leaf_spot,0,0,1,0,0,0
cff02d717850c0b7.jpg,scab,0,1,0,0,0,0
f4f4e586589a8b98.jpg,frog_eye_leaf_spot,0,0,1,0,0,0
fe91c4918e9a9e58.jpg,healthy,1,0,0,0,0,0
a1e9d79ceabc1061.jpg,scab,0,1,0,0,0,0
f4c092bec9b4cd38.jpg,scab frog_eye_leaf_spot complex,0,1,1,0,0,1
9db4ff9418307079.jpg,frog_eye_leaf_spot,0,0,1,0,0,0
ff0a863660b26c9b.jpg,healthy,1,0,0,0,0,0
a1e8b67cc25569c9.jpg,healthy,1,0,0,0,0,0
f81fcdd00ce620de.jpg,healthy,1,0,0,0,0,0
c5d74a668d26d81b.jpg,frog_eye_leaf_spot,0,0,1,0,0,0
b449c0a8f9d1e3e3.jpg,scab,0,1,0,0,0,0
d49b65d289cdf242.jpg,frog_eye_leaf_spot,0,0,1,0,0,0
c1c63d9d2671383e.jpg,healthy,1,0,0,0,0,0
f886d22adb354b34.jpg,scab frog_eye_leaf_spot,0,1,1,0,0,0
a8b2e0cebdca92c3.jpg,powdery_mildew,0,0,0,0,1,0
e0db6703687fc928.jpg,rust,0,0,0,1,0,0
b5da750f9a3034d2.jpg,rust,0,0,0,1,0,0
803e3e74737c314d.jpg,scab,0,1,0,0,0,0
fcd4816e99711837.jpg,healthy,1,0,0,0,0,0
ff8bc02bcb3c8b20.jpg,complex,0,0,0,0,0,1
c3d2d9ad61c2e351.jpg,scab,0,1,0,0,0,0
83ec4bc2b8f36a38.jpg,powdery_mildew,0,0,0,0,1,0
c491bf9137de0307.jpg,complex,0,0,0,0,0,1
bacf4b8c6a3c3131.jpg,rust,0,0,0,1,0,0
d2ce48abb09a7559.jpg,frog_eye_leaf_spot,0,0,1,0,0,0
a9be91d69a43e981.jpg,healthy,1,0,0,0,0,0
f57533ba04e2c385.jpg,powdery_mildew,0,0,0,0,1,0
f4cf9f10696b052c.jpg,healthy,1,0,0,0,0,0
c7b037f4000ffd07.jpg,frog_eye_leaf_spot,0,0,1,0,0,0
f2d0c0c70e373ed1.jpg,complex,0,0,0,0,0,1
fa5e7484806a9fc5.jpg,rust,0,0,0,1,0,0
c6c870b22de53dcc.jpg,frog_eye_leaf_spot,0,0,1,0,0,0
b2a1478e59eb3b05.jpg,complex,0,0,0,0,0,1
8aff306a89259d66.jpg,powdery_mildew,0,0,0,0,1,0
ae14262be8af95b4.jpg,scab,0,1,0,0,0,0
ae4ab559144b3a7a.jpg,healthy,1,0,0,0,0,0
bee07c213c9fc6c0.jpg,rust,0,0,0,1,0,0
979a82f03a8770de.jpg,frog_eye_leaf_spot,0,0,1,0,0,0
d4528d6f0d8add51.jpg,healthy,1,0,0,0,0,0
bef36a0ee11c111b.jpg,powdery_mildew,0,0,0,0,1,0
aea9d69dc898a968.jpg,frog_eye_leaf_spot,0,0,1,0,0,0
97891870786e787e.jpg,scab frog_eye_leaf_spot,0,1,1,0,0,0
c6d0873f7821676c.jpg,powdery_mildew,0,0,0,0,1,0
faa5c7b1653192e0.jpg,scab,0,1,0,0,0,0
a06bd0b5cd90eccd.jpg,healthy,1,0,0,0,0,0
c6b2668ce0e9f51a.jpg,scab,0,1,0,0,0,0
e47f2080fa283eb7.jpg,rust,0,0,0,1,0,0
a9ab8d40e4f7261e.jpg,rust,0,0,0,1,0,0
a58597879f5f3030.jpg,rust,0,0,0,1,0,0
91d0d190ffb486b3.jpg,rust,0,0,0,1,0,0
ab528502851f5eef.jpg,scab,0,1,0,0,0,0
ebf463c1d8f82c28.jpg,scab frog_eye_leaf_spot,0,1,1,0,0,0
81dd8ff118a370c7.jpg,rust,0,0,0,1,0,0
84cb3a362cced993.jpg,healthy,1,0,0,0,0,0
9a65c292cdbb845b.jpg,scab,0,1,0,0,0,0
a296b39333c1e175.jpg,rust,0,0,0,1,0,0
e04f97a0da3649d6.jpg,healthy,1,0,0,0,0,0
f17a0fe3b8e409c1.jpg,powdery_mildew,0,0,0,0,1,0
ef32960a5ec5878c.jpg,scab,0,1,0,0,0,0
d76a2472bf41c427.jpg,scab,0,1,0,0,0,0
abbd39a75690426a.jpg,healthy,1,0,0,0,0,0
9deb1b81c42b4576.jpg,scab,0,1,0,0,0,0
d0fc54da438dcdc1.jpg,scab,0,1,0,0,0,0
804a9db4c7daf436.jpg,scab,0,1,0,0,0,0
a0ec94cd90ee1f96.jpg,scab,0,1,0,0,0,0
c0b6cd571cfb021b.jpg,complex,0,0,0,0,0,1
ef6463b8c002eb1f.jpg,frog_eye_leaf_spot,0,0,1,0,0,0
a5c3aa145f345d4e.jpg,frog_eye_leaf_spot,0,0,1,0,0,0
8b854dde304cfb64.jpg,frog_eye_leaf_spot,0,0,1,0,0,0
e07c07e1e251d4f9.jpg,scab frog_eye_leaf_spot complex,0,1,1,0,0,1
fa25c0bd6829f718.jpg,scab,0,1,0,0,0,0
f1c6e38ebe889a0c.jpg,frog_eye_leaf_spot,0,0,1,0,0,0
b66794d7c08a4f64.jpg,complex,0,0,0,0,0,1
ab5265bd8e1a9551.jpg,healthy,1,0,0,0,0,0
b317ad93543d8178.jpg,healthy,1,0,0,0,0,0
b92c45d624eb366c.jpg,scab,0,1,0,0,0,0
cccb301ddac79871.jpg,scab,0,1,0,0,0,0
e51dbe299c79080f.jpg,healthy,1,0,0,0,0,0
b5b92351794d0b4b.jpg,scab,0,1,0,0,0,0
df6070b067766662.jpg,frog_eye_leaf_spot,0,0,1,0,0,0
9671d504dcec087f.jpg,frog_eye_leaf_spot,0,0,1,0,0,0
c8e63fc07b497158.jpg,frog_eye_leaf_spot,0,0,1,0,0,0
a0f0b76a654445df.jpg,healthy,1,0,0,0,0,0
c4d60bf3969035e9.jpg,frog_eye_leaf_spot,0,0,1,0,0,0
f0ce832ccd38d5b4.jpg,scab,0,1,0,0,0,0
8b7ef0421e19ae5a.jpg,rust,0,0,0,1,0,0
a00bc74fdffc0e80.jpg,scab frog_eye_leaf_spot,0,1,1,0,0,0
9779c1be825e2c4a.jpg,powdery_mildew,0,0,0,0,1,0
bf22f63ed33ac010.jpg,complex,0,0,0,0,0,1
aca3233387eaf894.jpg,rust,0,0,0,1,0,0
956e992b3d25348d.jpg,scab frog_eye_leaf_spot,0,1,1,0,0,0
dce13e87c0ea45e2.jpg,scab,0,1,0,0,0,0
e08c00bf919a3fd7.jpg,frog_eye_leaf_spot,0,0,1,0,0,0
9595adc14b707517.jpg,frog_eye_leaf_spot,0,0,1,0,0,0
d5614ade2f30c947.jpg,healthy,1,0,0,0,0,0
e9d59435817c6ae4.jpg,frog_eye_leaf_spot,0,0,1,0,0,0
c53f60b9b8609f8c.jpg,healthy,1,0,0,0,0,0
8cac3723f1aa3d8a.jpg,powdery_mildew,0,0,0,0,1,0
859a97c60ce15af3.jpg,scab,0,1,0,0,0,0
c198432ba935fbd2.jpg,scab,0,1,0,0,0,0
a5f4d690f996428d.jpg,frog_eye_leaf_spot,0,0,1,0,0,0
86a468f86b8163f7.jpg,frog_eye_leaf_spot,0,0,1,0,0,0
f8b4d13b0bc179c1.jpg,healthy,1,0,0,0,0,0
97603f943f0ac1dc.jpg,healthy,1,0,0,0,0,0
ec86b5d8c968c98d.jpg,complex,0,0,0,0,0,1
bd49d23ec83a8a39.jpg,scab frog_eye_leaf_spot,0,1,1,0,0,0
e094f4191f3f097a.jpg,frog_eye_leaf_spot,0,0,1,0,0,0
f0d287ba61e0b6c6.jpg,scab,0,1,0,0,0,0
95e4f084be1eca9c.jpg,scab,0,1,0,0,0,0
e0d5f8d7b56018f0.jpg,rust,0,0,0,1,0,0
d0da398dcd2526d9.jpg,powdery_mildew,0,0,0,0,1,0
89896e4e5b99d07c.jpg,scab,0,1,0,0,0,0
bf45907ecb106d49.jpg,healthy,1,0,0,0,0,0
cd10d6dfdb9a880a.jpg,complex,0,0,0,0,0,1
ab91d1a9d4b49a6c.jpg,rust,0,0,0,1,0,0
c0b26d813aa7f94e.jpg,scab,0,1,0,0,0,0
a239d6d15e81f345.jpg,rust,0,0,0,1,0,0
f04ea77b8b128bb0.jpg,frog_eye_leaf_spot,0,0,1,0,0,0
b06a998f1a97cd52.jpg,powdery_mildew,0,0,0,0,1,0
85e8ffe5fea50004.jpg,scab,0,1,0,0,0,0
90f45f2e2d1e2789.jpg,healthy,1,0,0,0,0,0
ef819c07123f3b0b.jpg,scab,0,1,0,0,0,0
923852a8957a9f79.jpg,scab,0,1,0,0,0,0
a86b3a2ee587a50b.jpg,rust,0,0,0,1,0,0
a085c59e9ff86f40.jpg,rust complex,0,0,0,1,0,1
e8f7414af311f04e.jpg,scab,0,1,0,0,0,0
a8f260c397b796c2.jpg,rust,0,0,0,1,0,0
d0e558e8854ad4bf.jpg,scab,0,1,0,0,0,0
d97c18c4612e83fe.jpg,rust,0,0,0,1,0,0
fdb888a73896b158.jpg,healthy,1,0,0,0,0,0
e5f296b988c98c27.jpg,frog_eye_leaf_spot,0,0,1,0,0,0
f23982695aed13ac.jpg,scab frog_eye_leaf_spot complex,0,1,1,0,0,1
ede3c2885a30e3cd.jpg,rust,0,0,0,1,0,0
b4dfd2d2683cc4c2.jpg,complex,0,0,0,0,0,1
c6a517557a5a685a.jpg,rust,0,0,0,1,0,0
a4877159d3e28e5c.jpg,healthy,1,0,0,0,0,0
f1f01dbfc26496a0.jpg,scab,0,1,0,0,0,0
fad5d4a45e45284b.jpg,healthy,1,0,0,0,0,0
fcc007febe0cb811.jpg,scab,0,1,0,0,0,0
b7c19a87c1476e32.jpg,frog_eye_leaf_spot,0,0,1,0,0,0
8d98e55fc60bc954.jpg,scab frog_eye_leaf_spot,0,1,1,0,0,0
d7206fc730bf82c8.jpg,healthy,1,0,0,0,0,0
e1bd81a46d56e45a.jpg,healthy,1,0,0,0,0,0
a1f89448e061bf7b.jpg,healthy,1,0,0,0,0,0
856b83aac7afa544.jpg,scab,0,1,0,0,0,0
d917a469db1b0953.jpg,rust,0,0,0,1,0,0
d281d27f4f2929c6.jpg,rust complex,0,0,0,1,0,1
a1b29a439b8d45db.jpg,frog_eye_leaf_spot,0,0,1,0,0,0
fcf8cad027e5a182.jpg,healthy,1,0,0,0,0,0
9583e236a338bd8d.jpg,scab,0,1,0,0,0,0
c5691ba1c2975b3a.jpg,healthy,1,0,0,0,0,0
99c4c08add7e258f.jpg,scab,0,1,0,0,0,0
b488bc414b276fb6.jpg,scab,0,1,0,0,0,0
f5c5d09cc8d26d94.jpg,healthy,1,0,0,0,0,0
e9818f3e68409fdc.jpg,healthy,1,0,0,0,0,0
e831341fc0f1731f.jpg,complex,0,0,0,0,0,1
f10e4fda208af696.jpg,rust,0,0,0,1,0,0
ff2590584f2b48ec.jpg,rust,0,0,0,1,0,0
a33dda9670485772.jpg,scab,0,1,0,0,0,0
d4dcce4646e0bd34.jpg,complex,0,0,0,0,0,1
f36c8f1a10d131be.jpg,healthy,1,0,0,0,0,0
f887121de9f06726.jpg,scab,0,1,0,0,0,0
e4787a671ab512b1.jpg,scab,0,1,0,0,0,0
f435d222daeb8951.jpg,frog_eye_leaf_spot,0,0,1,0,0,0
cd2b3ceaf41c6a14.jpg,healthy,1,0,0,0,0,0
c0d17fd8d78460f4.jpg,frog_eye_leaf_spot,0,0,1,0,0,0
fc4269a4bde03fa0.jpg,frog_eye_leaf_spot,0,0,1,0,0,0
f59e3266b8674268.jpg,frog_eye_leaf_spot,0,0,1,0,0,0
a9a597d69aeaf001.jpg,rust,0,0,0,1,0,0
923f015f8cefd0c4.jpg,scab,0,1,0,0,0,0
a78bd9d4023176bc.jpg,powdery_mildew,0,0,0,0,1,0
d65a68a869772b07.jpg,frog_eye_leaf_spot,0,0,1,0,0,0
d23d60927f11fa0d.jpg,scab,0,1,0,0,0,0
b43f9094d89a3bc9.jpg,healthy,1,0,0,0,0,0
ef2699cc46946aaa.jpg,rust,0,0,0,1,0,0
9dfd78087ab4c2c4.jpg,scab,0,1,0,0,0,0
a1959cc092a3fb73.jpg,complex,0,0,0,0,0,1
e0d08380ecbe17bf.jpg,scab,0,1,0,0,0,0
eba5e0d501d0af8b.jpg,scab,0,1,0,0,0,0
b59a8a65752642b7.jpg,scab frog_eye_leaf_spot,0,1,1,0,0,0
b538cf471ea613d0.jpg,scab frog_eye_leaf_spot,0,1,1,0,0,0
c6e05f0619de3333.jpg,powdery_mildew,0,0,0,0,1,0
8b2ed323c3d1d499.jpg,scab,0,1,0,0,0,0
869c8acd737cc133.jpg,healthy,1,0,0,0,0,0
c4c711f2b71e6c0d.jpg,complex,0,0,0,0,0,1
ab83c05147c3cfe6.jpg,rust,0,0,0,1,0,0
eb49c08f5f14a91b.jpg,scab,0,1,0,0,0,0
eded84c35f6c3030.jpg,scab,0,1,0,0,0,0
db6294bdb39a00ad.jpg,frog_eye_leaf_spot,0,0,1,0,0,0
d23648cf298d36f4.jpg,healthy,1,0,0,0,0,0
dc32a161cfea9a19.jpg,healthy,1,0,0,0,0,0
f565cac1209b3b93.jpg,complex,0,0,0,0,0,1
beeb80cb8b85d702.jpg,scab,0,1,0,0,0,0
e39514961c59cccf.jpg,healthy,1,0,0,0,0,0
81ee3a9d45e1f883.jpg,scab,0,1,0,0,0,0
d6a5c30fade81c45.jpg,healthy,1,0,0,0,0,0
9403f85f88de92ba.jpg,scab,0,1,0,0,0,0
afd4e882c90d257d.jpg,scab,0,1,0,0,0,0
a8cd492386bb4af3.jpg,scab frog_eye_leaf_spot,0,1,1,0,0,0
f49f0a5e32a09f0b.jpg,powdery_mildew,0,0,0,0,1,0
ac27d2d2cfda450c.jpg,rust,0,0,0,1,0,0
c28eca2752e43ae7.jpg,healthy,1,0,0,0,0,0
fc6dac4dbc044785.jpg,healthy,1,0,0,0,0,0
b23434724e9bd4cb.jpg,powdery_mildew,0,0,0,0,1,0
d2693dc5b03c95b4.jpg,scab,0,1,0,0,0,0
c2969713135b39dc.jpg,powdery_mildew,0,0,0,0,1,0
ac768bf5ea9410b8.jpg,healthy,1,0,0,0,0,0
a5df700ea6545a5a.jpg,frog_eye_leaf_spot,0,0,1,0,0,0
abb8a707af00af51.jpg,healthy,1,0,0,0,0,0
d49a63bce881d8c7.jpg,frog_eye_leaf_spot,0,0,1,0,0,0
ea0055abe7d2127d.jpg,scab,0,1,0,0,0,0
c9d3a0e93919c766.jpg,powdery_mildew,0,0,0,0,1,0
df3f021ca2ea82ad.jpg,healthy,1,0,0,0,0,0
de89b7c2c8939253.jpg,scab,0,1,0,0,0,0
aad05785b8a577e0.jpg,healthy,1,0,0,0,0,0
f9a7c81249bd14e5.jpg,rust,0,0,0,1,0,0
c23066d02fc17deb.jpg,healthy,1,0,0,0,0,0
81b74d197aec78d0.jpg,frog_eye_leaf_spot,0,0,1,0,0,0
bdf581469f0a5598.jpg,scab,0,1,0,0,0,0
87c917a54876782f.jpg,complex,0,0,0,0,0,1
c6fb06d03f1a4dd0.jpg,scab,0,1,0,0,0,0
e0f6c61c4eb8698b.jpg,healthy,1,0,0,0,0,0
ee9d869d8d4a5509.jpg,scab,0,1,0,0,0,0
fbe0c937951203cb.jpg,frog_eye_leaf_spot,0,0,1,0,0,0
a4bf865aa1ca465d.jpg,frog_eye_leaf_spot complex,0,0,1,0,0,1
edf2c4a14663654b.jpg,frog_eye_leaf_spot,0,0,1,0,0,0
c3542f42de8f1693.jpg,rust,0,0,0,1,0,0
c88ca09ea69597d7.jpg,frog_eye_leaf_spot,0,0,1,0,0,0
9e27229aded47512.jpg,frog_eye_leaf_spot,0,0,1,0,0,0
dc24c9720d97359b.jpg,healthy,1,0,0,0,0,0
e38c19a82ff16ae2.jpg,healthy,1,0,0,0,0,0
852fea58ba36ca52.jpg,rust,0,0,0,1,0,0
94b3369fd0cb430e.jpg,scab,0,1,0,0,0,0
ebf6a6c28432629e.jpg,powdery_mildew,0,0,0,0,1,0
f5873e50d489684f.jpg,frog_eye_leaf_spot,0,0,1,0,0,0
dfe13414f8e508dc.jpg,scab,0,1,0,0,0,0
a5f092d8c06dcfe4.jpg,scab frog_eye_leaf_spot,0,1,1,0,0,0
85a493fedb0ac958.jpg,frog_eye_leaf_spot,0,0,1,0,0,0
c0e18cf07d1b2de9.jpg,healthy,1,0,0,0,0,0
df32c54b91cc32e8.jpg,healthy,1,0,0,0,0,0
d919d79a42d83b98.jpg,healthy,1,0,0,0,0,0
eaab759780fe0838.jpg,rust,0,0,0,1,0,0
ce5691178db8ac69.jpg,rust,0,0,0,1,0,0
f81e81303db46ed6.jpg,healthy,1,0,0,0,0,0
c40ff130b7e9d885.jpg,scab,0,1,0,0,0,0
fcc18dc9c5cc26d4.jpg,healthy,1,0,0,0,0,0
d9e23662a51e893e.jpg,powdery_mildew,0,0,0,0,1,0
f90fd28104a5bcf6.jpg,rust,0,0,0,1,0,0
b781cd2d0e265f13.jpg,scab frog_eye_leaf_spot complex,0,1,1,0,0,1
aebc3da2c49c96c1.jpg,healthy,1,0,0,0,0,0
cbe43c078d739169.jpg,scab,0,1,0,0,0,0
bdee9ac05588d658.jpg,healthy,1,0,0,0,0,0
a4f5b7e235c2d444.jpg,healthy,1,0,0,0,0,0
aa8cc1de8aaf9ca4.jpg,scab,0,1,0,0,0,0
d2890735fd04cb3b.jpg,scab,0,1,0,0,0,0
95575250487eed8b.jpg,healthy,1,0,0,0,0,0
ad5bcac021ff6838.jpg,healthy,1,0,0,0,0,0
87b7627ec0ccc3c2.jpg,healthy,1,0,0,0,0,0
99f34786dca28993.jpg,frog_eye_leaf_spot,0,0,1,0,0,0
8626168d7d3133d7.jpg,frog_eye_leaf_spot,0,0,1,0,0,0
e8838d79d456529e.jpg,rust,0,0,0,1,0,0
e1b6c46bec27121e.jpg,frog_eye_leaf_spot,0,0,1,0,0,0
85e387d76d987422.jpg,scab,0,1,0,0,0,0
f294f1c270e52ca7.jpg,healthy,1,0,0,0,0,0
95cf308cd04bee36.jpg,complex,0,0,0,0,0,1
81f86f0ff43c86d0.jpg,frog_eye_leaf_spot,0,0,1,0,0,0
a88795d8d2398b3d.jpg,powdery_mildew complex,0,0,0,0,1,1
ab91929fda89490f.jpg,healthy,1,0,0,0,0,0
d599cb1bb704f0c2.jpg,scab,0,1,0,0,0,0
b0c58a70c5b1379f.jpg,frog_eye_leaf_spot,0,0,1,0,0,0
f1b393f8674c22a4.jpg,scab,0,1,0,0,0,0
f5c1d6b74a9049ca.jpg,scab,0,1,0,0,0,0
f555bd39c239e060.jpg,complex,0,0,0,0,0,1
ccd33ad8e5818a4f.jpg,healthy,1,0,0,0,0,0
c9e5e7cc99b8830a.jpg,complex,0,0,0,0,0,1
e833c7c11e9f7098.jpg,healthy,1,0,0,0,0,0
d6f8a089edf32846.jpg,healthy,1,0,0,0,0,0
f460c3a787df5805.jpg,healthy,1,0,0,0,0,0
9b36d8a080376fda.jpg,rust,0,0,0,1,0,0
8abc65c20f33e4da.jpg,rust,0,0,0,1,0,0
d3da48873238cec7.jpg,frog_eye_leaf_spot,0,0,1,0,0,0
f8b0e3eca23dc609.jpg,scab,0,1,0,0,0,0
da088bc95dc1379d.jpg,frog_eye_leaf_spot,0,0,1,0,0,0
fa1643dbcb400f5a.jpg,healthy,1,0,0,0,0,0
b5f005b7c1c65cd1.jpg,powdery_mildew,0,0,0,0,1,0
e95c4760cde49897.jpg,complex,0,0,0,0,0,1
e8308669ec9772da.jpg,scab,0,1,0,0,0,0
98b88f7a6760c672.jpg,scab,0,1,0,0,0,0
93e671c6923b3a31.jpg,scab frog_eye_leaf_spot,0,1,1,0,0,0
8d642cc06b8fe78b.jpg,scab,0,1,0,0,0,0
bfd5c3aa200f33e0.jpg,scab,0,1,0,0,0,0
b090e0e1cdedacce.jpg,scab,0,1,0,0,0,0
dbf3e0b226450a9d.jpg,rust,0,0,0,1,0,0
ab639551459966bc.jpg,healthy,1,0,0,0,0,0
bd9f656c08087ab6.jpg,scab,0,1,0,0,0,0
833caa43cd6a56b6.jpg,complex,0,0,0,0,0,1
ff78c07e00052f9b.jpg,complex,0,0,0,0,0,1
d9c01d9e3e3f08d2.jpg,scab,0,1,0,0,0,0
aa91d21a93664fcd.jpg,complex,0,0,0,0,0,1
889cc66538c7b2cf.jpg,rust,0,0,0,1,0,0
fede9529eba83010.jpg,healthy,1,0,0,0,0,0
f1e2837839593a8e.jpg,frog_eye_leaf_spot,0,0,1,0,0,0
83a2d8f5cbe2896a.jpg,frog_eye_leaf_spot complex,0,0,1,0,0,1
85973e8072fad507.jpg,frog_eye_leaf_spot,0,0,1,0,0,0
b05de3994dd01ed4.jpg,frog_eye_leaf_spot,0,0,1,0,0,0
f845c39fce98a1a8.jpg,healthy,1,0,0,0,0,0
aff812da5f25101b.jpg,scab,0,1,0,0,0,0
cb9b25491465ceb5.jpg,scab,0,1,0,0,0,0
fd69d03083db1bc8.jpg,healthy,1,0,0,0,0,0
e8b9005f03073f6f.jpg,scab,0,1,0,0,0,0
844295be3789c6bb.jpg,healthy,1,0,0,0,0,0
d56f31f00ce6bd02.jpg,complex,0,0,0,0,0,1
a564f35bdc6c5602.jpg,healthy,1,0,0,0,0,0
e6ec82e83f3238d1.jpg,powdery_mildew,0,0,0,0,1,0
a5e996287cf72415.jpg,complex,0,0,0,0,0,1
97f4319a60038ff6.jpg,scab,0,1,0,0,0,0
b222d237ad349ef0.jpg,healthy,1,0,0,0,0,0
a9c9cb413a2c3aee.jpg,frog_eye_leaf_spot complex,0,0,1,0,0,1
cec6868e88163fba.jpg,frog_eye_leaf_spot,0,0,1,0,0,0
abb0d8a46b1a25cf.jpg,frog_eye_leaf_spot,0,0,1,0,0,0
a92e566c6b28ad2e.jpg,scab frog_eye_leaf_spot,0,1,1,0,0,0
f1258b4e187ec8b3.jpg,healthy,1,0,0,0,0,0
e51bd4d12d9de070.jpg,healthy,1,0,0,0,0,0
d4ceaaa7124ea783.jpg,frog_eye_leaf_spot,0,0,1,0,0,0
dfa33cc760e46268.jpg,scab,0,1,0,0,0,0
a5add7c29c8a9899.jpg,scab frog_eye_leaf_spot,0,1,1,0,0,0
c53c6034c0fb87d7.jpg,frog_eye_leaf_spot,0,0,1,0,0,0
e3d4b18fe0f098e2.jpg,healthy,1,0,0,0,0,0
f224c3f95f615c21.jpg,scab,0,1,0,0,0,0
ffc3e383c8f92012.jpg,frog_eye_leaf_spot,0,0,1,0,0,0
85a5c4dd5ed2b868.jpg,frog_eye_leaf_spot,0,0,1,0,0,0
841ec6647abf954c.jpg,scab frog_eye_leaf_spot complex,0,1,1,0,0,1
8d1a6772727115d3.jpg,complex,0,0,0,0,0,1
c8a63eeb680f215e.jpg,frog_eye_leaf_spot,0,0,1,0,0,0
b55348c3b53ca95c.jpg,healthy,1,0,0,0,0,0
f2b3869933c3e126.jpg,powdery_mildew,0,0,0,0,1,0
8baada949b911177.jpg,healthy,1,0,0,0,0,0
ddc9281b19ed9370.jpg,frog_eye_leaf_spot,0,0,1,0,0,0
e15fe19ec1a84ba4.jpg,healthy,1,0,0,0,0,0
99d03881b7d7d23c.jpg,frog_eye_leaf_spot,0,0,1,0,0,0
a2e39a7829156f8e.jpg,scab,0,1,0,0,0,0
9279f283dad209da.jpg,frog_eye_leaf_spot,0,0,1,0,0,0
a4b57ed29e341619.jpg,frog_eye_leaf_spot,0,0,1,0,0,0
dc7185cc1ea72c87.jpg,scab,0,1,0,0,0,0
95b1e94a23f5a958.jpg,powdery_mildew,0,0,0,0,1,0
a081d4e09f0b9efe.jpg,healthy,1,0,0,0,0,0
96c8d2c5ef322f90.jpg,scab,0,1,0,0,0,0
e88d1bbd624e9c34.jpg,powdery_mildew,0,0,0,0,1,0
fe4840de655aa8ad.jpg,healthy,1,0,0,0,0,0
b40dca9a9469ad6b.jpg,healthy,1,0,0,0,0,0
d61236da9659d538.jpg,rust,0,0,0,1,0,0
bf7e9ec08081f9c2.jpg,complex,0,0,0,0,0,1
82c8749539643fee.jpg,complex,0,0,0,0,0,1
c66ce7a4c03d3356.jpg,frog_eye_leaf_spot,0,0,1,0,0,0
d5997dc18d344ce4.jpg,scab,0,1,0,0,0,0
ae95d4dac061ec27.jpg,healthy,1,0,0,0,0,0
cfbd2c3e3e143230.jpg,healthy,1,0,0,0,0,0
b7a7428280dac3df.jpg,frog_eye_leaf_spot,0,0,1,0,0,0
d5ceab404ae7b8a1.jpg,scab,0,1,0,0,0,0
b6268133e6c9eacc.jpg,frog_eye_leaf_spot,0,0,1,0,0,0
bc9668d8ae99945c.jpg,healthy,1,0,0,0,0,0
b2c9ca954e6c6c56.jpg,healthy,1,0,0,0,0,0
d24d24f0f81a37e3.jpg,scab,0,1,0,0,0,0
879cca9598966976.jpg,healthy,1,0,0,0,0,0
a4dc8f289e77502d.jpg,healthy,1,0,0,0,0,0
f3027828cc357c6f.jpg,rust,0,0,0,1,0,0
fcd3a0b384b272d2.jpg,scab,0,1,0,0,0,0
b474c37a72e47123.jpg,frog_eye_leaf_spot,0,0,1,0,0,0
d624c28e67cc179e.jpg,complex,0,0,0,0,0,1
edda50958b8273ac.jpg,frog_eye_leaf_spot,0,0,1,0,0,0
fca7d5c43194603b.jpg,healthy,1,0,0,0,0,0
a56583d27b4d10fa.jpg,healthy,1,0,0,0,0,0
f64e9a7f7d08d080.jpg,scab,0,1,0,0,0,0
fff06a9e0903a558.jpg,scab,0,1,0,0,0,0
b0e8e8da9fbb08e0.jpg,rust,0,0,0,1,0,0
d7b0e0e75a90274e.jpg,healthy,1,0,0,0,0,0
c1a972977e88b49c.jpg,complex,0,0,0,0,0,1
ebfe5005f9071c0d.jpg,scab,0,1,0,0,0,0
83b8d8fa6d0b3683.jpg,frog_eye_leaf_spot,0,0,1,0,0,0
d60ba2a5da345d72.jpg,scab frog_eye_leaf_spot,0,1,1,0,0,0
f063873484735b9b.jpg,healthy,1,0,0,0,0,0
e59ed2dc91b002bb.jpg,healthy,1,0,0,0,0,0
c3a3bcc20364e6cf.jpg,rust,0,0,0,1,0,0
98cd9966d30ec3e1.jpg,healthy,1,0,0,0,0,0
cb81ada23193d6ae.jpg,frog_eye_leaf_spot,0,0,1,0,0,0
c44bdb39929363ac.jpg,healthy,1,0,0,0,0,0
c2ea42b4da3fe164.jpg,healthy,1,0,0,0,0,0
ff8c944858bc789c.jpg,healthy,1,0,0,0,0,0
9ed17032dce2f984.jpg,powdery_mildew,0,0,0,0,1,0
bdd2968abe157128.jpg,healthy,1,0,0,0,0,0
f40d43e099b3b4f1.jpg,frog_eye_leaf_spot,0,0,1,0,0,0
d5f23e9006c8e7e1.jpg,scab,0,1,0,0,0,0
a5f1d0cb48b56d34.jpg,healthy,1,0,0,0,0,0
a03fcf005a91fab9.jpg,rust,0,0,0,1,0,0
c476977a9a49489d.jpg,scab frog_eye_leaf_spot,0,1,1,0,0,0
fe0883b0bb75a0cd.jpg,rust,0,0,0,1,0,0
adf48c874e4e3664.jpg,rust,0,0,0,1,0,0
cecd3eb083c45536.jpg,powdery_mildew,0,0,0,0,1,0
e5c361c39f151e38.jpg,frog_eye_leaf_spot,0,0,1,0,0,0
8d8f2cce34a593d2.jpg,frog_eye_leaf_spot,0,0,1,0,0,0
a1a171d3a7adce50.jpg,healthy,1,0,0,0,0,0
f0bfdbc108a0f88e.jpg,healthy,1,0,0,0,0,0
9df99511c8c1e96c.jpg,scab,0,1,0,0,0,0
a05a70e5820f3aff.jpg,healthy,1,0,0,0,0,0
c1c2b5d2491f66dc.jpg,healthy,1,0,0,0,0,0
81ee9fb0217b14d3.jpg,rust complex,0,0,0,1,0,1
e9909c3e2ef98d81.jpg,scab,0,1,0,0,0,0
e2dbc7222f866331.jpg,healthy,1,0,0,0,0,0
a3ec12d7ca2a07b5.jpg,complex,0,0,0,0,0,1
9ef52b2fe0c4944a.jpg,rust,0,0,0,1,0,0
b4c79b9ae8e4190d.jpg,frog_eye_leaf_spot,0,0,1,0,0,0
e41f12b0bd33907e.jpg,frog_eye_leaf_spot,0,0,1,0,0,0
c4c6682fbf124da9.jpg,healthy,1,0,0,0,0,0
90a98119adbc3ef6.jpg,frog_eye_leaf_spot,0,0,1,0,0,0
8a62b42b56976baa.jpg,healthy,1,0,0,0,0,0
cab739e78299d08a.jpg,healthy,1,0,0,0,0,0
deef9a7818684187.jpg,healthy,1,0,0,0,0,0
ad17d11fe75a8450.jpg,healthy,1,0,0,0,0,0
e58c9c9898999abb.jpg,frog_eye_leaf_spot,0,0,1,0,0,0
aae2cd2a2f9522cb.jpg,frog_eye_leaf_spot,0,0,1,0,0,0
ada7c4b3c469887a.jpg,scab frog_eye_leaf_spot complex,0,1,1,0,0,1
b109d8d2cedb86e2.jpg,frog_eye_leaf_spot complex,0,0,1,0,0,1
d9817f0ef4c8e483.jpg,scab,0,1,0,0,0,0
df0120df640a6f3b.jpg,scab,0,1,0,0,0,0
97e5029339d7704e.jpg,scab,0,1,0,0,0,0
bde59b9680f3620c.jpg,healthy,1,0,0,0,0,0
b76b84406eb75545.jpg,healthy,1,0,0,0,0,0
f08ac2505faf0b67.jpg,healthy,1,0,0,0,0,0
969a9af9198196b3.jpg,healthy,1,0,0,0,0,0
81a2b7d5aa80dd3e.jpg,frog_eye_leaf_spot,0,0,1,0,0,0
a93f80b255d1fc8a.jpg,healthy,1,0,0,0,0,0
d5f8c90d8a2e7652.jpg,rust,0,0,0,1,0,0
83e9129f948c5de5.jpg,complex,0,0,0,0,0,1
e589c21cebe634c6.jpg,scab frog_eye_leaf_spot,0,1,1,0,0,0
c1deb0915a61be5a.jpg,rust,0,0,0,1,0,0
b00b1fe017ee41dd.jpg,healthy,1,0,0,0,0,0
b9ce80861ed2f653.jpg,scab,0,1,0,0,0,0
dc6598c141d627be.jpg,rust,0,0,0,1,0,0
f16bdbc74a18182d.jpg,frog_eye_leaf_spot,0,0,1,0,0,0
af64a4d4ca461acf.jpg,rust,0,0,0,1,0,0
9ec47e42fe052729.jpg,rust,0,0,0,1,0,0
f5a03ef22707858e.jpg,rust,0,0,0,1,0,0
ae85a8dd702717a3.jpg,healthy,1,0,0,0,0,0
d3ed4bac0c211bd3.jpg,rust,0,0,0,1,0,0
d73b2cd90f4886b4.jpg,healthy,1,0,0,0,0,0
fc01c4e1d01ffba8.jpg,frog_eye_leaf_spot,0,0,1,0,0,0
a4d099c85fac4b3b.jpg,scab frog_eye_leaf_spot complex,0,1,1,0,0,1
afa0d4fc8a7aec20.jpg,complex,0,0,0,0,0,1
d433ca323d8a6b8b.jpg,healthy,1,0,0,0,0,0
c69ab316ac23743e.jpg,scab,0,1,0,0,0,0
87a5489f1e4dc3d2.jpg,scab,0,1,0,0,0,0
b3f8e1812e3136ba.jpg,scab,0,1,0,0,0,0
ceaf6d073c0bd700.jpg,rust,0,0,0,1,0,0
c28d575fb12121be.jpg,scab,0,1,0,0,0,0
f52fb7251346151a.jpg,scab,0,1,0,0,0,0
fc8dc0c1179f545a.jpg,scab,0,1,0,0,0,0
c7750ed1c6c5b90a.jpg,frog_eye_leaf_spot,0,0,1,0,0,0
cad12b68f5a70cc6.jpg,powdery_mildew,0,0,0,0,1,0
aa76853269cb66c9.jpg,healthy,1,0,0,0,0,0
b26a4981bec98e6d.jpg,healthy,1,0,0,0,0,0
ad95f575c2b42816.jpg,healthy,1,0,0,0,0,0
8e099418216fefeb.jpg,powdery_mildew,0,0,0,0,1,0
c49612b137e2ef25.jpg,powdery_mildew,0,0,0,0,1,0
c7f5c0eb0ca38587.jpg,scab,0,1,0,0,0,0
d5e6b780a94921d7.jpg,scab,0,1,0,0,0,0
f627b6f849324931.jpg,healthy,1,0,0,0,0,0
8db66ec9883c8d71.jpg,complex,0,0,0,0,0,1
a87d10bdca3c9569.jpg,scab,0,1,0,0,0,0
af8194f5d202b3d6.jpg,powdery_mildew,0,0,0,0,1,0
a0059f36ad36b4ec.jpg,frog_eye_leaf_spot,0,0,1,0,0,0
a49bd61d8de446c6.jpg,healthy,1,0,0,0,0,0
d4d9a0c63238cbfc.jpg,healthy,1,0,0,0,0,0
faddc1888f880df8.jpg,healthy,1,0,0,0,0,0
915837c02b5f61bd.jpg,scab,0,1,0,0,0,0
f4114b0efb7b84a4.jpg,rust,0,0,0,1,0,0
cbb4efc81a2ca04f.jpg,healthy,1,0,0,0,0,0
a5ba8fe3588509ce.jpg,frog_eye_leaf_spot,0,0,1,0,0,0
e3c66218ecda2a97.jpg,frog_eye_leaf_spot,0,0,1,0,0,0
ff15e21f06fa41c0.jpg,healthy,1,0,0,0,0,0
b8277d9887d94585.jpg,scab,0,1,0,0,0,0
c53c9f62380fe0cd.jpg,healthy,1,0,0,0,0,0
ea1ed5cd5add4108.jpg,healthy,1,0,0,0,0,0
a0e388e61f9c5cb9.jpg,healthy,1,0,0,0,0,0
eb66c3e3c112c5d2.jpg,healthy,1,0,0,0,0,0
f5a5c4f50f8a8478.jpg,healthy,1,0,0,0,0,0
968ec735bd21784c.jpg,complex,0,0,0,0,0,1
ffe4c0878d50b4b8.jpg,scab,0,1,0,0,0,0
b5e258171d9678b8.jpg,complex,0,0,0,0,0,1
c73c37991ae35c05.jpg,scab,0,1,0,0,0,0
a12cde80caedc557.jpg,scab,0,1,0,0,0,0
a171e2db3ac39893.jpg,complex,0,0,0,0,0,1
95a921b75e401afe.jpg,rust,0,0,0,1,0,0
e4f022f5c4f6e4a8.jpg,scab,0,1,0,0,0,0
fa96179690506c6f.jpg,healthy,1,0,0,0,0,0
d3b527cb602cdb18.jpg,powdery_mildew complex,0,0,0,0,1,1
fd9fd07f0040d29c.jpg,rust,0,0,0,1,0,0
a7a9e3478bc30356.jpg,healthy,1,0,0,0,0,0
bfcbd093ca82c1e4.jpg,frog_eye_leaf_spot,0,0,1,0,0,0
b2de96165a27a1e2.jpg,healthy,1,0,0,0,0,0
8d334c9373cd9853.jpg,healthy,1,0,0,0,0,0
c8d49ee1f564068f.jpg,healthy,1,0,0,0,0,0
f869cb5a3c941c4e.jpg,complex,0,0,0,0,0,1
c0a44df22ed5c2af.jpg,frog_eye_leaf_spot,0,0,1,0,0,0
ff88c51c70b0e2d6.jpg,healthy,1,0,0,0,0,0
912cf1c5b395b16a.jpg,scab,0,1,0,0,0,0
acf88742c8aa5e73.jpg,frog_eye_leaf_spot,0,0,1,0,0,0
b8e6916cd10cd3f4.jpg,scab frog_eye_leaf_spot,0,1,1,0,0,0
da73c04b8b7e2865.jpg,healthy,1,0,0,0,0,0
f29f03400ff71c4d.jpg,scab,0,1,0,0,0,0
af14d629ea6f1826.jpg,scab,0,1,0,0,0,0
d8adabc034d7b04e.jpg,scab frog_eye_leaf_spot,0,1,1,0,0,0
b5e5c1bad09a15b8.jpg,complex,0,0,0,0,0,1
d0e05a4eb77921f2.jpg,complex,0,0,0,0,0,1
dcf88a9264b663a5.jpg,rust complex,0,0,0,1,0,1
84bd249a33788fa7.jpg,healthy,1,0,0,0,0,0
c91fb33e1dc024cb.jpg,complex,0,0,0,0,0,1
bfe090b64bd00de9.jpg,frog_eye_leaf_spot,0,0,1,0,0,0
e2d6da84d93a632a.jpg,frog_eye_leaf_spot,0,0,1,0,0,0
dcf1dc81d70416ae.jpg,scab,0,1,0,0,0,0
d7e9f82e8c0611cd.jpg,powdery_mildew,0,0,0,0,1,0
a39fc4ca3e67b060.jpg,frog_eye_leaf_spot,0,0,1,0,0,0
da907435d1479b3c.jpg,powdery_mildew,0,0,0,0,1,0
e5e53a2c1989d8ce.jpg,frog_eye_leaf_spot,0,0,1,0,0,0
c34dde07e0f0703e.jpg,frog_eye_leaf_spot,0,0,1,0,0,0
ed07c5684760b2f3.jpg,healthy,1,0,0,0,0,0
9545a4a5cb82cfda.jpg,scab,0,1,0,0,0,0
92b2e949b781ab8b.jpg,scab,0,1,0,0,0,0
9cd8737391d5c960.jpg,rust,0,0,0,1,0,0
c7f9872221cc964f.jpg,frog_eye_leaf_spot,0,0,1,0,0,0
81bee66560af6943.jpg,frog_eye_leaf_spot,0,0,1,0,0,0
958d2d6b3b3318ac.jpg,powdery_mildew,0,0,0,0,1,0
96dcc4bad491632b.jpg,complex,0,0,0,0,0,1
d0b23cd0e06f157e.jpg,scab,0,1,0,0,0,0
ab5468d49775859c.jpg,rust,0,0,0,1,0,0
a0d29ce28d7ed654.jpg,frog_eye_leaf_spot,0,0,1,0,0,0
9d6acb154f9932c8.jpg,healthy,1,0,0,0,0,0
a78f97b190ba1562.jpg,frog_eye_leaf_spot,0,0,1,0,0,0
b6c0c8eda5e4c6e8.jpg,frog_eye_leaf_spot,0,0,1,0,0,0
a4bb97b2cdd00b49.jpg,healthy,1,0,0,0,0,0
b86cd0b44590d5fd.jpg,frog_eye_leaf_spot,0,0,1,0,0,0
80e2c3d2afc9782f.jpg,healthy,1,0,0,0,0,0
fc12c3e0c0b77399.jpg,complex,0,0,0,0,0,1
e585859a1fbc50e5.jpg,scab frog_eye_leaf_spot complex,0,1,1,0,0,1
b481c2993d7c7d61.jpg,frog_eye_leaf_spot,0,0,1,0,0,0
91db9b9a7cf40407.jpg,complex,0,0,0,0,0,1
c87934aa9e58aa5e.jpg,powdery_mildew,0,0,0,0,1,0
e0e2c3863fbc5a19.jpg,scab,0,1,0,0,0,0
a8c195933f2f854d.jpg,complex,0,0,0,0,0,1
bcc9e9e9c10b0795.jpg,powdery_mildew,0,0,0,0,1,0
db9961a5d34242cf.jpg,frog_eye_leaf_spot,0,0,1,0,0,0
853275bbd0cd312d.jpg,healthy,1,0,0,0,0,0
f9c08ed8e03d90af.jpg,complex,0,0,0,0,0,1
c7ab7f6199e4001e.jpg,scab,0,1,0,0,0,0
fe468f66d44780d4.jpg,scab,0,1,0,0,0,0
ee62d4b75eb06085.jpg,scab,0,1,0,0,0,0
f4b5d4d9c6c16426.jpg,frog_eye_leaf_spot,0,0,1,0,0,0
c5aff2e545d0a129.jpg,complex,0,0,0,0,0,1
8072861fcb8fb46d.jpg,frog_eye_leaf_spot,0,0,1,0,0,0
be959a0a02e0c7fd.jpg,scab,0,1,0,0,0,0
bee099878e1c6674.jpg,healthy,1,0,0,0,0,0
ead0c9df8a1dd501.jpg,powdery_mildew,0,0,0,0,1,0
d66fcb790c992113.jpg,complex,0,0,0,0,0,1
cb6d353a9a42ebc0.jpg,frog_eye_leaf_spot,0,0,1,0,0,0
bdf6c0c0d827e61a.jpg,rust,0,0,0,1,0,0
e41d6b09a5f5934a.jpg,healthy,1,0,0,0,0,0
a1fa72e822bc2997.jpg,rust,0,0,0,1,0,0
ff0cd19c83ac878a.jpg,complex,0,0,0,0,0,1
d72482b49f346ad6.jpg,healthy,1,0,0,0,0,0
84a271e27b99f81d.jpg,frog_eye_leaf_spot,0,0,1,0,0,0
a362a3e2cb8b65c5.jpg,scab,0,1,0,0,0,0
c74f99338cd8e039.jpg,scab,0,1,0,0,0,0
fbbc9249c7805d83.jpg,scab,0,1,0,0,0,0
af84b58655ae4365.jpg,scab,0,1,0,0,0,0
d56e4aaa7b20c5c5.jpg,scab,0,1,0,0,0,0
d2972b4bc332d22d.jpg,rust,0,0,0,1,0,0
d973c60c3961c2cf.jpg,complex,0,0,0,0,0,1
93ca66845df1b623.jpg,healthy,1,0,0,0,0,0
f44a8e3c1d31a5cb.jpg,scab,0,1,0,0,0,0
e0e0c48286afe7ed.jpg,healthy,1,0,0,0,0,0
df979e8ac8e02562.jpg,scab frog_eye_leaf_spot,0,1,1,0,0,0
803553d5df59cac2.jpg,scab,0,1,0,0,0,0
97787ab88e81292f.jpg,healthy,1,0,0,0,0,0
f0db82e97aa534a4.jpg,healthy,1,0,0,0,0,0
e0b1c0c98bef256e.jpg,scab,0,1,0,0,0,0
b18c4789c6e71b55.jpg,rust,0,0,0,1,0,0
fcddc0c2c79bc2c0.jpg,complex,0,0,0,0,0,1
dadf63b0b00fd148.jpg,complex,0,0,0,0,0,1
daa8c2f5cf32c930.jpg,complex,0,0,0,0,0,1
94ac02feb507fc07.jpg,scab,0,1,0,0,0,0
c7b842e578ce446b.jpg,complex,0,0,0,0,0,1
b962a0a79fa43696.jpg,rust,0,0,0,1,0,0
db49c4e8362dcce4.jpg,frog_eye_leaf_spot,0,0,1,0,0,0
f8c08b3db9f801ba.jpg,complex,0,0,0,0,0,1
dfcd2f2e9b624210.jpg,frog_eye_leaf_spot,0,0,1,0,0,0
eaf0a0df1879930e.jpg,frog_eye_leaf_spot,0,0,1,0,0,0
b026c983c5cf4fcc.jpg,complex,0,0,0,0,0,1
e6e6ad2db2536484.jpg,powdery_mildew,0,0,0,0,1,0
9b56ce8e0b172527.jpg,frog_eye_leaf_spot,0,0,1,0,0,0
ded1e4ce780a790c.jpg,powdery_mildew,0,0,0,0,1,0
ab0fc59749364dc2.jpg,scab,0,1,0,0,0,0
f0ca94e9d6353e30.jpg,healthy,1,0,0,0,0,0
f915b2fa58e9e018.jpg,scab,0,1,0,0,0,0
c3aaf523c207dd15.jpg,scab,0,1,0,0,0,0
afd5749a875298a4.jpg,rust complex,0,0,0,1,0,1
81c36e378473c93e.jpg,powdery_mildew,0,0,0,0,1,0
950207caf3f2e1d9.jpg,frog_eye_leaf_spot,0,0,1,0,0,0
fea5502a8925cb7c.jpg,healthy,1,0,0,0,0,0
fc0a0f0f61672e3a.jpg,powdery_mildew,0,0,0,0,1,0
cc8721936c96a7b9.jpg,scab,0,1,0,0,0,0
f6aa1ed16a420d8f.jpg,frog_eye_leaf_spot,0,0,1,0,0,0
b00ed005cdf636db.jpg,healthy,1,0,0,0,0,0
fed462252d21599b.jpg,healthy,1,0,0,0,0,0
958fe16fc99640a5.jpg,complex,0,0,0,0,0,1
8d4c3e7bc3ae8c88.jpg,rust,0,0,0,1,0,0
abf4b0f4d010e8fa.jpg,scab,0,1,0,0,0,0
d01d469f947454fa.jpg,frog_eye_leaf_spot,0,0,1,0,0,0
bf24d933c0d88747.jpg,healthy,1,0,0,0,0,0
c239bc93cac3315d.jpg,scab,0,1,0,0,0,0
e9e031e1e1cf6383.jpg,healthy,1,0,0,0,0,0
aae6919583da4a79.jpg,healthy,1,0,0,0,0,0
a0c994ca6b303dbf.jpg,healthy,1,0,0,0,0,0
b4d283a4d843eda7.jpg,scab frog_eye_leaf_spot,0,1,1,0,0,0
a4e484f23a9bc9d9.jpg,powdery_mildew complex,0,0,0,0,1,1
dfa219a18cc3a5f4.jpg,healthy,1,0,0,0,0,0
8541eaf0b42cdbe6.jpg,rust,0,0,0,1,0,0
c44d7e3338199d71.jpg,powdery_mildew,0,0,0,0,1,0
82c68b8f671a9ed2.jpg,complex,0,0,0,0,0,1
bd7bd4c0b68d0a64.jpg,healthy,1,0,0,0,0,0
96922bcb8358e769.jpg,healthy,1,0,0,0,0,0
adeeb4d250a29b25.jpg,scab,0,1,0,0,0,0
8f8aa0afd2b61656.jpg,scab,0,1,0,0,0,0
bd3f96600b426d2e.jpg,scab,0,1,0,0,0,0
bc1c17bd40136fb8.jpg,scab,0,1,0,0,0,0
ffcf0ac0b08871ec.jpg,healthy,1,0,0,0,0,0
e6e0c9ce668692cb.jpg,scab,0,1,0,0,0,0
d7fa11c28d518a3d.jpg,scab,0,1,0,0,0,0
b586c89971656697.jpg,complex,0,0,0,0,0,1
e26867cf9c5c98b0.jpg,complex,0,0,0,0,0,1
d3bfc1646610eea8.jpg,complex,0,0,0,0,0,1
b59a9518c50fc43f.jpg,healthy,1,0,0,0,0,0
a3c3c0633ec1793d.jpg,powdery_mildew complex,0,0,0,0,1,1
a02f6351c59f5d92.jpg,scab,0,1,0,0,0,0
97a964c98d945f1c.jpg,scab,0,1,0,0,0,0
aa90a9964abc567d.jpg,healthy,1,0,0,0,0,0
a7158e6b1c7413f1.jpg,frog_eye_leaf_spot,0,0,1,0,0,0
8daa52da8897ea4b.jpg,frog_eye_leaf_spot,0,0,1,0,0,0
d0f01af67c6e6498.jpg,healthy,1,0,0,0,0,0
c0833bfd3c7c2839.jpg,scab,0,1,0,0,0,0
f1e1979e1ab23701.jpg,healthy,1,0,0,0,0,0
e59f34d446050f79.jpg,frog_eye_leaf_spot,0,0,1,0,0,0
ff508b643c27311d.jpg,scab,0,1,0,0,0,0
a9be41c0964f8b5e.jpg,complex,0,0,0,0,0,1
e5a21a9ad2d3dac2.jpg,frog_eye_leaf_spot,0,0,1,0,0,0
faf0d503e22e0735.jpg,scab,0,1,0,0,0,0
adf991c9db48908b.jpg,rust,0,0,0,1,0,0
ff3883f02ecb20d8.jpg,scab,0,1,0,0,0,0
caac3b84835e4ae7.jpg,powdery_mildew,0,0,0,0,1,0
db9d0c6fb1247c50.jpg,scab,0,1,0,0,0,0
9bd06de433b285d8.jpg,powdery_mildew,0,0,0,0,1,0
9658c666c5476d4d.jpg,complex,0,0,0,0,0,1
aa1fbf91ce886168.jpg,scab,0,1,0,0,0,0
e22b4dcd57507711.jpg,frog_eye_leaf_spot,0,0,1,0,0,0
dd3cc0d83f87183c.jpg,scab,0,1,0,0,0,0
aa2bd5fd40cc289e.jpg,scab,0,1,0,0,0,0
ddb0072db814ad7a.jpg,complex,0,0,0,0,0,1
d0c821fcd1f5d30d.jpg,scab,0,1,0,0,0,0
aeb2940bdcff4a04.jpg,scab,0,1,0,0,0,0
95ebd84a28b864f3.jpg,frog_eye_leaf_spot,0,0,1,0,0,0
d9e17c541c9f30d2.jpg,scab,0,1,0,0,0,0
e985f652026acbea.jpg,scab,0,1,0,0,0,0
adb91eed9e942051.jpg,scab,0,1,0,0,0,0
b793cbcc64a84c6c.jpg,frog_eye_leaf_spot,0,0,1,0,0,0
be8495536175517c.jpg,rust,0,0,0,1,0,0
e5f98909a3753523.jpg,frog_eye_leaf_spot,0,0,1,0,0,0
8df430d741d903af.jpg,frog_eye_leaf_spot,0,0,1,0,0,0
ab729ba3d25c4b88.jpg,scab frog_eye_leaf_spot,0,1,1,0,0,0
e8f0981acbdd49c9.jpg,healthy,1,0,0,0,0,0
ff3ae03f80710f60.jpg,rust,0,0,0,1,0,0
983d736954eba458.jpg,powdery_mildew,0,0,0,0,1,0
81c97e70bcc6f183.jpg,frog_eye_leaf_spot,0,0,1,0,0,0
879f394b2da49643.jpg,rust,0,0,0,1,0,0
968f2675e848cdc9.jpg,complex,0,0,0,0,0,1
94bfc8e64d521dc2.jpg,scab,0,1,0,0,0,0
e8f99633003166fb.jpg,rust,0,0,0,1,0,0
da32a31d92652fc9.jpg,complex,0,0,0,0,0,1
a8afda90c1eaca8d.jpg,frog_eye_leaf_spot,0,0,1,0,0,0
f6b5d0cdc5d204d2.jpg,complex,0,0,0,0,0,1
b0e5e7950a97f601.jpg,scab,0,1,0,0,0,0
8a4772d191dcd969.jpg,frog_eye_leaf_spot,0,0,1,0,0,0
d69a6d682326479d.jpg,powdery_mildew,0,0,0,0,1,0
fa9f27026d4e9154.jpg,scab,0,1,0,0,0,0
f0fe2f85033c1f21.jpg,scab,0,1,0,0,0,0
923c39b5b8c1cba3.jpg,scab,0,1,0,0,0,0
8461cb356f1da22f.jpg,scab,0,1,0,0,0,0
f5e0d66a8a29da31.jpg,frog_eye_leaf_spot,0,0,1,0,0,0
a984d78737f6904a.jpg,complex,0,0,0,0,0,1
af0b952443ee039f.jpg,frog_eye_leaf_spot,0,0,1,0,0,0
9fce8f6621b0f890.jpg,complex,0,0,0,0,0,1
ef3096ecb2a0870f.jpg,healthy,1,0,0,0,0,0
f5cac584c2bcd32c.jpg,scab,0,1,0,0,0,0
bf0098f3d813aaae.jpg,scab,0,1,0,0,0,0
ad4a85419ed578d5.jpg,rust,0,0,0,1,0,0
afa1636082c6de6e.jpg,scab,0,1,0,0,0,0
88e5ebe815a354ab.jpg,powdery_mildew,0,0,0,0,1,0
e1fb9008d3c0cbeb.jpg,complex,0,0,0,0,0,1
c3e5f0d4d2b183a3.jpg,healthy,1,0,0,0,0,0
9d726222ad7ae196.jpg,powdery_mildew,0,0,0,0,1,0
81b74b16fc89f80e.jpg,healthy,1,0,0,0,0,0
852f58ed44ad6a55.jpg,scab,0,1,0,0,0,0
a5a1d283c383cf8f.jpg,scab,0,1,0,0,0,0
f43ccaca9b3ab052.jpg,complex,0,0,0,0,0,1
833c97cd34eb4526.jpg,healthy,1,0,0,0,0,0
aa61d7a59e1494dc.jpg,healthy,1,0,0,0,0,0
b7fee494408ca1ce.jpg,scab,0,1,0,0,0,0
f585c0836b7d3478.jpg,healthy,1,0,0,0,0,0
d01f5059f4ed5538.jpg,powdery_mildew,0,0,0,0,1,0
9c744e8e2796433e.jpg,scab frog_eye_leaf_spot,0,1,1,0,0,0
9a223715553a6eae.jpg,scab,0,1,0,0,0,0
a8e895e5aad453a5.jpg,rust,0,0,0,1,0,0
b4bc4fc1654fe1c0.jpg,frog_eye_leaf_spot,0,0,1,0,0,0
f8bbd452caa1cd44.jpg,frog_eye_leaf_spot,0,0,1,0,0,0
81bf24c79372651d.jpg,scab,0,1,0,0,0,0
d4fe7cb468491989.jpg,healthy,1,0,0,0,0,0
b1b869674661e9e2.jpg,complex,0,0,0,0,0,1
dbb0748cf2784d46.jpg,scab,0,1,0,0,0,0
8db16ec38c8bc996.jpg,frog_eye_leaf_spot,0,0,1,0,0,0
f1f5c7c79c2c8046.jpg,frog_eye_leaf_spot,0,0,1,0,0,0
f8d352c3a5c42e6c.jpg,frog_eye_leaf_spot,0,0,1,0,0,0
af48970e99b8b0f2.jpg,healthy,1,0,0,0,0,0
a0d483a59e65a977.jpg,frog_eye_leaf_spot,0,0,1,0,0,0
a579c290cb898bed.jpg,frog_eye_leaf_spot,0,0,1,0,0,0
9d903bbbc06c25e9.jpg,powdery_mildew,0,0,0,0,1,0
f4089a9c9e80afb7.jpg,scab,0,1,0,0,0,0
fe97901a98a9ccd4.jpg,healthy,1,0,0,0,0,0
ec8bc1698864cef5.jpg,healthy,1,0,0,0,0,0
d9a98d8a92736347.jpg,scab frog_eye_leaf_spot,0,1,1,0,0,0
fc1c6520027f8f9d.jpg,healthy,1,0,0,0,0,0
a5ccd2e8cbf4027a.jpg,frog_eye_leaf_spot,0,0,1,0,0,0
83e337d5618e7505.jpg,scab,0,1,0,0,0,0
8b7b961c72428db3.jpg,healthy,1,0,0,0,0,0
c2961e9f2583f4f0.jpg,scab,0,1,0,0,0,0
afb922ea9625f910.jpg,scab,0,1,0,0,0,0
8ae594d3d96f4548.jpg,healthy,1,0,0,0,0,0
c0aa3bad7d929e50.jpg,scab,0,1,0,0,0,0
add6d0e8ea8b688a.jpg,complex,0,0,0,0,0,1
d4f548f0d0f6d622.jpg,scab,0,1,0,0,0,0
bc6880d7ffc82495.jpg,healthy,1,0,0,0,0,0
94ca82be6e607676.jpg,scab,0,1,0,0,0,0
f0c597a88b716ab8.jpg,scab,0,1,0,0,0,0
e78a9512b151b9cb.jpg,scab,0,1,0,0,0,0
c5c32ff68c3cc8d0.jpg,complex,0,0,0,0,0,1
fa1880388f7b9d2b.jpg,scab,0,1,0,0,0,0
9096d2f480e0fde7.jpg,frog_eye_leaf_spot,0,0,1,0,0,0
fc248e8e9fe03075.jpg,scab frog_eye_leaf_spot,0,1,1,0,0,0
bd6f80f50f832543.jpg,healthy,1,0,0,0,0,0
c1363dd30cfad04d.jpg,healthy,1,0,0,0,0,0
81472f8f6acad7c0.jpg,frog_eye_leaf_spot,0,0,1,0,0,0
d44a84f9e2f9ae50.jpg,frog_eye_leaf_spot,0,0,1,0,0,0
ab95958fca4e007e.jpg,healthy,1,0,0,0,0,0
85947d1e914af03f.jpg,rust,0,0,0,1,0,0
ff6c3385e46a1511.jpg,healthy,1,0,0,0,0,0
cf8f088d954c46de.jpg,healthy,1,0,0,0,0,0
d2bcb0f89043a5eb.jpg,scab,0,1,0,0,0,0
ebacdd009d412aaf.jpg,healthy,1,0,0,0,0,0
eed362e199b300da.jpg,rust,0,0,0,1,0,0
a029a1f8cd99d79a.jpg,rust,0,0,0,1,0,0
ebd304cc782878dd.jpg,frog_eye_leaf_spot,0,0,1,0,0,0
9f8580dfcdc985c2.jpg,scab,0,1,0,0,0,0
94e354f5c063bb2c.jpg,rust,0,0,0,1,0,0
ad864aca4ad57695.jpg,healthy,1,0,0,0,0,0
af9cc47f432043f2.jpg,healthy,1,0,0,0,0,0
915d2f285913b56e.jpg,powdery_mildew,0,0,0,0,1,0
bcb8c29f156969a2.jpg,scab frog_eye_leaf_spot complex,0,1,1,0,0,1
f497879797b06109.jpg,healthy,1,0,0,0,0,0
a5f252f1c1d8c7b0.jpg,frog_eye_leaf_spot,0,0,1,0,0,0
90f0864f7238bb4f.jpg,powdery_mildew complex,0,0,0,0,1,1
d9cf25374ae1d20a.jpg,powdery_mildew,0,0,0,0,1,0
885d83b599f38f22.jpg,scab,0,1,0,0,0,0
ba95d3da418c874e.jpg,scab,0,1,0,0,0,0
edc22f0ea6ae183c.jpg,frog_eye_leaf_spot,0,0,1,0,0,0
fefac0bde00cee00.jpg,healthy,1,0,0,0,0,0
a763bf621d544718.jpg,complex,0,0,0,0,0,1
da257ab78070837b.jpg,complex,0,0,0,0,0,1
b0e6cfe4e649e444.jpg,healthy,1,0,0,0,0,0
aaa0d795b39a9471.jpg,healthy,1,0,0,0,0,0
b42559ba33a0c5de.jpg,rust,0,0,0,1,0,0
aba0dd62dc26dd22.jpg,healthy,1,0,0,0,0,0
932e5c69e6074fc4.jpg,rust,0,0,0,1,0,0
9c333e3700fe02eb.jpg,scab,0,1,0,0,0,0
ed58cb21dce318c3.jpg,scab,0,1,0,0,0,0
ccc61a8c63bd97d0.jpg,scab,0,1,0,0,0,0
c5ff2554f0a95245.jpg,scab,0,1,0,0,0,0
ffe0425fac2b08a6.jpg,scab,0,1,0,0,0,0
81ecf08e963e1f83.jpg,scab,0,1,0,0,0,0
8e98e20ace1abaeb.jpg,healthy,1,0,0,0,0,0
fde2cb07ca0fe410.jpg,rust,0,0,0,1,0,0
970cb70ed9b60953.jpg,scab,0,1,0,0,0,0
c9c78124f9f6c172.jpg,scab,0,1,0,0,0,0
ce9ee21e508bc768.jpg,scab,0,1,0,0,0,0
fe2fa00f6fa44622.jpg,frog_eye_leaf_spot,0,0,1,0,0,0
817127c56f87c3c5.jpg,frog_eye_leaf_spot,0,0,1,0,0,0
81c07c3d5bc3e275.jpg,powdery_mildew,0,0,0,0,1,0
c8de7edaecb420a0.jpg,frog_eye_leaf_spot,0,0,1,0,0,0
a896975ac2dd478a.jpg,healthy,1,0,0,0,0,0
aed725c6c42b0e35.jpg,rust,0,0,0,1,0,0
a2a5d3d2498f3d2c.jpg,healthy,1,0,0,0,0,0
eab0d51782a7b4c3.jpg,healthy,1,0,0,0,0,0
f43556994b35d710.jpg,rust,0,0,0,1,0,0
8d6b942ed235ca35.jpg,complex,0,0,0,0,0,1
fe900adaa96965c9.jpg,healthy,1,0,0,0,0,0
c207d6e09f68f839.jpg,rust,0,0,0,1,0,0
81562be0a93f55f4.jpg,complex,0,0,0,0,0,1
b62990934f359e74.jpg,rust,0,0,0,1,0,0
95e061852ef2a47f.jpg,scab,0,1,0,0,0,0
fbc520fada844ac6.jpg,scab,0,1,0,0,0,0
c9a489dd79ce6826.jpg,healthy,1,0,0,0,0,0
f66dd0760d433e03.jpg,complex,0,0,0,0,0,1
a2da383b31c99e65.jpg,rust,0,0,0,1,0,0
d56198ca50fb701f.jpg,frog_eye_leaf_spot,0,0,1,0,0,0
9e8288fe9a2d6d29.jpg,healthy,1,0,0,0,0,0
94fa417db2ec07d0.jpg,complex,0,0,0,0,0,1
f1f4d431b8e8ce11.jpg,rust,0,0,0,1,0,0
cd303b79927fc205.jpg,healthy,1,0,0,0,0,0
f6b882f059c701ee.jpg,scab frog_eye_leaf_spot,0,1,1,0,0,0
f08e9ffc8001ff22.jpg,frog_eye_leaf_spot,0,0,1,0,0,0
9e31c0cbdc54d4b5.jpg,complex,0,0,0,0,0,1
85353a7a7ac8169b.jpg,frog_eye_leaf_spot,0,0,1,0,0,0
94303bde667383c3.jpg,complex,0,0,0,0,0,1
a56b52b74d9b0c89.jpg,frog_eye_leaf_spot,0,0,1,0,0,0
fe04d09fc8fac18a.jpg,frog_eye_leaf_spot,0,0,1,0,0,0
fa8ba427c60acf29.jpg,frog_eye_leaf_spot,0,0,1,0,0,0
9fc0755e9065bd42.jpg,frog_eye_leaf_spot,0,0,1,0,0,0
d2dd998698a7ec60.jpg,scab,0,1,0,0,0,0
baa580055b7e2a77.jpg,scab,0,1,0,0,0,0
8bd563a006cbb4eb.jpg,scab,0,1,0,0,0,0
e112d5f2c561169f.jpg,healthy,1,0,0,0,0,0
e4318c9fd18a8be9.jpg,frog_eye_leaf_spot,0,0,1,0,0,0
a0bf968f802a1f67.jpg,frog_eye_leaf_spot,0,0,1,0,0,0
f7b4c12a7e3d2884.jpg,frog_eye_leaf_spot,0,0,1,0,0,0
85e0cb69d2e6486f.jpg,healthy,1,0,0,0,0,0
92186d68b7da926d.jpg,rust,0,0,0,1,0,0
cad81f805f74acca.jpg,frog_eye_leaf_spot,0,0,1,0,0,0
e0d097d296dada89.jpg,healthy,1,0,0,0,0,0
b4d0f28f5b2d58e0.jpg,powdery_mildew,0,0,0,0,1,0
a38f931c53e22d5c.jpg,scab frog_eye_leaf_spot,0,1,1,0,0,0
a0e33c9d0c7792e9.jpg,rust,0,0,0,1,0,0
c19de6e36e452a2a.jpg,powdery_mildew,0,0,0,0,1,0
d60739c70fe03a3c.jpg,scab,0,1,0,0,0,0
97bc38832d4ebc26.jpg,powdery_mildew complex,0,0,0,0,1,1
90988d2f3ef8f063.jpg,rust,0,0,0,1,0,0
a8e995a58df4a5a2.jpg,healthy,1,0,0,0,0,0
b490da8ddc8dc4ce.jpg,healthy,1,0,0,0,0,0
a1e5db16cc5be0d0.jpg,healthy,1,0,0,0,0,0
da923aef61898dc8.jpg,healthy,1,0,0,0,0,0
84c0cf8a79d77b84.jpg,healthy,1,0,0,0,0,0
b4b0d2b68d562d5a.jpg,powdery_mildew,0,0,0,0,1,0
ecff5741ca12e029.jpg,powdery_mildew,0,0,0,0,1,0
8cac79117332af8b.jpg,scab,0,1,0,0,0,0
909dcdc54d667338.jpg,healthy,1,0,0,0,0,0
978f69da2208eb93.jpg,powdery_mildew,0,0,0,0,1,0
b6d582298924feb6.jpg,scab,0,1,0,0,0,0
e586c25e0f1c3c79.jpg,frog_eye_leaf_spot,0,0,1,0,0,0
c9fabc81831ea770.jpg,rust,0,0,0,1,0,0
ec6cb0d884e8ad7c.jpg,healthy,1,0,0,0,0,0
b7b4eaa08f912b89.jpg,frog_eye_leaf_spot,0,0,1,0,0,0
ddea89428f3ed209.jpg,scab,0,1,0,0,0,0
a162949fda64698f.jpg,powdery_mildew complex,0,0,0,0,1,1
c9c93f6ab1527348.jpg,powdery_mildew,0,0,0,0,1,0
86865de4ab52a976.jpg,frog_eye_leaf_spot,0,0,1,0,0,0
bb1ce326ccb92645.jpg,complex,0,0,0,0,0,1
818789d9d752247f.jpg,scab frog_eye_leaf_spot,0,1,1,0,0,0
8e7e70a6878c1c79.jpg,healthy,1,0,0,0,0,0
ae3368adf9a61458.jpg,powdery_mildew,0,0,0,0,1,0
eac7941c9815c8fb.jpg,healthy,1,0,0,0,0,0
cb83691f70546af8.jpg,scab frog_eye_leaf_spot,0,1,1,0,0,0
d5bf6a966d629009.jpg,scab,0,1,0,0,0,0
c2ea4ba6c1532d5b.jpg,scab frog_eye_leaf_spot complex,0,1,1,0,0,1
a5e7929e589a23c9.jpg,healthy,1,0,0,0,0,0
dfcd6038805c7f91.jpg,scab,0,1,0,0,0,0
8c72c9bdcb7860e8.jpg,scab frog_eye_leaf_spot,0,1,1,0,0,0
8a8591d2e865f1db.jpg,healthy,1,0,0,0,0,0
d9de3534970560ab.jpg,scab,0,1,0,0,0,0
b7bc8e98bc213741.jpg,complex,0,0,0,0,0,1
803270d4d78faeba.jpg,scab,0,1,0,0,0,0
f8c852f45696e992.jpg,scab,0,1,0,0,0,0
e0f6c7bd12a401cf.jpg,complex,0,0,0,0,0,1
b561e3ce939c941c.jpg,scab,0,1,0,0,0,0
88b562ef448b5d8e.jpg,scab,0,1,0,0,0,0
d49df9511dc46698.jpg,frog_eye_leaf_spot,0,0,1,0,0,0
a1c1d0948f9adcdb.jpg,powdery_mildew,0,0,0,0,1,0
e9633742962c4fd4.jpg,frog_eye_leaf_spot,0,0,1,0,0,0
b29996e94ecca4d2.jpg,scab,0,1,0,0,0,0
9fd72a18e1691527.jpg,healthy,1,0,0,0,0,0
f47ad2a2ca934d8a.jpg,scab,0,1,0,0,0,0
a4a9d2b44df82ce9.jpg,frog_eye_leaf_spot,0,0,1,0,0,0
bba68490decac88f.jpg,healthy,1,0,0,0,0,0
f0f4d2c90c3d187b.jpg,powdery_mildew,0,0,0,0,1,0
d26aafe07980dc2e.jpg,powdery_mildew,0,0,0,0,1,0
82b190dddbdb882d.jpg,powdery_mildew,0,0,0,0,1,0
f50afa7ad0351235.jpg,complex,0,0,0,0,0,1
8797679517649d22.jpg,scab,0,1,0,0,0,0
e9a3c056cb6bc354.jpg,healthy,1,0,0,0,0,0
c542c4667ff88d34.jpg,healthy,1,0,0,0,0,0
c9fefcc0c06c2c87.jpg,frog_eye_leaf_spot,0,0,1,0,0,0
a02ada655c67a967.jpg,complex,0,0,0,0,0,1
85c9485b3c97efc0.jpg,healthy,1,0,0,0,0,0
afe196d96a6065a2.jpg,frog_eye_leaf_spot complex,0,0,1,0,0,1
fc438703dc13d89b.jpg,healthy,1,0,0,0,0,0
83c96bced4dc21a9.jpg,frog_eye_leaf_spot,0,0,1,0,0,0
e0b8d48f9c909fd2.jpg,healthy,1,0,0,0,0,0
fbbb22e65cc88948.jpg,complex,0,0,0,0,0,1
f2c916e9e5081f69.jpg,scab,0,1,0,0,0,0
877b607ae9480e6e.jpg,scab frog_eye_leaf_spot complex,0,1,1,0,0,1
8be353aeae464893.jpg,rust,0,0,0,1,0,0
f28f871d9a3c9270.jpg,scab,0,1,0,0,0,0
ab8357a11b1cb05f.jpg,healthy,1,0,0,0,0,0
e0b189a355781fd6.jpg,frog_eye_leaf_spot,0,0,1,0,0,0
adb6d4d2d6b19888.jpg,frog_eye_leaf_spot,0,0,1,0,0,0
8563de78469d64e4.jpg,healthy,1,0,0,0,0,0
a0dc953c48bd7939.jpg,frog_eye_leaf_spot,0,0,1,0,0,0
f0d192c0de25dcf4.jpg,rust,0,0,0,1,0,0
aaa3955ad262b56c.jpg,scab frog_eye_leaf_spot,0,1,1,0,0,0
a0bfc7e1c88e704b.jpg,healthy,1,0,0,0,0,0
e4af7b827043b925.jpg,complex,0,0,0,0,0,1
ad908e7989ec6536.jpg,healthy,1,0,0,0,0,0
98ee398ac31adac9.jpg,frog_eye_leaf_spot,0,0,1,0,0,0
ccb8ddd19023f706.jpg,rust,0,0,0,1,0,0
d1b3551f793ca10a.jpg,scab,0,1,0,0,0,0
e8941d8de87e27b0.jpg,frog_eye_leaf_spot,0,0,1,0,0,0
c0f01efe9d354287.jpg,healthy,1,0,0,0,0,0
80bcfd9f60f06307.jpg,powdery_mildew,0,0,0,0,1,0
b80898e11f81ff1f.jpg,rust,0,0,0,1,0,0
dfe17887030b5d1a.jpg,scab frog_eye_leaf_spot,0,1,1,0,0,0
c52d4456a52a7b73.jpg,rust,0,0,0,1,0,0
e448c77d1e3a40d7.jpg,frog_eye_leaf_spot,0,0,1,0,0,0
d23e02d0def2a5e4.jpg,scab,0,1,0,0,0,0
daf0fe310c0789f2.jpg,rust,0,0,0,1,0,0
bd99c88ccce6944b.jpg,rust,0,0,0,1,0,0
fa3c97d078d65828.jpg,scab frog_eye_leaf_spot,0,1,1,0,0,0
ab3e42bf14a21d56.jpg,frog_eye_leaf_spot,0,0,1,0,0,0
c7f08cb75c656541.jpg,frog_eye_leaf_spot,0,0,1,0,0,0
da80dc5ae19a656b.jpg,rust,0,0,0,1,0,0
c4254e93960fda9e.jpg,frog_eye_leaf_spot,0,0,1,0,0,0
f7c6d290c2cfc48c.jpg,complex,0,0,0,0,0,1
c06bbd9465f168a9.jpg,complex,0,0,0,0,0,1
d1dc63f1271d1c8a.jpg,healthy,1,0,0,0,0,0
949cb4cb995ad0d3.jpg,frog_eye_leaf_spot,0,0,1,0,0,0
f41e8b86fbe33840.jpg,complex,0,0,0,0,0,1
c89d4e085fbe7470.jpg,scab,0,1,0,0,0,0
99cbf69166724332.jpg,healthy,1,0,0,0,0,0
e5064687d2fd68ac.jpg,scab,0,1,0,0,0,0
b4ef43cb56216c34.jpg,healthy,1,0,0,0,0,0
c2d3f53a7a28b48c.jpg,rust,0,0,0,1,0,0
b2b087dab558a1ea.jpg,rust,0,0,0,1,0,0
946adcebc8b0323b.jpg,frog_eye_leaf_spot,0,0,1,0,0,0
8181321fe6f2cf27.jpg,frog_eye_leaf_spot,0,0,1,0,0,0
adc01552eb5f7584.jpg,healthy,1,0,0,0,0,0
8a5c2ed32fdb6882.jpg,rust,0,0,0,1,0,0
b4f43aac7943a946.jpg,scab,0,1,0,0,0,0
a1e7dec49e4a909a.jpg,healthy,1,0,0,0,0,0
e0b628c23fb83579.jpg,rust frog_eye_leaf_spot,0,0,1,1,0,0
bfc0c11f9832a576.jpg,complex,0,0,0,0,0,1
93863bb5a1eb4469.jpg,frog_eye_leaf_spot,0,0,1,0,0,0
bc3f8bc0c2c92f86.jpg,frog_eye_leaf_spot,0,0,1,0,0,0
f41d964aca8768f4.jpg,powdery_mildew,0,0,0,0,1,0
f4e737c4dac8a904.jpg,complex,0,0,0,0,0,1
fcbef8849fd00e80.jpg,healthy,1,0,0,0,0,0
96299a350b35bb66.jpg,healthy,1,0,0,0,0,0
d1ba4e03df07f812.jpg,scab,0,1,0,0,0,0
fd7d3c324c83206e.jpg,rust,0,0,0,1,0,0
89b9f1911ee6126e.jpg,powdery_mildew,0,0,0,0,1,0
c39ef109e1de6885.jpg,scab,0,1,0,0,0,0
99d889c9b3b2c29b.jpg,rust,0,0,0,1,0,0
a856db8453a97798.jpg,scab,0,1,0,0,0,0
cb11c93365aa74cd.jpg,scab,0,1,0,0,0,0
de5cc7329845f192.jpg,scab,0,1,0,0,0,0
d8d5d0df5eaac090.jpg,frog_eye_leaf_spot,0,0,1,0,0,0
c5de54a96aa1255e.jpg,scab,0,1,0,0,0,0
94c526b29bb94aba.jpg,healthy,1,0,0,0,0,0
b10592f5aa562c5f.jpg,healthy,1,0,0,0,0,0
c09dc29f8e7c9ec0.jpg,healthy,1,0,0,0,0,0
ca8ad6f11b85c7c2.jpg,complex,0,0,0,0,0,1
f99790d2834b0e79.jpg,healthy,1,0,0,0,0,0
d60160cf9d37c63c.jpg,rust,0,0,0,1,0,0
806d7d0df8cae3c2.jpg,powdery_mildew,0,0,0,0,1,0
a81fc03fc7e4b603.jpg,frog_eye_leaf_spot,0,0,1,0,0,0
d00f79d9207af067.jpg,complex,0,0,0,0,0,1
f5cb84ba2a746b84.jpg,rust,0,0,0,1,0,0
9a2e269c1969bfe0.jpg,scab,0,1,0,0,0,0
afaeca8d64ce90a4.jpg,scab,0,1,0,0,0,0
d1e42007e8d6da6f.jpg,rust,0,0,0,1,0,0
8d9d999d2ec52c29.jpg,powdery_mildew,0,0,0,0,1,0
eaba85110f585fc5.jpg,rust frog_eye_leaf_spot,0,0,1,1,0,0
edab8ab09d9bd050.jpg,healthy,1,0,0,0,0,0
faa0d0e8d9816dcd.jpg,healthy,1,0,0,0,0,0
b0fbcde30d8e221c.jpg,frog_eye_leaf_spot,0,0,1,0,0,0
af5e95807a7f2a80.jpg,rust,0,0,0,1,0,0
d85a37c7cc9560a3.jpg,powdery_mildew,0,0,0,0,1,0
90d26aeb2a2f8d2b.jpg,frog_eye_leaf_spot,0,0,1,0,0,0
9ea261f849250feb.jpg,scab,0,1,0,0,0,0
b1e0810f0dadedda.jpg,frog_eye_leaf_spot,0,0,1,0,0,0
a0304ff9fc1f4b60.jpg,healthy,1,0,0,0,0,0
e2ec96a69cb6c813.jpg,healthy,1,0,0,0,0,0
85af3e85e9807b0d.jpg,scab,0,1,0,0,0,0
e4ef85c007caea4e.jpg,scab,0,1,0,0,0,0
f06bd35786aa4e50.jpg,healthy,1,0,0,0,0,0
fd42c207c19ec43f.jpg,powdery_mildew complex,0,0,0,0,1,1
9a8967ca9bddc144.jpg,powdery_mildew complex,0,0,0,0,1,1
e1e39f8809c7349d.jpg,rust,0,0,0,1,0,0
cad115983a3a7567.jpg,rust,0,0,0,1,0,0
adb4d2a0d2d7a2ca.jpg,healthy,1,0,0,0,0,0
c2671be4390fe839.jpg,complex,0,0,0,0,0,1
fa55c52a1f789813.jpg,complex,0,0,0,0,0,1
cafb12a6054f5c4d.jpg,scab,0,1,0,0,0,0
eca213dbcb84a794.jpg,frog_eye_leaf_spot complex,0,0,1,0,0,1
acc2d49e1830fce7.jpg,frog_eye_leaf_spot complex,0,0,1,0,0,1
a4c9da2582aad76b.jpg,scab,0,1,0,0,0,0
e24b749c0ee7234b.jpg,powdery_mildew,0,0,0,0,1,0
eef180431f1f1e85.jpg,rust,0,0,0,1,0,0
a88b1db078e13c7d.jpg,powdery_mildew,0,0,0,0,1,0
ee05c220d1f8bd75.jpg,scab,0,1,0,0,0,0
a17cd35c5abea882.jpg,rust,0,0,0,1,0,0
88b0ad3f2d4dd744.jpg,scab frog_eye_leaf_spot,0,1,1,0,0,0
fef1c09236fc20aa.jpg,scab,0,1,0,0,0,0
abb59f8c4d682526.jpg,scab,0,1,0,0,0,0
9eeb52454b27cd0c.jpg,scab,0,1,0,0,0,0
be0a3edd0580ce73.jpg,powdery_mildew,0,0,0,0,1,0
92d69395ad4d0ae6.jpg,frog_eye_leaf_spot,0,0,1,0,0,0
ae5a9cdadeb10033.jpg,healthy,1,0,0,0,0,0
8f1cdb3c606570c7.jpg,frog_eye_leaf_spot,0,0,1,0,0,0
b562d66dca36c912.jpg,rust,0,0,0,1,0,0
abd580c36285eff0.jpg,healthy,1,0,0,0,0,0
bad5d0668533077a.jpg,healthy,1,0,0,0,0,0
e68f1b098e78d869.jpg,frog_eye_leaf_spot,0,0,1,0,0,0
f37e03811c8e7e98.jpg,healthy,1,0,0,0,0,0
c33e7a3cedb480c1.jpg,scab,0,1,0,0,0,0
fdddc0688168cbcc.jpg,scab,0,1,0,0,0,0
d0cd87b44a99bad4.jpg,frog_eye_leaf_spot,0,0,1,0,0,0
baacd8f0f29a7061.jpg,rust,0,0,0,1,0,0
a31e87b16045fde4.jpg,rust,0,0,0,1,0,0
d59e3c20b064c3ef.jpg,scab,0,1,0,0,0,0
91d04a89a4fbbab3.jpg,scab,0,1,0,0,0,0
d8abb1701d29db4a.jpg,frog_eye_leaf_spot,0,0,1,0,0,0
e80584b49e725a7f.jpg,healthy,1,0,0,0,0,0
90a1b29e3556c9b7.jpg,healthy,1,0,0,0,0,0
beb1d0d3cd7d4009.jpg,scab,0,1,0,0,0,0
f0079eecb1a660ad.jpg,powdery_mildew,0,0,0,0,1,0
b8e4970760f1c29f.jpg,powdery_mildew,0,0,0,0,1,0
e80fa1358ae0fe69.jpg,frog_eye_leaf_spot,0,0,1,0,0,0
f54a9546d634d29a.jpg,complex,0,0,0,0,0,1
af6bd4a4c892c559.jpg,healthy,1,0,0,0,0,0
b9ebc0d1c6213abc.jpg,powdery_mildew,0,0,0,0,1,0
97cf66014012f6df.jpg,powdery_mildew,0,0,0,0,1,0
e9c39fa809c7341d.jpg,rust,0,0,0,1,0,0
df20cb23305cd78d.jpg,healthy,1,0,0,0,0,0
dc3524d8876d4f07.jpg,healthy,1,0,0,0,0,0
a5a1dd19795831e6.jpg,frog_eye_leaf_spot,0,0,1,0,0,0
a5976e1d847b30c9.jpg,healthy,1,0,0,0,0,0
acc99659863d9f0a.jpg,rust,0,0,0,1,0,0
81a47739c906bda7.jpg,frog_eye_leaf_spot,0,0,1,0,0,0
c2cdd3847bb2c136.jpg,scab,0,1,0,0,0,0
fbb0d0c389450bdd.jpg,scab,0,1,0,0,0,0
f5b4ca928ceaaa8a.jpg,complex,0,0,0,0,0,1
ff21e490c668bf05.jpg,scab,0,1,0,0,0,0
b56cc2920d5b197d.jpg,complex,0,0,0,0,0,1
94e183ebcf624e62.jpg,scab,0,1,0,0,0,0
d480c5bd2f3e14f4.jpg,healthy,1,0,0,0,0,0
8ad5953859e948d7.jpg,complex,0,0,0,0,0,1
f785cb9494b818ad.jpg,scab,0,1,0,0,0,0
dfb5a1f0ca428f0a.jpg,scab,0,1,0,0,0,0
f1bd1991c118fc47.jpg,rust,0,0,0,1,0,0
c04e0fa01efae6e3.jpg,frog_eye_leaf_spot,0,0,1,0,0,0
fb5ce1f807c150e2.jpg,scab,0,1,0,0,0,0
e75a82c38fca958c.jpg,scab frog_eye_leaf_spot,0,1,1,0,0,0
c2e7974c98925ed8.jpg,rust frog_eye_leaf_spot,0,0,1,1,0,0
b00cc7f4c6c3edc1.jpg,frog_eye_leaf_spot,0,0,1,0,0,0
eaa5c70a97f4a42a.jpg,rust,0,0,0,1,0,0
ddcee1528500bd3d.jpg,scab,0,1,0,0,0,0
9eb188d3822f627e.jpg,complex,0,0,0,0,0,1
d0bf8ea5f99c8221.jpg,frog_eye_leaf_spot,0,0,1,0,0,0
d2c9d57a0d626563.jpg,scab,0,1,0,0,0,0
8a9237d6a86ba167.jpg,rust,0,0,0,1,0,0
dbb249c5a9cd44d4.jpg,frog_eye_leaf_spot,0,0,1,0,0,0
f584c0c8c5e497b7.jpg,healthy,1,0,0,0,0,0
b532cb60c5e98dc3.jpg,complex,0,0,0,0,0,1
ea3800d4779c7765.jpg,scab,0,1,0,0,0,0
bd6aa615d80fc0cb.jpg,scab,0,1,0,0,0,0
8d5133fd9ca75428.jpg,healthy,1,0,0,0,0,0
f4d22798faa503e4.jpg,scab,0,1,0,0,0,0
fe57c0983120dbb3.jpg,healthy,1,0,0,0,0,0
c0cd1f011f5e5a3e.jpg,healthy,1,0,0,0,0,0
8f8e90ad6ad08fc9.jpg,scab,0,1,0,0,0,0
b45ec2b6c5c10fc3.jpg,healthy,1,0,0,0,0,0
cc8b33b424376dd4.jpg,healthy,1,0,0,0,0,0
ad6c1c9eb6af2242.jpg,frog_eye_leaf_spot,0,0,1,0,0,0
f53997d34c8e302c.jpg,healthy,1,0,0,0,0,0
d2fd3da924f40259.jpg,scab,0,1,0,0,0,0
c76328952d9e7d90.jpg,frog_eye_leaf_spot,0,0,1,0,0,0
fff020893e070f27.jpg,healthy,1,0,0,0,0,0
aa19152955afc1ed.jpg,rust,0,0,0,1,0,0
9dfc3532f494c0cc.jpg,powdery_mildew,0,0,0,0,1,0
95b67eca9af82061.jpg,scab,0,1,0,0,0,0
bf31e48d99690d68.jpg,rust,0,0,0,1,0,0
988a299aa36db6e5.jpg,scab,0,1,0,0,0,0
a422f6f6f12b4169.jpg,complex,0,0,0,0,0,1
9cef6060e8f464f2.jpg,scab,0,1,0,0,0,0
ea94c3c189471fae.jpg,rust frog_eye_leaf_spot,0,0,1,1,0,0
802f4bbd295063fe.jpg,scab,0,1,0,0,0,0
dab12ed9c1ce0ce1.jpg,frog_eye_leaf_spot,0,0,1,0,0,0
aa878f9ed8a91351.jpg,scab,0,1,0,0,0,0
f84ff4fcd3c06081.jpg,scab,0,1,0,0,0,0
95949e03e9653976.jpg,healthy,1,0,0,0,0,0
a8a2cd76a71e2798.jpg,scab,0,1,0,0,0,0
e1e887b508f3326d.jpg,frog_eye_leaf_spot,0,0,1,0,0,0
e76ad6e5951d3081.jpg,frog_eye_leaf_spot,0,0,1,0,0,0
8a95fd2d84553355.jpg,scab,0,1,0,0,0,0
a445de268e524efa.jpg,scab,0,1,0,0,0,0
fdb6c0c9c5c21e07.jpg,scab,0,1,0,0,0,0
f285d3306bb2cdc8.jpg,complex,0,0,0,0,0,1
a4a6c0fc4f983ea3.jpg,healthy,1,0,0,0,0,0
ae74c694c3c847bc.jpg,scab,0,1,0,0,0,0
c03ec9c12c87377e.jpg,healthy,1,0,0,0,0,0
a70dc3de3264e83a.jpg,rust,0,0,0,1,0,0
fa11c22147def38a.jpg,powdery_mildew,0,0,0,0,1,0
c5c606c3cfe3e2e0.jpg,scab,0,1,0,0,0,0
ab919c8f84cbcd1c.jpg,healthy,1,0,0,0,0,0
c0cf64c73e233333.jpg,healthy,1,0,0,0,0,0
bf892e62a0a3b09f.jpg,rust,0,0,0,1,0,0
c8f8d4b87ad02747.jpg,healthy,1,0,0,0,0,0
c5e23f973c3530b0.jpg,frog_eye_leaf_spot,0,0,1,0,0,0
c0b00f5bf19cb1ce.jpg,frog_eye_leaf_spot,0,0,1,0,0,0
c2f6b6d0cad22a2b.jpg,scab,0,1,0,0,0,0
cef336193683ac38.jpg,healthy,1,0,0,0,0,0
c3c0fc1566b09cf9.jpg,frog_eye_leaf_spot,0,0,1,0,0,0
e7dbd265ca248e90.jpg,rust,0,0,0,1,0,0
ad48ce1e6ad670e4.jpg,rust,0,0,0,1,0,0
ea8c976e11670c67.jpg,scab,0,1,0,0,0,0
eaab85159c339c17.jpg,scab,0,1,0,0,0,0
e4ca9593aa4deb09.jpg,rust complex,0,0,0,1,0,1
cf9374cc7a0c6e0c.jpg,complex,0,0,0,0,0,1
f56cc3c27e0f3230.jpg,scab,0,1,0,0,0,0
a8a894d7daf46d21.jpg,frog_eye_leaf_spot,0,0,1,0,0,0
84acd56eeda13c8a.jpg,scab frog_eye_leaf_spot,0,1,1,0,0,0
e5105617be70a579.jpg,complex,0,0,0,0,0,1
dba1a0c1dfd8caa2.jpg,frog_eye_leaf_spot,0,0,1,0,0,0
911ae345db29792d.jpg,healthy,1,0,0,0,0,0
d0e6358569cd6b58.jpg,scab,0,1,0,0,0,0
bba930c7db0829b6.jpg,frog_eye_leaf_spot,0,0,1,0,0,0
ab9f4404197765e3.jpg,frog_eye_leaf_spot,0,0,1,0,0,0
f9e88fec002472eb.jpg,frog_eye_leaf_spot complex,0,0,1,0,0,1
b3bdc27aaae0bc04.jpg,scab,0,1,0,0,0,0
cd9698463a3df270.jpg,complex,0,0,0,0,0,1
f5b1809b4c867c6e.jpg,healthy,1,0,0,0,0,0
c308eb5ecba4d28e.jpg,complex,0,0,0,0,0,1
a0b0b291413fe5bf.jpg,healthy,1,0,0,0,0,0
baf0d7c0ca1fdd00.jpg,complex,0,0,0,0,0,1
a8d5f0d0c11fc89f.jpg,frog_eye_leaf_spot,0,0,1,0,0,0
f82d8e95389ab269.jpg,healthy,1,0,0,0,0,0
b788c7f41a1d2572.jpg,rust,0,0,0,1,0,0
f2eab09887e4c6e4.jpg,healthy,1,0,0,0,0,0
fa9093959bab2057.jpg,powdery_mildew,0,0,0,0,1,0
f5788bfd301ea20a.jpg,healthy,1,0,0,0,0,0
e8d1c1c8cb887cfc.jpg,complex,0,0,0,0,0,1
f0f063c107fdc217.jpg,scab,0,1,0,0,0,0
be2dc4c1a17a0b3b.jpg,healthy,1,0,0,0,0,0
b89bc39e30e3295a.jpg,frog_eye_leaf_spot complex,0,0,1,0,0,1
fd87803e89c11f47.jpg,frog_eye_leaf_spot,0,0,1,0,0,0
f6e5ca09b1a4d326.jpg,powdery_mildew,0,0,0,0,1,0
e5fc0ba8414f2b95.jpg,scab,0,1,0,0,0,0
c07457f0da80dbd6.jpg,scab,0,1,0,0,0,0
a15597e8d8b0399e.jpg,healthy,1,0,0,0,0,0
b696ae68d82b550d.jpg,scab frog_eye_leaf_spot complex,0,1,1,0,0,1
d5cea09688d65db2.jpg,complex,0,0,0,0,0,1
cc85f50c7f18d68c.jpg,healthy,1,0,0,0,0,0
e6d0cadc928cf90b.jpg,frog_eye_leaf_spot,0,0,1,0,0,0
eac0dd838916ce7c.jpg,healthy,1,0,0,0,0,0
fcf6228a692ee055.jpg,frog_eye_leaf_spot,0,0,1,0,0,0
c1fa2e8ab2d53a0e.jpg,healthy,1,0,0,0,0,0
edd0cf5d2526d0c8.jpg,powdery_mildew,0,0,0,0,1,0
a8ab965f868fc44c.jpg,healthy,1,0,0,0,0,0
887fb436da68c929.jpg,complex,0,0,0,0,0,1
f49f808296935b1f.jpg,healthy,1,0,0,0,0,0
aad7b55ad1482d45.jpg,scab,0,1,0,0,0,0
cbd5861fb490338e.jpg,powdery_mildew,0,0,0,0,1,0
f03d0f01a8f4d23f.jpg,frog_eye_leaf_spot,0,0,1,0,0,0
a4f6f0e81fe0cb0c.jpg,scab,0,1,0,0,0,0
a880db976aae7a54.jpg,complex,0,0,0,0,0,1
cbc96e1750a613bc.jpg,complex,0,0,0,0,0,1
d2e43d92e0ef8661.jpg,scab,0,1,0,0,0,0
a5f5431e3a64254f.jpg,powdery_mildew,0,0,0,0,1,0
b61b84efce0e8742.jpg,frog_eye_leaf_spot,0,0,1,0,0,0
9f047ac44a6a1f6d.jpg,healthy,1,0,0,0,0,0
f781e82697b60273.jpg,scab frog_eye_leaf_spot complex,0,1,1,0,0,1
a5de927a7b41085e.jpg,healthy,1,0,0,0,0,0
dec3c09b9689b22d.jpg,scab,0,1,0,0,0,0
be6aca716c956a42.jpg,frog_eye_leaf_spot,0,0,1,0,0,0
c5a5a5e1a083fad3.jpg,frog_eye_leaf_spot,0,0,1,0,0,0
eff706e8118a50f8.jpg,rust,0,0,0,1,0,0
f230939f0d78bc25.jpg,complex,0,0,0,0,0,1
b2939a3e4a6363a9.jpg,frog_eye_leaf_spot,0,0,1,0,0,0
ece68eb9709b2382.jpg,complex,0,0,0,0,0,1
ffd490cbe0e01e19.jpg,scab,0,1,0,0,0,0
906bb5025ab54fb9.jpg,frog_eye_leaf_spot complex,0,0,1,0,0,1
8722c2d61db5eea8.jpg,healthy,1,0,0,0,0,0
a1e0d3cb7854551f.jpg,scab,0,1,0,0,0,0
b2b2364c3966c7d8.jpg,powdery_mildew,0,0,0,0,1,0
9083c8c2ef68feb1.jpg,frog_eye_leaf_spot,0,0,1,0,0,0
a05b542d5fd3d8c8.jpg,frog_eye_leaf_spot,0,0,1,0,0,0
b6bc93de64578888.jpg,complex,0,0,0,0,0,1
e8d7cde0de400277.jpg,healthy,1,0,0,0,0,0
bd87b8ecc087c02f.jpg,frog_eye_leaf_spot,0,0,1,0,0,0
aab895f9c2d26ac2.jpg,frog_eye_leaf_spot,0,0,1,0,0,0
9db072e315821ebd.jpg,scab frog_eye_leaf_spot,0,1,1,0,0,0
9bb3c4850ccf3e64.jpg,complex,0,0,0,0,0,1
852979c129dde25d.jpg,frog_eye_leaf_spot,0,0,1,0,0,0
9ca496ca2f4aa5e5.jpg,scab frog_eye_leaf_spot,0,1,1,0,0,0
bf2dc0f2bdc2a016.jpg,frog_eye_leaf_spot,0,0,1,0,0,0
bfe0c39e9c396007.jpg,complex,0,0,0,0,0,1
b06ac9914e4eb877.jpg,frog_eye_leaf_spot,0,0,1,0,0,0
fa90c6c31fde210b.jpg,healthy,1,0,0,0,0,0
8b5295986c998bf9.jpg,healthy,1,0,0,0,0,0
eea5c057c20ec69e.jpg,healthy,1,0,0,0,0,0
b5b10b6efe260568.jpg,scab,0,1,0,0,0,0
b7b2569d230b4b64.jpg,healthy,1,0,0,0,0,0
c7173c3e39703970.jpg,scab,0,1,0,0,0,0
916dc15d609b3aae.jpg,scab frog_eye_leaf_spot,0,1,1,0,0,0
85de25981e4b33d6.jpg,powdery_mildew,0,0,0,0,1,0
eaa6e1d4833c13cd.jpg,scab,0,1,0,0,0,0
91f6c89ade1cd60a.jpg,rust,0,0,0,1,0,0
c1ca6b789e0cdb34.jpg,scab,0,1,0,0,0,0
c66cfeb8e3438d02.jpg,powdery_mildew,0,0,0,0,1,0
cd923067c89a9fb1.jpg,scab,0,1,0,0,0,0
a55a9ee1ca0f81b6.jpg,frog_eye_leaf_spot,0,0,1,0,0,0
d73fd380c5c3e0c8.jpg,scab,0,1,0,0,0,0
c13e7e62d79b1181.jpg,scab,0,1,0,0,0,0
af9fc64870757310.jpg,scab frog_eye_leaf_spot,0,1,1,0,0,0
af0392f11be30d8b.jpg,scab,0,1,0,0,0,0
8df169db55133521.jpg,scab,0,1,0,0,0,0
b478c9852472fb93.jpg,rust,0,0,0,1,0,0
f4e5cd3c3071c3c8.jpg,complex,0,0,0,0,0,1
f8441300fefbf229.jpg,healthy,1,0,0,0,0,0
ff00e6605ec75887.jpg,healthy,1,0,0,0,0,0
966e8204e3be42bf.jpg,scab,0,1,0,0,0,0
a787377fec4040b8.jpg,frog_eye_leaf_spot,0,0,1,0,0,0
8bf87605d2b3a323.jpg,healthy,1,0,0,0,0,0
808c7cabba2f9572.jpg,rust,0,0,0,1,0,0
f6b6cd25c03d2964.jpg,frog_eye_leaf_spot,0,0,1,0,0,0
987934e3c4b5bca4.jpg,scab,0,1,0,0,0,0
aabd55a091d72d83.jpg,healthy,1,0,0,0,0,0
faa0c04787bfe6c0.jpg,frog_eye_leaf_spot,0,0,1,0,0,0
a553050d73ecf926.jpg,healthy,1,0,0,0,0,0
fc9cc939396360c5.jpg,healthy,1,0,0,0,0,0
e094d0110ff5bef2.jpg,complex,0,0,0,0,0,1
f320cb9995fc0a74.jpg,healthy,1,0,0,0,0,0
df8262379b782c26.jpg,healthy,1,0,0,0,0,0
a916d36c4b0b6d4b.jpg,scab,0,1,0,0,0,0
bcb2c0d28ecb8d87.jpg,scab,0,1,0,0,0,0
cf7831a6a75425aa.jpg,powdery_mildew,0,0,0,0,1,0
ace2bf9ee3990211.jpg,healthy,1,0,0,0,0,0
bd9dc6b8ca2176a0.jpg,frog_eye_leaf_spot,0,0,1,0,0,0
c5e78f8ce0d84743.jpg,healthy,1,0,0,0,0,0
94c86f554fbe6901.jpg,complex,0,0,0,0,0,1
e88fdd1171351ce8.jpg,healthy,1,0,0,0,0,0
86f977df90306ac0.jpg,rust,0,0,0,1,0,0
e733cc3cdca143c1.jpg,scab,0,1,0,0,0,0
d51782721d9f1c9a.jpg,healthy,1,0,0,0,0,0
a8b11628f78a8adf.jpg,rust,0,0,0,1,0,0
f9744a99d62330b5.jpg,scab,0,1,0,0,0,0
c8fc3a6a45273754.jpg,frog_eye_leaf_spot,0,0,1,0,0,0
959f89e2363581c7.jpg,frog_eye_leaf_spot complex,0,0,1,0,0,1
b48ad0d5e9a8dad2.jpg,healthy,1,0,0,0,0,0
9049decd9589af52.jpg,rust frog_eye_leaf_spot,0,0,1,1,0,0
c0c8cbbd163772d4.jpg,frog_eye_leaf_spot,0,0,1,0,0,0
b5f41ab450556f0d.jpg,scab,0,1,0,0,0,0
df282dfbd3112944.jpg,rust,0,0,0,1,0,0
ffb93afc2a5e0200.jpg,rust,0,0,0,1,0,0
c8d15fc06f6c0774.jpg,complex,0,0,0,0,0,1
a0a7c619796537ca.jpg,healthy,1,0,0,0,0,0
a0cc831f1f3027fb.jpg,healthy,1,0,0,0,0,0
8abacb9cc20ec997.jpg,rust,0,0,0,1,0,0
bb2bd707a7805585.jpg,scab,0,1,0,0,0,0
be84c0cfc85bde0c.jpg,frog_eye_leaf_spot,0,0,1,0,0,0
de6c448e38d3961e.jpg,healthy,1,0,0,0,0,0
885738a643da6b5b.jpg,healthy,1,0,0,0,0,0
a956c2bc9c9a32f1.jpg,scab frog_eye_leaf_spot,0,1,1,0,0,0
fcf0ca170ff00c2b.jpg,healthy,1,0,0,0,0,0
dbf601a5c18c27e9.jpg,powdery_mildew,0,0,0,0,1,0
ad9a57c5b087a654.jpg,powdery_mildew,0,0,0,0,1,0
d776e98b84190eb8.jpg,scab,0,1,0,0,0,0
d56fd3558906c938.jpg,scab frog_eye_leaf_spot complex,0,1,1,0,0,1
d096b3919d919da3.jpg,scab,0,1,0,0,0,0
b1e48dee448acf1a.jpg,complex,0,0,0,0,0,1
bd2292966be8652d.jpg,scab,0,1,0,0,0,0
90be392de8de9330.jpg,powdery_mildew,0,0,0,0,1,0
f661c7c22d8e78b0.jpg,healthy,1,0,0,0,0,0
e92795c07acf6087.jpg,complex,0,0,0,0,0,1
d48d5adbbc29c390.jpg,powdery_mildew,0,0,0,0,1,0
e517bc1ec0b80dae.jpg,healthy,1,0,0,0,0,0
f7844bc3ac4bc83c.jpg,rust,0,0,0,1,0,0
aef1c2828f5d3a64.jpg,healthy,1,0,0,0,0,0
8d5032d4cc1e3e5f.jpg,complex,0,0,0,0,0,1
eb8100abfd56157c.jpg,healthy,1,0,0,0,0,0
d431d8f3388071fd.jpg,scab,0,1,0,0,0,0
cb87c7c3b6b10d88.jpg,frog_eye_leaf_spot,0,0,1,0,0,0
90f4c7c7cf989891.jpg,frog_eye_leaf_spot,0,0,1,0,0,0
af3992496a7eb112.jpg,frog_eye_leaf_spot,0,0,1,0,0,0
e7d6cbd2d0c0a68c.jpg,scab,0,1,0,0,0,0
a2e43784d2cf17c6.jpg,scab frog_eye_leaf_spot complex,0,1,1,0,0,1
f48bbf6d05545298.jpg,healthy,1,0,0,0,0,0
bf3dc7309a233047.jpg,scab,0,1,0,0,0,0
b4f35ba148abb512.jpg,healthy,1,0,0,0,0,0
c8e373317ae003dd.jpg,complex,0,0,0,0,0,1
a0c7942e92ff4b38.jpg,scab frog_eye_leaf_spot,0,1,1,0,0,0
bf92d1194a29ae5a.jpg,powdery_mildew,0,0,0,0,1,0
fc2797f5428ba121.jpg,scab,0,1,0,0,0,0
ff055a60adc230cf.jpg,scab,0,1,0,0,0,0
ad8d3d4a9cacf250.jpg,scab,0,1,0,0,0,0
f812c24b56c623fd.jpg,frog_eye_leaf_spot,0,0,1,0,0,0
cbd760086775e331.jpg,rust,0,0,0,1,0,0
c8e1e2b594fae162.jpg,healthy,1,0,0,0,0,0
b68417a69acc9b9c.jpg,frog_eye_leaf_spot complex,0,0,1,0,0,1
b7c302cb4551b9c7.jpg,rust,0,0,0,1,0,0
aacbb4e0c8b341e7.jpg,scab,0,1,0,0,0,0
e9329ccd838daec4.jpg,rust,0,0,0,1,0,0
80230a9a3f7a9f6b.jpg,scab,0,1,0,0,0,0
b4b89f782de0644b.jpg,scab,0,1,0,0,0,0
bef892789cf11e01.jpg,rust,0,0,0,1,0,0
c1237e9c7ad6a48a.jpg,frog_eye_leaf_spot,0,0,1,0,0,0
d49c30f31fa12f68.jpg,scab,0,1,0,0,0,0
a0b68cdb94dd8356.jpg,rust,0,0,0,1,0,0
a9c3c6a5c9a6ddc0.jpg,healthy,1,0,0,0,0,0
dd3b0a638c787316.jpg,rust,0,0,0,1,0,0
f5d2bde62d41b204.jpg,rust,0,0,0,1,0,0
b46a95724da1566d.jpg,healthy,1,0,0,0,0,0
bd01b9a3e0d0665f.jpg,scab,0,1,0,0,0,0
eb9ddc6448c5cc23.jpg,frog_eye_leaf_spot,0,0,1,0,0,0
81fe17903fb26495.jpg,scab,0,1,0,0,0,0
dcfc3c9e3a1b08c1.jpg,scab,0,1,0,0,0,0
f078a3f187c18ba9.jpg,healthy,1,0,0,0,0,0
d1cdcb9a1b330b4a.jpg,scab frog_eye_leaf_spot complex,0,1,1,0,0,1
aa5af55fd8d52003.jpg,healthy,1,0,0,0,0,0
f40bc33c1ce6703b.jpg,complex,0,0,0,0,0,1
ea775f42f0f86018.jpg,frog_eye_leaf_spot,0,0,1,0,0,0
aafc90159b33cf09.jpg,scab,0,1,0,0,0,0
ea2ac700fe30785f.jpg,healthy,1,0,0,0,0,0
afbdd08d53842995.jpg,rust frog_eye_leaf_spot,0,0,1,1,0,0
d4abc87be807f106.jpg,healthy,1,0,0,0,0,0
97c0d31d3c343b36.jpg,healthy,1,0,0,0,0,0
957669b26a51b649.jpg,scab,0,1,0,0,0,0
b0f9c780a4987fd4.jpg,frog_eye_leaf_spot,0,0,1,0,0,0
abfc3434959545ac.jpg,scab frog_eye_leaf_spot,0,1,1,0,0,0
9896e006e936fe8b.jpg,rust,0,0,0,1,0,0
fc3c93c923967303.jpg,rust,0,0,0,1,0,0
db9bc3e6711a2c30.jpg,healthy,1,0,0,0,0,0
d9d2a5cda521361b.jpg,frog_eye_leaf_spot,0,0,1,0,0,0
ed993d2a7418a3c3.jpg,powdery_mildew complex,0,0,0,0,1,1
b1d887522ebe3a1a.jpg,scab,0,1,0,0,0,0
edfc83c0c622705f.jpg,healthy,1,0,0,0,0,0
af72d2854aae750c.jpg,scab frog_eye_leaf_spot,0,1,1,0,0,0
c7616f317c793c20.jpg,healthy,1,0,0,0,0,0
f6709c2f03f458cc.jpg,scab,0,1,0,0,0,0
e8a58ad4d9829f33.jpg,complex,0,0,0,0,0,1
fcb555c48d4d4e42.jpg,frog_eye_leaf_spot,0,0,1,0,0,0
f049d452ae92653f.jpg,frog_eye_leaf_spot,0,0,1,0,0,0
bca034d5c90f837d.jpg,complex,0,0,0,0,0,1
a4b59ac30bbd2c9a.jpg,frog_eye_leaf_spot complex,0,0,1,0,0,1
86719431e3db5635.jpg,healthy,1,0,0,0,0,0
9a5936a247bc49e9.jpg,scab,0,1,0,0,0,0
e1c9978286961be7.jpg,frog_eye_leaf_spot,0,0,1,0,0,0
b4a4b2a29b6b493d.jpg,complex,0,0,0,0,0,1
ca829db8885575db.jpg,scab,0,1,0,0,0,0
c87cd4fc3f4a2063.jpg,complex,0,0,0,0,0,1
a59cd268c9e14fc3.jpg,scab,0,1,0,0,0,0
ebd39838c105b6dc.jpg,scab,0,1,0,0,0,0
8ab971e3b4169656.jpg,scab,0,1,0,0,0,0
c0377614f870c35f.jpg,healthy,1,0,0,0,0,0
f2f6d15e406961e1.jpg,scab,0,1,0,0,0,0
ad6eda34fca230c1.jpg,healthy,1,0,0,0,0,0
e8f64e993563b610.jpg,frog_eye_leaf_spot,0,0,1,0,0,0
923fd2cb9b0c6c61.jpg,powdery_mildew,0,0,0,0,1,0
a0455f1334e5dec6.jpg,complex,0,0,0,0,0,1
ba0b8ffc9e4c8407.jpg,frog_eye_leaf_spot,0,0,1,0,0,0
eb2591d0daeb8853.jpg,scab,0,1,0,0,0,0
ca18dd7adc22cc8e.jpg,healthy,1,0,0,0,0,0
d9b6f5d3987c0428.jpg,rust,0,0,0,1,0,0
b67f48c0de99682c.jpg,rust,0,0,0,1,0,0
913fc3629da26e83.jpg,scab,0,1,0,0,0,0
95aa53c32965a0ef.jpg,healthy,1,0,0,0,0,0
81a1ca9c95b9d9d9.jpg,complex,0,0,0,0,0,1
d76287fb8d688d08.jpg,scab,0,1,0,0,0,0
9c7b9cab54be6900.jpg,scab,0,1,0,0,0,0
dcc09f6a1ba7660a.jpg,complex,0,0,0,0,0,1
e145d626af231675.jpg,frog_eye_leaf_spot,0,0,1,0,0,0
fa9b67c59a0468b8.jpg,scab,0,1,0,0,0,0
fe31965acb41e1c4.jpg,scab frog_eye_leaf_spot,0,1,1,0,0,0
f49694c18f49c9ab.jpg,rust,0,0,0,1,0,0
c0ff844a0f7b5a16.jpg,scab frog_eye_leaf_spot,0,1,1,0,0,0
e17aa7261ccf0457.jpg,scab,0,1,0,0,0,0
fc01c2dc8fa99de0.jpg,scab,0,1,0,0,0,0
eea2e669a39c2172.jpg,powdery_mildew,0,0,0,0,1,0
eade84814f0f4c2f.jpg,scab,0,1,0,0,0,0
b4a543d6564c987e.jpg,scab,0,1,0,0,0,0
82d374898fc57d70.jpg,scab,0,1,0,0,0,0
b405d5928fd89b4d.jpg,scab,0,1,0,0,0,0
f48d3c9fcae15442.jpg,frog_eye_leaf_spot,0,0,1,0,0,0
da44867e8f1e4768.jpg,healthy,1,0,0,0,0,0
b2d3eb803c65b625.jpg,healthy,1,0,0,0,0,0
a1a5c4c5fa4755ca.jpg,frog_eye_leaf_spot,0,0,1,0,0,0
9016475c31734fdb.jpg,complex,0,0,0,0,0,1
a5c0b7d65aba6912.jpg,complex,0,0,0,0,0,1
e2c0375b9a6bb861.jpg,scab,0,1,0,0,0,0
973896b94ba864c7.jpg,healthy,1,0,0,0,0,0
aab3d2b598d2e858.jpg,rust,0,0,0,1,0,0
9896e68da7e59524.jpg,powdery_mildew,0,0,0,0,1,0
c0bec6c0d6c2d8cf.jpg,rust,0,0,0,1,0,0
a9bbf5c7c3c1088c.jpg,frog_eye_leaf_spot,0,0,1,0,0,0
85e269f2ca36761c.jpg,powdery_mildew,0,0,0,0,1,0
a9b116c36b47e307.jpg,complex,0,0,0,0,0,1
b77cd640ea1ae381.jpg,scab,0,1,0,0,0,0
e8634aebc307b91c.jpg,frog_eye_leaf_spot,0,0,1,0,0,0
f1b8c3e01b475ccc.jpg,frog_eye_leaf_spot,0,0,1,0,0,0
e59398e692385fb0.jpg,complex,0,0,0,0,0,1
c28f1df09d656c0d.jpg,scab,0,1,0,0,0,0
a2950ffaa850afaa.jpg,rust,0,0,0,1,0,0
e9860391f7310d3f.jpg,scab,0,1,0,0,0,0
a8a8d086af9f4f1a.jpg,healthy,1,0,0,0,0,0
d1617b96cbe49930.jpg,frog_eye_leaf_spot,0,0,1,0,0,0
d0850f9eddc99a94.jpg,rust,0,0,0,1,0,0
b0f4c0c96111ef9f.jpg,complex,0,0,0,0,0,1
c1b3a11c7c6d9e0e.jpg,powdery_mildew,0,0,0,0,1,0
afc035817c09cfab.jpg,complex,0,0,0,0,0,1
aa8794dec486e5b2.jpg,healthy,1,0,0,0,0,0
fe1e86149fe1310d.jpg,healthy,1,0,0,0,0,0
9dd64b5c55649e88.jpg,frog_eye_leaf_spot,0,0,1,0,0,0
94dbce4347a0b659.jpg,rust,0,0,0,1,0,0
e5ac9c05f197471a.jpg,healthy,1,0,0,0,0,0
b0c7d3440cff909b.jpg,frog_eye_leaf_spot,0,0,1,0,0,0
d0f2e29556b93c4c.jpg,scab,0,1,0,0,0,0
a08dd6bc7a126177.jpg,frog_eye_leaf_spot,0,0,1,0,0,0
bfd64081a4fd9d24.jpg,rust,0,0,0,1,0,0
f9701987715ed505.jpg,frog_eye_leaf_spot,0,0,1,0,0,0
e668d51407be67c2.jpg,healthy,1,0,0,0,0,0
b09590f59b031d7d.jpg,scab,0,1,0,0,0,0
c063389fe156b71a.jpg,frog_eye_leaf_spot,0,0,1,0,0,0
baf03ec9b435b016.jpg,frog_eye_leaf_spot,0,0,1,0,0,0
9e0ba1619bdf4943.jpg,powdery_mildew,0,0,0,0,1,0
a48983ba4f902ff9.jpg,frog_eye_leaf_spot,0,0,1,0,0,0
87c6b5aaf1a65286.jpg,healthy,1,0,0,0,0,0
e8bd828f4d4a56f0.jpg,healthy,1,0,0,0,0,0
a1b09b202df768de.jpg,frog_eye_leaf_spot,0,0,1,0,0,0
f8728b50abd58f50.jpg,scab,0,1,0,0,0,0
a1bcd3f88599ab82.jpg,healthy,1,0,0,0,0,0
bc878e621e1326f9.jpg,scab,0,1,0,0,0,0
aaa5f416b09c5b1b.jpg,frog_eye_leaf_spot,0,0,1,0,0,0
f03f86f1d82709cc.jpg,rust,0,0,0,1,0,0
9c968ac989ed332e.jpg,complex,0,0,0,0,0,1
a59a5a949bead191.jpg,healthy,1,0,0,0,0,0
fd36d110cb39e621.jpg,scab,0,1,0,0,0,0
8f43b03727b9c6a2.jpg,scab,0,1,0,0,0,0
be828085cbce5e5d.jpg,healthy,1,0,0,0,0,0
bdf892e8cbe1090b.jpg,frog_eye_leaf_spot,0,0,1,0,0,0
f6f28cd63c847238.jpg,healthy,1,0,0,0,0,0
970382f6ae642e97.jpg,complex,0,0,0,0,0,1
e8103fff56001a5f.jpg,rust,0,0,0,1,0,0
c82c2fb319e996c3.jpg,healthy,1,0,0,0,0,0
f09a9f50e82e6b25.jpg,scab frog_eye_leaf_spot complex,0,1,1,0,0,1
cad954b90a8eb47a.jpg,scab,0,1,0,0,0,0
8bea3f95e08ac14b.jpg,scab,0,1,0,0,0,0
aab4c50f5d74cc61.jpg,healthy,1,0,0,0,0,0
d8cbffe96f002031.jpg,healthy,1,0,0,0,0,0
c08237dd9fb512e2.jpg,frog_eye_leaf_spot complex,0,0,1,0,0,1
c08552de599f1c2f.jpg,scab,0,1,0,0,0,0
91fc00c0fff7e0d0.jpg,scab,0,1,0,0,0,0
b797b18d4d643017.jpg,scab,0,1,0,0,0,0
c5f638071305fe8e.jpg,frog_eye_leaf_spot,0,0,1,0,0,0
ae69761d6123a1e9.jpg,scab,0,1,0,0,0,0
c3343716d65a5a66.jpg,rust,0,0,0,1,0,0
900e32daa73987fc.jpg,scab,0,1,0,0,0,0
f0f496aa581b2b93.jpg,healthy,1,0,0,0,0,0
c0013f5e37e37538.jpg,scab,0,1,0,0,0,0
ff7ed080834b40db.jpg,complex,0,0,0,0,0,1
952a9e135c19e379.jpg,scab,0,1,0,0,0,0
c8d61c3298db6637.jpg,frog_eye_leaf_spot,0,0,1,0,0,0
fab3f2b1c0d2a982.jpg,scab,0,1,0,0,0,0
f4e48783d2c4de54.jpg,scab,0,1,0,0,0,0
88e21dc2dedcc69c.jpg,scab,0,1,0,0,0,0
94c269c51f4f5a5a.jpg,complex,0,0,0,0,0,1
cf8b9281432be8f5.jpg,frog_eye_leaf_spot,0,0,1,0,0,0
b86388dfce2e2c54.jpg,healthy,1,0,0,0,0,0
dfb8688819856be9.jpg,powdery_mildew,0,0,0,0,1,0
85d42cce0e8ddc6d.jpg,complex,0,0,0,0,0,1
90e03c8f3b398d6e.jpg,powdery_mildew,0,0,0,0,1,0
aae0e0e4de5748d3.jpg,scab,0,1,0,0,0,0
aaa840f5e80adef5.jpg,rust,0,0,0,1,0,0
a101d7fe9fb09883.jpg,scab frog_eye_leaf_spot,0,1,1,0,0,0
da4cf23021797dc9.jpg,complex,0,0,0,0,0,1
d6b72e93c06c39c1.jpg,scab,0,1,0,0,0,0
fc9685e0b9634743.jpg,healthy,1,0,0,0,0,0
e9f1cc9ba00772b8.jpg,frog_eye_leaf_spot,0,0,1,0,0,0
89a587d04b4bf9c5.jpg,scab,0,1,0,0,0,0
d6d2964a3f20b49d.jpg,scab frog_eye_leaf_spot complex,0,1,1,0,0,1
996fc1c4dd6c3c0a.jpg,complex,0,0,0,0,0,1
dfff60f000af80e4.jpg,scab,0,1,0,0,0,0
f88dc1f31f42076c.jpg,scab frog_eye_leaf_spot,0,1,1,0,0,0
ac0bc171917f9be0.jpg,scab frog_eye_leaf_spot,0,1,1,0,0,0
dacb7ae0852496e6.jpg,scab,0,1,0,0,0,0
d32492d3854abece.jpg,complex,0,0,0,0,0,1
b0e0d2cb4f4166ee.jpg,scab,0,1,0,0,0,0
a9389eeb190fe905.jpg,rust,0,0,0,1,0,0
e9f0aad77e50120d.jpg,scab,0,1,0,0,0,0
b3cafd520ba0598d.jpg,complex,0,0,0,0,0,1
b0c1fd514cbb8c35.jpg,complex,0,0,0,0,0,1
9bf4912019873dcf.jpg,complex,0,0,0,0,0,1
b08965fe289f542b.jpg,scab,0,1,0,0,0,0
f5f1c9c0d2d74192.jpg,scab,0,1,0,0,0,0
c0cc3188dcad5fd5.jpg,complex,0,0,0,0,0,1
acc0a5ea729a8f8e.jpg,frog_eye_leaf_spot,0,0,1,0,0,0
a8091bf259711d7b.jpg,frog_eye_leaf_spot,0,0,1,0,0,0
ccd52ecf00ebd164.jpg,scab,0,1,0,0,0,0
9ee1847585aceba4.jpg,complex,0,0,0,0,0,1
a8da97cd4a2d29ac.jpg,scab frog_eye_leaf_spot,0,1,1,0,0,0
fe3f86c3904a838d.jpg,scab,0,1,0,0,0,0
9a636e1c3c0496ef.jpg,rust,0,0,0,1,0,0
aee1e4a5d6847354.jpg,healthy,1,0,0,0,0,0
f412cfae1ed48e82.jpg,frog_eye_leaf_spot,0,0,1,0,0,0
aad5c5866a386b35.jpg,scab frog_eye_leaf_spot,0,1,1,0,0,0
d1086b756c6e68bc.jpg,healthy,1,0,0,0,0,0
abb4cb4ced3058aa.jpg,healthy,1,0,0,0,0,0
8989898f8f8e2c7e.jpg,rust frog_eye_leaf_spot,0,0,1,1,0,0
f8bf0e8d0e4e2394.jpg,frog_eye_leaf_spot,0,0,1,0,0,0
aa6dbd60d1c09adc.jpg,scab,0,1,0,0,0,0
d0e4bb7ee916032a.jpg,healthy,1,0,0,0,0,0
be85d8d5487f01b4.jpg,scab,0,1,0,0,0,0
fc8c021f13194dfd.jpg,powdery_mildew,0,0,0,0,1,0
c5cfa16193c3993c.jpg,healthy,1,0,0,0,0,0
e89e1c660f9a849f.jpg,healthy,1,0,0,0,0,0
8285d6a74e973f12.jpg,scab,0,1,0,0,0,0
bf24a55cca78ca51.jpg,scab,0,1,0,0,0,0
a4875f34b1e18dc9.jpg,powdery_mildew,0,0,0,0,1,0
d41a7b0479631c7b.jpg,complex,0,0,0,0,0,1
9a6435c665b4c23f.jpg,rust,0,0,0,1,0,0
80cfef794308bf18.jpg,complex,0,0,0,0,0,1
f1b1309613177b1b.jpg,scab,0,1,0,0,0,0
bf1b92b05fb00db0.jpg,scab,0,1,0,0,0,0
b36cb29b649a6aa4.jpg,healthy,1,0,0,0,0,0
a98c395e1d7492bc.jpg,scab,0,1,0,0,0,0
d25a929afc8d350b.jpg,powdery_mildew,0,0,0,0,1,0
9cb09eb2cabfc700.jpg,healthy,1,0,0,0,0,0
97872580cafb7c13.jpg,scab,0,1,0,0,0,0
85ec8f809f818cdf.jpg,scab,0,1,0,0,0,0
d7b0640edccba869.jpg,complex,0,0,0,0,0,1
f498c8ee0bf3311a.jpg,scab,0,1,0,0,0,0
fcd4c6ca1b786183.jpg,rust,0,0,0,1,0,0
bc1adac9d0d43dc1.jpg,frog_eye_leaf_spot,0,0,1,0,0,0
ee1dc412c86f0757.jpg,frog_eye_leaf_spot,0,0,1,0,0,0
eba196785d05e1e1.jpg,frog_eye_leaf_spot,0,0,1,0,0,0
8ceaba5894836ee9.jpg,powdery_mildew complex,0,0,0,0,1,1
de22c00ae5df626d.jpg,scab frog_eye_leaf_spot complex,0,1,1,0,0,1
f20aa5a5afa28a97.jpg,rust,0,0,0,1,0,0
aac5b615f2b91983.jpg,healthy,1,0,0,0,0,0
a597d288d318dd93.jpg,scab frog_eye_leaf_spot,0,1,1,0,0,0
f89bfadd844e8640.jpg,frog_eye_leaf_spot,0,0,1,0,0,0
f68fd6054e4a2d52.jpg,scab,0,1,0,0,0,0
8a5127299a4b71bf.jpg,scab,0,1,0,0,0,0
9238981f6cc3f60f.jpg,frog_eye_leaf_spot,0,0,1,0,0,0
fda4e6611a9b08cb.jpg,rust,0,0,0,1,0,0
8d9173c5b586ae0b.jpg,powdery_mildew,0,0,0,0,1,0
b5ad94c3485f217c.jpg,healthy,1,0,0,0,0,0
adfa94a1c242cbb3.jpg,scab frog_eye_leaf_spot,0,1,1,0,0,0
c9bd7989096f1853.jpg,scab frog_eye_leaf_spot,0,1,1,0,0,0
f8f420cf5b80d3f0.jpg,scab,0,1,0,0,0,0
fce4c50ffccd0007.jpg,rust,0,0,0,1,0,0
bceeaa901dca7921.jpg,scab frog_eye_leaf_spot,0,1,1,0,0,0
f66d0b3979709283.jpg,rust,0,0,0,1,0,0
d01e6dc3613a9b71.jpg,healthy,1,0,0,0,0,0
fe9ca00233723bd3.jpg,healthy,1,0,0,0,0,0
821d7a1a16fafd48.jpg,complex,0,0,0,0,0,1
e5b4cb7a2c325383.jpg,scab frog_eye_leaf_spot,0,1,1,0,0,0
bda140f19593db83.jpg,healthy,1,0,0,0,0,0
951c6a39a3f2e338.jpg,healthy,1,0,0,0,0,0
90cf9aac20b655d7.jpg,scab,0,1,0,0,0,0
cb388b3a62c7dd88.jpg,rust,0,0,0,1,0,0
bae69542faaa6588.jpg,scab,0,1,0,0,0,0
c1e23fd761222b39.jpg,healthy,1,0,0,0,0,0
a0a5cb98a9457a6f.jpg,frog_eye_leaf_spot,0,0,1,0,0,0
ddc08ac949f2a74d.jpg,rust,0,0,0,1,0,0
e4b29cc86e69256d.jpg,frog_eye_leaf_spot,0,0,1,0,0,0
a7ebf1c5d9600165.jpg,powdery_mildew,0,0,0,0,1,0
dced698524c97439.jpg,frog_eye_leaf_spot,0,0,1,0,0,0
bd77d0a48840edb3.jpg,frog_eye_leaf_spot,0,0,1,0,0,0
a1b29c972c69b276.jpg,frog_eye_leaf_spot,0,0,1,0,0,0
b4923f8cfac05a78.jpg,powdery_mildew,0,0,0,0,1,0
b97d15fa0816e52a.jpg,rust,0,0,0,1,0,0
d9ca91bf98658ac1.jpg,frog_eye_leaf_spot,0,0,1,0,0,0
c5f79caa2388b728.jpg,healthy,1,0,0,0,0,0
ede142c2878d8db9.jpg,scab frog_eye_leaf_spot complex,0,1,1,0,0,1
bc8d94cad7cb2b02.jpg,complex,0,0,0,0,0,1
90d6618fd626f712.jpg,rust,0,0,0,1,0,0
96d68f3b3121db88.jpg,scab,0,1,0,0,0,0
ec75e4877a4302ae.jpg,scab,0,1,0,0,0,0
fd85d086cfaa4a58.jpg,scab,0,1,0,0,0,0
e3459bd08f207c1f.jpg,frog_eye_leaf_spot,0,0,1,0,0,0
8d8d9c3ba6c96658.jpg,scab,0,1,0,0,0,0
e57cb52fa0b05ae0.jpg,frog_eye_leaf_spot,0,0,1,0,0,0
984c7d35c9d26636.jpg,powdery_mildew,0,0,0,0,1,0
bdda746048d3da38.jpg,powdery_mildew,0,0,0,0,1,0
a15a6aeb3ceb1521.jpg,scab,0,1,0,0,0,0
ae394ab08193ff61.jpg,scab,0,1,0,0,0,0
b64a9e69e9744d90.jpg,rust,0,0,0,1,0,0
a6eb8f21c5b43389.jpg,scab,0,1,0,0,0,0
ef3585f7d88281c8.jpg,healthy,1,0,0,0,0,0
fafc1be0a5c5c205.jpg,complex,0,0,0,0,0,1
946b63b59a8aa770.jpg,healthy,1,0,0,0,0,0
fc008749feeec740.jpg,healthy,1,0,0,0,0,0
d5ed8c96ad9a6940.jpg,healthy,1,0,0,0,0,0
f5ecf888e88ea4a4.jpg,complex,0,0,0,0,0,1
81d067e2c1949fdd.jpg,frog_eye_leaf_spot,0,0,1,0,0,0
d0bfc091dbf428d8.jpg,healthy,1,0,0,0,0,0
d10aceda7d616668.jpg,frog_eye_leaf_spot,0,0,1,0,0,0
bed5b1091f2748f0.jpg,healthy,1,0,0,0,0,0
8d38c85f68ca70bd.jpg,scab,0,1,0,0,0,0
9c3684213b2f0fdd.jpg,healthy,1,0,0,0,0,0
9db53c7381796960.jpg,frog_eye_leaf_spot,0,0,1,0,0,0
85746b8835eb4ad9.jpg,rust,0,0,0,1,0,0
de3dc0b4d2053f0d.jpg,scab,0,1,0,0,0,0
8083e6ccd8d5dce3.jpg,frog_eye_leaf_spot,0,0,1,0,0,0
81be67b578246ba8.jpg,powdery_mildew,0,0,0,0,1,0
a1aad79ccb1ce930.jpg,scab,0,1,0,0,0,0
803bcb65f486e39a.jpg,healthy,1,0,0,0,0,0
d56a97c09a863976.jpg,frog_eye_leaf_spot,0,0,1,0,0,0
ca40775cfb40e175.jpg,scab,0,1,0,0,0,0
d2dac19c8ebd2ea0.jpg,healthy,1,0,0,0,0,0
afc09fc642e16b23.jpg,healthy,1,0,0,0,0,0
a083ef9cdcd91269.jpg,frog_eye_leaf_spot,0,0,1,0,0,0
ad46d4ecc9ed5540.jpg,healthy,1,0,0,0,0,0
b78487ca4dbc4c6c.jpg,complex,0,0,0,0,0,1
f01e81eb74d70371.jpg,scab,0,1,0,0,0,0
a8ad9b0b8b33a6f0.jpg,scab,0,1,0,0,0,0
d99e71e506232697.jpg,scab,0,1,0,0,0,0
c7c763814169f9b8.jpg,healthy,1,0,0,0,0,0
b66e936a49b00ecb.jpg,scab frog_eye_leaf_spot,0,1,1,0,0,0
a51ec3381c67fa46.jpg,frog_eye_leaf_spot,0,0,1,0,0,0
cf6b445fe7013560.jpg,frog_eye_leaf_spot,0,0,1,0,0,0
c1bf2946311fc0be.jpg,scab,0,1,0,0,0,0
d69b7380214777c3.jpg,frog_eye_leaf_spot,0,0,1,0,0,0
c3839eb7d8374c11.jpg,frog_eye_leaf_spot,0,0,1,0,0,0
b07a97ac78ba3152.jpg,healthy,1,0,0,0,0,0
ab37412b95623ee8.jpg,powdery_mildew,0,0,0,0,1,0
fc873d80b4f00bea.jpg,scab,0,1,0,0,0,0
a59a83d78b9a68e8.jpg,healthy,1,0,0,0,0,0
926a9f818dad29d6.jpg,scab,0,1,0,0,0,0
dffc8fc0548f6028.jpg,healthy,1,0,0,0,0,0
97cca368aee1e710.jpg,healthy,1,0,0,0,0,0
a9966b284d8b1797.jpg,scab,0,1,0,0,0,0
abc387e59594dc50.jpg,healthy,1,0,0,0,0,0
effe81808a831aaf.jpg,healthy,1,0,0,0,0,0
d54f7030c8e56fb0.jpg,healthy,1,0,0,0,0,0
b0d8d1dcc9be818d.jpg,scab,0,1,0,0,0,0
dbcddab440b18356.jpg,powdery_mildew,0,0,0,0,1,0
d58a601ee7dce438.jpg,frog_eye_leaf_spot,0,0,1,0,0,0
e2f005e3de0f94b4.jpg,scab,0,1,0,0,0,0
ab42978fb9c2d425.jpg,rust,0,0,0,1,0,0
9db060c31ee7c4e9.jpg,frog_eye_leaf_spot complex,0,0,1,0,0,1
a1b3e091d3bad703.jpg,frog_eye_leaf_spot,0,0,1,0,0,0
c5e14ec19a09ff89.jpg,scab,0,1,0,0,0,0
b8a10d65b2b5671e.jpg,scab,0,1,0,0,0,0
d1dd4939b461889f.jpg,healthy,1,0,0,0,0,0
d40b9ded18bc206f.jpg,healthy,1,0,0,0,0,0
dcd652b1f18a7924.jpg,healthy,1,0,0,0,0,0
94c61e2b18b7daa5.jpg,frog_eye_leaf_spot,0,0,1,0,0,0
f601e6bc07f9406b.jpg,scab frog_eye_leaf_spot,0,1,1,0,0,0
f5c8b824c388e71f.jpg,scab,0,1,0,0,0,0
e585964a8778cea5.jpg,frog_eye_leaf_spot,0,0,1,0,0,0
96e62d1492297ead.jpg,frog_eye_leaf_spot,0,0,1,0,0,0
f0cc1427fb1fc831.jpg,rust,0,0,0,1,0,0
9898417d6f25b4b6.jpg,healthy,1,0,0,0,0,0
b6fb9252d88e0f05.jpg,healthy,1,0,0,0,0,0
fcf1939f1d1850e0.jpg,scab,0,1,0,0,0,0
cfae27c0b0c1399e.jpg,scab frog_eye_leaf_spot,0,1,1,0,0,0
b489cdeb4cb23a32.jpg,healthy,1,0,0,0,0,0
9d7ddcd23087a542.jpg,healthy,1,0,0,0,0,0
f966d745a498053d.jpg,complex,0,0,0,0,0,1
f674f490e46e094b.jpg,healthy,1,0,0,0,0,0
ffe030c2564a5557.jpg,healthy,1,0,0,0,0,0
c0f82f0ec6e6ba8a.jpg,frog_eye_leaf_spot,0,0,1,0,0,0
dad43dead41f2214.jpg,scab,0,1,0,0,0,0
a8256d9e671d2695.jpg,frog_eye_leaf_spot,0,0,1,0,0,0
b0ddc3dd81aa4768.jpg,rust,0,0,0,1,0,0
a5f4c74073cb2b43.jpg,scab,0,1,0,0,0,0
eb9a953b42664a95.jpg,healthy,1,0,0,0,0,0
f29cc6dba8071617.jpg,frog_eye_leaf_spot,0,0,1,0,0,0
9b76398661307c5b.jpg,healthy,1,0,0,0,0,0
b8c3d7bb086f300b.jpg,rust,0,0,0,1,0,0
8f094bd7807a339e.jpg,rust,0,0,0,1,0,0
90d97c484e598ded.jpg,scab,0,1,0,0,0,0
83ac2ccacb0fd2b9.jpg,powdery_mildew,0,0,0,0,1,0
f05ad49e5f0a0d4b.jpg,frog_eye_leaf_spot,0,0,1,0,0,0
d0f929f928cbb40d.jpg,frog_eye_leaf_spot,0,0,1,0,0,0
c3e72536129379c5.jpg,powdery_mildew,0,0,0,0,1,0
a58f5a12c51ff1c1.jpg,healthy,1,0,0,0,0,0
bc89a82718fc5f0e.jpg,frog_eye_leaf_spot,0,0,1,0,0,0
e4b1d4c2cb170e3e.jpg,scab,0,1,0,0,0,0
ad6fb1ea807912ac.jpg,healthy,1,0,0,0,0,0
d8957a1f34b221d6.jpg,scab,0,1,0,0,0,0
94cccf1ee8306537.jpg,frog_eye_leaf_spot,0,0,1,0,0,0
d4379cde420c4f33.jpg,frog_eye_leaf_spot,0,0,1,0,0,0
d5cf3f6c9089901b.jpg,healthy,1,0,0,0,0,0
d65970386b17033f.jpg,frog_eye_leaf_spot,0,0,1,0,0,0
e536de6339cc2889.jpg,scab,0,1,0,0,0,0
d932234fb966b922.jpg,powdery_mildew,0,0,0,0,1,0
aad2a596de95ca88.jpg,healthy,1,0,0,0,0,0
f5a3cacb2ccc4634.jpg,frog_eye_leaf_spot,0,0,1,0,0,0
e18f855851e0f8e7.jpg,scab,0,1,0,0,0,0
cd7b46a12d358715.jpg,powdery_mildew,0,0,0,0,1,0
ded328aa53ac63d0.jpg,scab,0,1,0,0,0,0
d0a26a4e34bcaaaf.jpg,powdery_mildew,0,0,0,0,1,0
849780fbfb4b2d41.jpg,complex,0,0,0,0,0,1
bf9861aaea3fc028.jpg,scab,0,1,0,0,0,0
f4dd686003f29bb2.jpg,scab frog_eye_leaf_spot,0,1,1,0,0,0
ca802fffe87a1503.jpg,frog_eye_leaf_spot,0,0,1,0,0,0
f0bc81851e7ef0e2.jpg,complex,0,0,0,0,0,1
f917cd90a116f2a3.jpg,powdery_mildew complex,0,0,0,0,1,1
99b08fb20cb92b9d.jpg,scab,0,1,0,0,0,0
fe8acdce053a1037.jpg,frog_eye_leaf_spot,0,0,1,0,0,0
95cce242b7f4c466.jpg,frog_eye_leaf_spot,0,0,1,0,0,0
df03b6b220782eea.jpg,scab,0,1,0,0,0,0
e5788768aec72a83.jpg,healthy,1,0,0,0,0,0
dd5f559b8aa06170.jpg,healthy,1,0,0,0,0,0
d71d61c9d07c352a.jpg,complex,0,0,0,0,0,1
a0b01bcf6c3c9df0.jpg,scab frog_eye_leaf_spot,0,1,1,0,0,0
bfac94a7f0b60b02.jpg,scab,0,1,0,0,0,0
90e3f81747ee2495.jpg,complex,0,0,0,0,0,1
fdb2fe52c8d1a0c0.jpg,scab frog_eye_leaf_spot,0,1,1,0,0,0
fcf5c0a2cf934588.jpg,scab,0,1,0,0,0,0
c4dccdcdee6a1211.jpg,scab,0,1,0,0,0,0
941a7ab56b4a65c6.jpg,powdery_mildew,0,0,0,0,1,0
f4d4e9d1a1a0b536.jpg,healthy,1,0,0,0,0,0
9ba57090bab1b593.jpg,scab,0,1,0,0,0,0
aca96bc1a9b286ab.jpg,scab,0,1,0,0,0,0
ea20c27882dbb75e.jpg,healthy,1,0,0,0,0,0
ade29e8ec11a2cb5.jpg,scab,0,1,0,0,0,0
d0c4389cc7a8efaa.jpg,frog_eye_leaf_spot,0,0,1,0,0,0
b8a0078b6c67b1d7.jpg,rust,0,0,0,1,0,0
f88c4f6c9a98836e.jpg,healthy,1,0,0,0,0,0
8c83d4cbc5c8e5f4.jpg,scab frog_eye_leaf_spot complex,0,1,1,0,0,1
c4b02738acfff0e0.jpg,healthy,1,0,0,0,0,0
963b65c4b9c25a47.jpg,scab,0,1,0,0,0,0
a18979581ead3756.jpg,healthy,1,0,0,0,0,0
8d9b775a5141f885.jpg,frog_eye_leaf_spot,0,0,1,0,0,0
c3f8672138f3b861.jpg,scab,0,1,0,0,0,0
d88f66e083ed0de8.jpg,scab,0,1,0,0,0,0
af1d56770e407f80.jpg,frog_eye_leaf_spot,0,0,1,0,0,0
a7f3c2858ab5bd10.jpg,rust complex,0,0,0,1,0,1
a2d96f930deb84e0.jpg,healthy,1,0,0,0,0,0
fdc2bde10d847494.jpg,complex,0,0,0,0,0,1
dce95299abda4183.jpg,scab,0,1,0,0,0,0
fcb7f48080671df0.jpg,scab,0,1,0,0,0,0
cb9f246872b4d3b0.jpg,healthy,1,0,0,0,0,0
abba23dc85d4f302.jpg,scab,0,1,0,0,0,0
fd2ac0e0cce5d8c6.jpg,healthy,1,0,0,0,0,0
b516256a686f4aab.jpg,rust,0,0,0,1,0,0
bd0b90e51a87e1ce.jpg,healthy,1,0,0,0,0,0
89becd60a683a29f.jpg,healthy,1,0,0,0,0,0
a5f5969c4ba16513.jpg,healthy,1,0,0,0,0,0
d307a27e946e9e24.jpg,frog_eye_leaf_spot,0,0,1,0,0,0
e5e1e1814e7f081f.jpg,complex,0,0,0,0,0,1
b43f8a609d7f094c.jpg,healthy,1,0,0,0,0,0
8095c68bf924ab77.jpg,frog_eye_leaf_spot,0,0,1,0,0,0
cfde68b088ed0f03.jpg,complex,0,0,0,0,0,1
cbbb8bc0361ff110.jpg,scab,0,1,0,0,0,0
90d7e6d89b706ca8.jpg,frog_eye_leaf_spot,0,0,1,0,0,0
aa94d28a93559fb8.jpg,scab,0,1,0,0,0,0
d2fa9bc8891db8c2.jpg,frog_eye_leaf_spot,0,0,1,0,0,0
c5bbe5b687158550.jpg,rust,0,0,0,1,0,0
81e18321dff63cd4.jpg,scab,0,1,0,0,0,0
a1d2997748a6ad4b.jpg,healthy,1,0,0,0,0,0
a585ba8bd215d31b.jpg,healthy,1,0,0,0,0,0
e1b9a3929e0447f3.jpg,complex,0,0,0,0,0,1
c3897fdde0e8e0c0.jpg,scab,0,1,0,0,0,0
fc2bf8000ffc609e.jpg,scab,0,1,0,0,0,0
c56316977a3d7508.jpg,rust,0,0,0,1,0,0
a1d87fe1f202e583.jpg,frog_eye_leaf_spot,0,0,1,0,0,0
953537e2604edb38.jpg,powdery_mildew,0,0,0,0,1,0
bc01c0966f70ff31.jpg,scab frog_eye_leaf_spot,0,1,1,0,0,0
dcc43d85159f9076.jpg,frog_eye_leaf_spot,0,0,1,0,0,0
bf96a3e0bc4f8160.jpg,scab,0,1,0,0,0,0
b8d4920e50bd64df.jpg,scab,0,1,0,0,0,0
a63fc2cbc8e95624.jpg,healthy,1,0,0,0,0,0
ac5a64bd49b2a8b5.jpg,healthy,1,0,0,0,0,0
92cbb5dfc1a844ac.jpg,scab,0,1,0,0,0,0
9cf42b9ce6e6880b.jpg,scab,0,1,0,0,0,0
ead56388448a5fdc.jpg,healthy,1,0,0,0,0,0
ab3596fb0dac2550.jpg,frog_eye_leaf_spot,0,0,1,0,0,0
e11012fbe9e561e5.jpg,healthy,1,0,0,0,0,0
ca279f60df887289.jpg,rust,0,0,0,1,0,0
da882dcd946bc374.jpg,frog_eye_leaf_spot,0,0,1,0,0,0
818209afc56f2fdc.jpg,scab,0,1,0,0,0,0
a6b186da2b6f3512.jpg,healthy,1,0,0,0,0,0
c8ba81c58b96ee4d.jpg,healthy,1,0,0,0,0,0
ea9b5dbd6524a222.jpg,scab,0,1,0,0,0,0
88ff1a2ce9a4e16a.jpg,scab,0,1,0,0,0,0
af90de0bc8ef4125.jpg,frog_eye_leaf_spot,0,0,1,0,0,0
c5db8f8b19c06167.jpg,complex,0,0,0,0,0,1
cfa074c4727ae2b8.jpg,scab,0,1,0,0,0,0
d5a2cac29d4a4d6d.jpg,complex,0,0,0,0,0,1
d6be28cb3604e70e.jpg,frog_eye_leaf_spot,0,0,1,0,0,0
a53ac6a4da57e198.jpg,healthy,1,0,0,0,0,0
b1de836d425d34b2.jpg,scab,0,1,0,0,0,0
80e0debc5a9a635d.jpg,scab,0,1,0,0,0,0
cfa79659c6380c66.jpg,scab,0,1,0,0,0,0
ab8e8d95dcec9205.jpg,scab,0,1,0,0,0,0
c2a5b7d2886a396d.jpg,healthy,1,0,0,0,0,0
b4edcde0741f3510.jpg,healthy,1,0,0,0,0,0
cd388cfa48cde0bc.jpg,scab,0,1,0,0,0,0
fc105f60a0fa6357.jpg,rust,0,0,0,1,0,0
ff38378920ba812f.jpg,powdery_mildew,0,0,0,0,1,0
aa924e25cf1b893d.jpg,scab,0,1,0,0,0,0
f6e7606bb5938241.jpg,scab,0,1,0,0,0,0
fc2799d2f3890705.jpg,frog_eye_leaf_spot,0,0,1,0,0,0
d0b911952bbe2735.jpg,healthy,1,0,0,0,0,0
bcf7e3a724088cd4.jpg,rust,0,0,0,1,0,0
cdc815b993ce7889.jpg,scab,0,1,0,0,0,0
f6148587c1e787e2.jpg,frog_eye_leaf_spot,0,0,1,0,0,0
ebecc004bbaa78c6.jpg,scab,0,1,0,0,0,0
979bf0c0c0cfc3cc.jpg,scab,0,1,0,0,0,0
95e633360a0fe539.jpg,healthy,1,0,0,0,0,0
8b4e03259f4b97c5.jpg,scab,0,1,0,0,0,0
ca361fce6abe00cc.jpg,complex,0,0,0,0,0,1
ce6ce339c6c52493.jpg,powdery_mildew,0,0,0,0,1,0
a4c596851af143fe.jpg,frog_eye_leaf_spot,0,0,1,0,0,0
d0a0b4be9ef2ec42.jpg,healthy,1,0,0,0,0,0
cf401d0b25e07efc.jpg,scab,0,1,0,0,0,0
dba6651e5ac628e1.jpg,frog_eye_leaf_spot,0,0,1,0,0,0
b8b0ee5bb4058f1a.jpg,healthy,1,0,0,0,0,0
b06a8f95e3599174.jpg,scab,0,1,0,0,0,0
fc3fcb60f8e1a180.jpg,healthy,1,0,0,0,0,0
c0e027301fd757ad.jpg,scab,0,1,0,0,0,0
846ac7970f6f0e1c.jpg,scab,0,1,0,0,0,0
eaa1c592c6db8a5a.jpg,scab,0,1,0,0,0,0
c1642e733803bf97.jpg,healthy,1,0,0,0,0,0
b28ecd3834a19bce.jpg,scab frog_eye_leaf_spot,0,1,1,0,0,0
916680db8e1dff0c.jpg,healthy,1,0,0,0,0,0
f42d0bfcb0b3610b.jpg,scab frog_eye_leaf_spot,0,1,1,0,0,0
ffb5c17927283032.jpg,scab,0,1,0,0,0,0
905a52534b2fe0fd.jpg,scab,0,1,0,0,0,0
c82933c21f623f9b.jpg,scab,0,1,0,0,0,0
80b4b62f1232e6fb.jpg,frog_eye_leaf_spot,0,0,1,0,0,0
80933fcc6a673636.jpg,rust frog_eye_leaf_spot,0,0,1,1,0,0
bcc6232d5df18465.jpg,frog_eye_leaf_spot,0,0,1,0,0,0
c0c1c1cdbffe3502.jpg,scab,0,1,0,0,0,0
f51e866d86729a0b.jpg,complex,0,0,0,0,0,1
f1000361df771e1f.jpg,frog_eye_leaf_spot,0,0,1,0,0,0
de9e3764392362c4.jpg,frog_eye_leaf_spot,0,0,1,0,0,0
feb0b0208b5f89ae.jpg,rust,0,0,0,1,0,0
ba36d8dd88a46571.jpg,frog_eye_leaf_spot,0,0,1,0,0,0
cfb200ff17816f48.jpg,scab,0,1,0,0,0,0
f23cedc303173938.jpg,frog_eye_leaf_spot,0,0,1,0,0,0
85eaeb15a8a55257.jpg,complex,0,0,0,0,0,1
b66292b64a9a74da.jpg,healthy,1,0,0,0,0,0
a492dfb8da499585.jpg,scab,0,1,0,0,0,0
f31e93e94d4425b2.jpg,complex,0,0,0,0,0,1
b9951e0accaaf5d0.jpg,powdery_mildew,0,0,0,0,1,0
bdbab822d02ec81f.jpg,scab,0,1,0,0,0,0
e040338e9ab363f7.jpg,frog_eye_leaf_spot,0,0,1,0,0,0
d01c2d27b7922757.jpg,complex,0,0,0,0,0,1
8ef491c67b708e2a.jpg,scab,0,1,0,0,0,0
d03240df8f19fa5a.jpg,complex,0,0,0,0,0,1
f8a0cfc3c9b24c74.jpg,frog_eye_leaf_spot,0,0,1,0,0,0
a7bc93c68c2a1cea.jpg,frog_eye_leaf_spot,0,0,1,0,0,0
c8e822eb7e127536.jpg,healthy,1,0,0,0,0,0
cdce451ea2996e25.jpg,rust,0,0,0,1,0,0
cb8fa24052f4dee4.jpg,rust,0,0,0,1,0,0
c5c7c77539383831.jpg,scab,0,1,0,0,0,0
9fad869f21b5b240.jpg,rust complex,0,0,0,1,0,1
aa82979f3e727062.jpg,healthy,1,0,0,0,0,0
dd7788c48b6842b7.jpg,healthy,1,0,0,0,0,0
d1bfe0e1c3a12bc2.jpg,scab,0,1,0,0,0,0
f6a0c8934f4d91dc.jpg,healthy,1,0,0,0,0,0
dcce49e42723e09b.jpg,powdery_mildew,0,0,0,0,1,0
8075fbf90600e5fa.jpg,powdery_mildew,0,0,0,0,1,0
c698897c1ecd68b6.jpg,scab,0,1,0,0,0,0
c7642e8769d6e84a.jpg,frog_eye_leaf_spot,0,0,1,0,0,0
fe71c6838ad58859.jpg,complex,0,0,0,0,0,1
da2115bd3736b071.jpg,rust,0,0,0,1,0,0
a86b949dd20b9bd8.jpg,scab frog_eye_leaf_spot,0,1,1,0,0,0
9fa495beda4d0055.jpg,healthy,1,0,0,0,0,0
f81a96c0ccf77825.jpg,frog_eye_leaf_spot,0,0,1,0,0,0
bb6d9515b05049fa.jpg,scab,0,1,0,0,0,0
866a446bad25b6d6.jpg,frog_eye_leaf_spot,0,0,1,0,0,0
ebb4c186afaa4a4a.jpg,complex,0,0,0,0,0,1
c0e8309cbd876b97.jpg,scab,0,1,0,0,0,0
f9c687289c7281f6.jpg,rust,0,0,0,1,0,0
e274cdb0294fc13d.jpg,rust,0,0,0,1,0,0
f63cc9f9fcc06090.jpg,scab,0,1,0,0,0,0
f3c2b783d2afc240.jpg,complex,0,0,0,0,0,1
e63dbe97b4928144.jpg,scab,0,1,0,0,0,0
eaaf868195e3053e.jpg,scab,0,1,0,0,0,0
e05e31945a96bb5c.jpg,scab,0,1,0,0,0,0
d0b4c1d21f3d2d8d.jpg,healthy,1,0,0,0,0,0
c74c363ccd9f2514.jpg,rust,0,0,0,1,0,0
95d2d58a596b3691.jpg,scab,0,1,0,0,0,0
d0bc2d0d339664f5.jpg,powdery_mildew,0,0,0,0,1,0
b5e1ca9e66844b59.jpg,healthy,1,0,0,0,0,0
e60442ef4b957a3c.jpg,powdery_mildew,0,0,0,0,1,0
f5b7233006c5ae4e.jpg,rust complex,0,0,0,1,0,1
bf679f609b84218c.jpg,healthy,1,0,0,0,0,0
c8c265728b956f95.jpg,rust,0,0,0,1,0,0
f0f097054dd5658b.jpg,frog_eye_leaf_spot,0,0,1,0,0,0
fdfdd000c412c5f6.jpg,scab frog_eye_leaf_spot,0,1,1,0,0,0
e038e7709e6391cd.jpg,healthy,1,0,0,0,0,0
c0e483e1dc437e4f.jpg,complex,0,0,0,0,0,1
eb81968e9bca9878.jpg,frog_eye_leaf_spot,0,0,1,0,0,0
d870e18f97bc8899.jpg,frog_eye_leaf_spot,0,0,1,0,0,0
bc51d26af4e5a08b.jpg,healthy,1,0,0,0,0,0
d269a324ce5ac2f9.jpg,frog_eye_leaf_spot,0,0,1,0,0,0
b0bc031e44f8d7e6.jpg,rust,0,0,0,1,0,0
b86281bfc69c0fac.jpg,frog_eye_leaf_spot,0,0,1,0,0,0
fe09962c9e4931d5.jpg,rust,0,0,0,1,0,0
f4e99ec8481627b6.jpg,healthy,1,0,0,0,0,0
f939e0970f469a58.jpg,healthy,1,0,0,0,0,0
b4af82b18fd24ac9.jpg,complex,0,0,0,0,0,1
f891839e8f342e72.jpg,scab frog_eye_leaf_spot,0,1,1,0,0,0
cf11b57af4788889.jpg,frog_eye_leaf_spot,0,0,1,0,0,0
a0f3ba197c2c86ce.jpg,complex,0,0,0,0,0,1
d9c53e98c0a49e3d.jpg,scab frog_eye_leaf_spot,0,1,1,0,0,0
c5a42fd52c4b33a9.jpg,frog_eye_leaf_spot,0,0,1,0,0,0
91801e74fc74473f.jpg,scab,0,1,0,0,0,0
ca289a85f551d337.jpg,rust,0,0,0,1,0,0
bdf8e5c4808eab94.jpg,powdery_mildew,0,0,0,0,1,0
a5f8e300c37e549d.jpg,scab,0,1,0,0,0,0
9bdc6cadca1c6426.jpg,frog_eye_leaf_spot,0,0,1,0,0,0
ab2130f71ffc030d.jpg,healthy,1,0,0,0,0,0
fa3996a09fc2b90a.jpg,healthy,1,0,0,0,0,0
fb67944e03093d17.jpg,scab,0,1,0,0,0,0
adea7648eff08510.jpg,scab,0,1,0,0,0,0
c3831fb1387f44d4.jpg,healthy,1,0,0,0,0,0
c5d23aca4fcf5700.jpg,healthy,1,0,0,0,0,0
9cea7c9436d65603.jpg,frog_eye_leaf_spot,0,0,1,0,0,0
95b34b89d005b4df.jpg,powdery_mildew,0,0,0,0,1,0
d68f27d80ee0c627.jpg,scab,0,1,0,0,0,0
c52849de7fe51581.jpg,scab,0,1,0,0,0,0
ae56545b6981ae5a.jpg,scab,0,1,0,0,0,0
b597d0978072cab5.jpg,frog_eye_leaf_spot complex,0,0,1,0,0,1
abf0b5819f028f0f.jpg,scab,0,1,0,0,0,0
fa9cd2c8d6c79094.jpg,frog_eye_leaf_spot,0,0,1,0,0,0
91c1c5332a73bad9.jpg,frog_eye_leaf_spot,0,0,1,0,0,0
b6e8aacad0f5446c.jpg,scab,0,1,0,0,0,0
9b347cd770b71105.jpg,scab,0,1,0,0,0,0
84c2a353dbf8e84d.jpg,scab frog_eye_leaf_spot,0,1,1,0,0,0
ed21c98b008df2fd.jpg,healthy,1,0,0,0,0,0
af65c2cf0a35741a.jpg,frog_eye_leaf_spot,0,0,1,0,0,0
a882d67b0f2e3e23.jpg,scab,0,1,0,0,0,0
9eeee73021d403f4.jpg,powdery_mildew,0,0,0,0,1,0
bbe69bcaf0994098.jpg,scab frog_eye_leaf_spot,0,1,1,0,0,0
cfab6e1e20b690b1.jpg,complex,0,0,0,0,0,1
f0099d13dfd2c89a.jpg,scab,0,1,0,0,0,0
bfbcd6b092188359.jpg,frog_eye_leaf_spot,0,0,1,0,0,0
a8b6d5604f243d3b.jpg,frog_eye_leaf_spot,0,0,1,0,0,0
c4bbb5536864f4d0.jpg,rust,0,0,0,1,0,0
a9aa5a16a5eb534c.jpg,healthy,1,0,0,0,0,0
b8fae3be894a010f.jpg,rust,0,0,0,1,0,0
c53b9e87215c6ac5.jpg,rust,0,0,0,1,0,0
8d33bd82d3b08fa1.jpg,scab,0,1,0,0,0,0
8bda9c2d9129d91d.jpg,frog_eye_leaf_spot,0,0,1,0,0,0
8df4e5e0d08585cf.jpg,scab,0,1,0,0,0,0
951a8f14cbb0c5fa.jpg,frog_eye_leaf_spot,0,0,1,0,0,0
eb45234b52bb44ab.jpg,rust,0,0,0,1,0,0
fdbac3c3864aba80.jpg,healthy,1,0,0,0,0,0
a9b5168a7a752aa6.jpg,frog_eye_leaf_spot,0,0,1,0,0,0
e1e2d7969a2b432a.jpg,frog_eye_leaf_spot,0,0,1,0,0,0
dfbc6167c3acc018.jpg,frog_eye_leaf_spot,0,0,1,0,0,0
fddb85ca0c2e3434.jpg,scab,0,1,0,0,0,0
c67c2c1e8362d766.jpg,scab,0,1,0,0,0,0
eb2245c2cbcb331d.jpg,complex,0,0,0,0,0,1
d837d922d813e969.jpg,rust,0,0,0,1,0,0
9aca43c4b01debe3.jpg,powdery_mildew,0,0,0,0,1,0
a535e9629552d875.jpg,rust,0,0,0,1,0,0
f5c2813a3131abcf.jpg,scab,0,1,0,0,0,0
b796c15c28d77c81.jpg,healthy,1,0,0,0,0,0
942a94edd95545ce.jpg,scab,0,1,0,0,0,0
b8b9f985704b4725.jpg,scab frog_eye_leaf_spot,0,1,1,0,0,0
916e91b7211eb3ac.jpg,rust,0,0,0,1,0,0
da7a5c652d866564.jpg,frog_eye_leaf_spot,0,0,1,0,0,0
97936598ccca992e.jpg,powdery_mildew,0,0,0,0,1,0
fece008cf060f5e3.jpg,healthy,1,0,0,0,0,0
f9b56d4558889dc8.jpg,complex,0,0,0,0,0,1
f40685e2dec28aed.jpg,scab frog_eye_leaf_spot complex,0,1,1,0,0,1
d1ccf137b9a700c9.jpg,frog_eye_leaf_spot,0,0,1,0,0,0
a2b5b7c28a89db25.jpg,scab frog_eye_leaf_spot,0,1,1,0,0,0
ca8570ef217d1533.jpg,frog_eye_leaf_spot,0,0,1,0,0,0
ac934e91c73d226d.jpg,healthy,1,0,0,0,0,0
cc4c3d0fc474e8a7.jpg,rust,0,0,0,1,0,0
80b46aea80b7dead.jpg,frog_eye_leaf_spot,0,0,1,0,0,0
b2a74f7c31a0c897.jpg,frog_eye_leaf_spot,0,0,1,0,0,0
e1a781c31ec0dbcb.jpg,scab,0,1,0,0,0,0
d1c5a92c5e2b6372.jpg,complex,0,0,0,0,0,1
ff002abf7c0a2365.jpg,rust,0,0,0,1,0,0
b3ef8199b93a0646.jpg,complex,0,0,0,0,0,1
c99d01f11f0636bb.jpg,healthy,1,0,0,0,0,0
808778b03ee7e92b.jpg,healthy,1,0,0,0,0,0
a54ec6e0eb6251ba.jpg,scab,0,1,0,0,0,0
ac6ccdc19eb0b09b.jpg,complex,0,0,0,0,0,1
c05a3720fd610edf.jpg,healthy,1,0,0,0,0,0
e18d1efec58c6d04.jpg,scab,0,1,0,0,0,0
fd0ad0ac8bc7459c.jpg,healthy,1,0,0,0,0,0
dbc03bcaf082cbb1.jpg,frog_eye_leaf_spot,0,0,1,0,0,0
f2f982d1d2c7e340.jpg,healthy,1,0,0,0,0,0
cc86680f741fda66.jpg,scab frog_eye_leaf_spot,0,1,1,0,0,0
e1b85c798c679067.jpg,scab,0,1,0,0,0,0
b6da3f801933e196.jpg,rust,0,0,0,1,0,0
c6e63c8fc5198d1a.jpg,healthy,1,0,0,0,0,0
df20c87bf42529c9.jpg,powdery_mildew,0,0,0,0,1,0
e63ab47a94411ced.jpg,healthy,1,0,0,0,0,0
9dc99987847d9964.jpg,scab,0,1,0,0,0,0
b7408661b8fe713c.jpg,frog_eye_leaf_spot,0,0,1,0,0,0
e0c64f2d3c311b9d.jpg,scab,0,1,0,0,0,0
adbdc9c50dc24ad4.jpg,scab frog_eye_leaf_spot,0,1,1,0,0,0
e55dd66bb4209992.jpg,scab,0,1,0,0,0,0
986fd3e526c823a6.jpg,healthy,1,0,0,0,0,0
fab2c3b0cc618d63.jpg,frog_eye_leaf_spot,0,0,1,0,0,0
a09e6ac0607df5f1.jpg,complex,0,0,0,0,0,1
b49acbe80c6d6a36.jpg,scab,0,1,0,0,0,0
ff72e0c755228a34.jpg,scab,0,1,0,0,0,0
f5b6c0a0b2ecbaa8.jpg,scab,0,1,0,0,0,0
b4d55ea6709a97c0.jpg,frog_eye_leaf_spot,0,0,1,0,0,0
ce792e35b06ab151.jpg,powdery_mildew,0,0,0,0,1,0
e49a079f4479f1a4.jpg,powdery_mildew,0,0,0,0,1,0
8f15f5295535a274.jpg,scab,0,1,0,0,0,0
a5b63641aa3a65cd.jpg,rust,0,0,0,1,0,0
ec9d8ec33374348c.jpg,scab frog_eye_leaf_spot complex,0,1,1,0,0,1
b6d4aa39c9284f2b.jpg,healthy,1,0,0,0,0,0
b4b7c0c90b9d1a9e.jpg,healthy,1,0,0,0,0,0
c5b19a98c875adb8.jpg,scab frog_eye_leaf_spot,0,1,1,0,0,0
866b3ed198a8caec.jpg,scab,0,1,0,0,0,0
b48a8a973df070c7.jpg,complex,0,0,0,0,0,1
8bbc9797998304c7.jpg,scab,0,1,0,0,0,0
fa87c28e9d5d2944.jpg,complex,0,0,0,0,0,1
ac4b87b4a992565d.jpg,healthy,1,0,0,0,0,0
c0b83f19dc93cc87.jpg,scab,0,1,0,0,0,0
d08d7ce58fc818bc.jpg,scab frog_eye_leaf_spot,0,1,1,0,0,0
b08743ba3ee3078e.jpg,scab,0,1,0,0,0,0
cfe99bcbc0a99e00.jpg,scab,0,1,0,0,0,0
87803bc0e9c7b43f.jpg,rust frog_eye_leaf_spot,0,0,1,1,0,0
a9e4262e5db77482.jpg,complex,0,0,0,0,0,1
b13f7b8bd06c0f02.jpg,scab frog_eye_leaf_spot,0,1,1,0,0,0
a9e89496bfda484a.jpg,healthy,1,0,0,0,0,0
eaeb5c9dd41862a8.jpg,frog_eye_leaf_spot,0,0,1,0,0,0
f00699f21c1e8eeb.jpg,scab,0,1,0,0,0,0
fe1cdcc88fe025e0.jpg,healthy,1,0,0,0,0,0
82e654c77f662196.jpg,scab,0,1,0,0,0,0
c73b2f80b62f90e2.jpg,healthy,1,0,0,0,0,0
ddb460e3e792841e.jpg,frog_eye_leaf_spot,0,0,1,0,0,0
f2dca1f514359c0e.jpg,powdery_mildew,0,0,0,0,1,0
bd82c765647e3431.jpg,frog_eye_leaf_spot,0,0,1,0,0,0
91da79b829d534e8.jpg,scab,0,1,0,0,0,0
e9ed00d43c2dbd68.jpg,scab,0,1,0,0,0,0
d4c58251ae67ab56.jpg,scab,0,1,0,0,0,0
acd0d5a941766b66.jpg,powdery_mildew,0,0,0,0,1,0
d596646d58b2e4a5.jpg,healthy,1,0,0,0,0,0
da0dc56cea2ace54.jpg,complex,0,0,0,0,0,1
afc291991944ef65.jpg,complex,0,0,0,0,0,1
945bd32ba53d142b.jpg,frog_eye_leaf_spot,0,0,1,0,0,0
80cac5abcfa9c9b4.jpg,healthy,1,0,0,0,0,0
fc07e9c4caec294a.jpg,scab,0,1,0,0,0,0
b6e183979cb24d23.jpg,frog_eye_leaf_spot complex,0,0,1,0,0,1
f07ad1dbb0898969.jpg,frog_eye_leaf_spot,0,0,1,0,0,0
e8e9d59782828cde.jpg,healthy,1,0,0,0,0,0
fd7694555a9807a8.jpg,healthy,1,0,0,0,0,0
febd30d10d5f9088.jpg,healthy,1,0,0,0,0,0
f4ce7cfc02f012a3.jpg,healthy,1,0,0,0,0,0
b425c3c38f1d257c.jpg,scab frog_eye_leaf_spot,0,1,1,0,0,0
8e68163c62dc57d5.jpg,healthy,1,0,0,0,0,0
ed2582434acdc7f8.jpg,scab,0,1,0,0,0,0
c59827c87746fc83.jpg,frog_eye_leaf_spot,0,0,1,0,0,0
a5b3ca1b409c37ad.jpg,rust,0,0,0,1,0,0
a4b61ee1e996d4e0.jpg,healthy,1,0,0,0,0,0
e80f787d0170e937.jpg,rust,0,0,0,1,0,0
f41867b74de03887.jpg,scab,0,1,0,0,0,0
df614accb8e609f0.jpg,scab,0,1,0,0,0,0
eba9d0b2d011f85d.jpg,scab,0,1,0,0,0,0
c48938c2956cfe3b.jpg,scab,0,1,0,0,0,0
83907e6890bc6f79.jpg,frog_eye_leaf_spot,0,0,1,0,0,0
dec4692e245556ad.jpg,frog_eye_leaf_spot,0,0,1,0,0,0
d0bafa5844f4338e.jpg,rust,0,0,0,1,0,0
d748d269c7610d75.jpg,healthy,1,0,0,0,0,0
f1d3f2e121c48e1b.jpg,powdery_mildew,0,0,0,0,1,0
90b2cbcf9a7c4538.jpg,scab,0,1,0,0,0,0
cf8137d6401acbba.jpg,scab,0,1,0,0,0,0
ddb7c08906d833ec.jpg,scab,0,1,0,0,0,0
e5ecc6c86f0d903c.jpg,healthy,1,0,0,0,0,0
a71ec28dac696353.jpg,scab,0,1,0,0,0,0
9af8b26949eb61c1.jpg,scab,0,1,0,0,0,0
8ab57810f73ec568.jpg,scab,0,1,0,0,0,0
8fe052170f4385fd.jpg,complex,0,0,0,0,0,1
afa19cd5d05e284b.jpg,scab,0,1,0,0,0,0
f86b27539ac454b1.jpg,frog_eye_leaf_spot,0,0,1,0,0,0
8667becc193d118d.jpg,frog_eye_leaf_spot,0,0,1,0,0,0
b6fd0b42e1419367.jpg,frog_eye_leaf_spot,0,0,1,0,0,0
bfc28f0f7030396c.jpg,scab,0,1,0,0,0,0
8e8f8281ce9ccf95.jpg,scab,0,1,0,0,0,0
e8c2c3c7f6175470.jpg,scab,0,1,0,0,0,0
c08364e6716477fa.jpg,frog_eye_leaf_spot,0,0,1,0,0,0
99237bd4ca5cc456.jpg,powdery_mildew,0,0,0,0,1,0
a58d92c7f0cd1f60.jpg,healthy,1,0,0,0,0,0
a7dacc7c0933d24c.jpg,scab,0,1,0,0,0,0
e8b3d3d69a968494.jpg,frog_eye_leaf_spot,0,0,1,0,0,0
ce4874c8e7aaaf42.jpg,powdery_mildew,0,0,0,0,1,0
93c3e3e62a2e206f.jpg,frog_eye_leaf_spot,0,0,1,0,0,0
85c06fa14595979f.jpg,healthy,1,0,0,0,0,0
c5a137f13683cb46.jpg,frog_eye_leaf_spot,0,0,1,0,0,0
aa50952f5aa4ad9d.jpg,scab,0,1,0,0,0,0
f43dc5d0ce4a4d8c.jpg,healthy,1,0,0,0,0,0
f0b6b692caa0f11e.jpg,rust,0,0,0,1,0,0
9be57075a795428a.jpg,scab frog_eye_leaf_spot complex,0,1,1,0,0,1
b30e2de495f9501b.jpg,rust,0,0,0,1,0,0
f5f5d5158a1a02f2.jpg,complex,0,0,0,0,0,1
e07caad4a3402fcf.jpg,healthy,1,0,0,0,0,0
e006ed12f7290dfc.jpg,powdery_mildew,0,0,0,0,1,0
c76a2525d688fab4.jpg,rust,0,0,0,1,0,0
de7a2c87f05120dd.jpg,frog_eye_leaf_spot,0,0,1,0,0,0
e5b09493cbc9c555.jpg,powdery_mildew complex,0,0,0,0,1,1
bc2a94a2af52da69.jpg,healthy,1,0,0,0,0,0
bcad27d4c831d48b.jpg,scab,0,1,0,0,0,0
b69f3e190532a3d4.jpg,frog_eye_leaf_spot,0,0,1,0,0,0
92291ec53d36f471.jpg,healthy,1,0,0,0,0,0
94b2129f1555755e.jpg,healthy,1,0,0,0,0,0
88d8c872ceb7a2b6.jpg,healthy,1,0,0,0,0,0
d26ca8b9b13d3d50.jpg,scab,0,1,0,0,0,0
f075c21337eb5285.jpg,rust,0,0,0,1,0,0
903c9f94cc961bcb.jpg,scab,0,1,0,0,0,0
c5bdf631d514a982.jpg,scab,0,1,0,0,0,0
c1f5c15115a57da5.jpg,rust,0,0,0,1,0,0
e1892f6e98ec05ba.jpg,powdery_mildew,0,0,0,0,1,0
d2e043ca872dca7e.jpg,scab,0,1,0,0,0,0
c191a46d897ad697.jpg,frog_eye_leaf_spot,0,0,1,0,0,0
f8d4c9c2051f24fd.jpg,scab,0,1,0,0,0,0
ea1f8a6aa6c295c9.jpg,healthy,1,0,0,0,0,0
da93c213cecc30fc.jpg,scab,0,1,0,0,0,0
8813470f3a7faa2e.jpg,complex,0,0,0,0,0,1
e8b94a9add9988aa.jpg,healthy,1,0,0,0,0,0
e88f81cf96263f30.jpg,rust,0,0,0,1,0,0
bab5d5c90afb2052.jpg,scab frog_eye_leaf_spot complex,0,1,1,0,0,1
a8f4d2c0cbcba15d.jpg,scab,0,1,0,0,0,0
d9c07cb1c6cb3d24.jpg,powdery_mildew,0,0,0,0,1,0
fc3cd01d8f281e55.jpg,healthy,1,0,0,0,0,0
dd6c3e9e9308cb48.jpg,scab,0,1,0,0,0,0
f0d0c3a0cdb1f6e8.jpg,frog_eye_leaf_spot,0,0,1,0,0,0
8a783d2e364a9ccd.jpg,complex,0,0,0,0,0,1
f4d0f030871b5e3e.jpg,complex,0,0,0,0,0,1
e19ecb5e89f41851.jpg,healthy,1,0,0,0,0,0
8c4a34369a71ebdc.jpg,scab,0,1,0,0,0,0
ff95c214cd00bf16.jpg,frog_eye_leaf_spot,0,0,1,0,0,0
e24eb8804f9f568d.jpg,rust,0,0,0,1,0,0
89342ec87a3ed8b3.jpg,scab,0,1,0,0,0,0
ad9e6a9d542db0a4.jpg,scab,0,1,0,0,0,0
d9c9f99c8e994a44.jpg,rust,0,0,0,1,0,0
fb94c28707ceb506.jpg,complex,0,0,0,0,0,1
b2c6ddcd4845adc2.jpg,powdery_mildew,0,0,0,0,1,0
b5cbf2e002c22f97.jpg,scab,0,1,0,0,0,0
d0eadd90c19da197.jpg,complex,0,0,0,0,0,1
b724c1da0aea6b33.jpg,rust,0,0,0,1,0,0
f6f246760b2ce189.jpg,scab,0,1,0,0,0,0
b5b6cc9810fdbd02.jpg,frog_eye_leaf_spot,0,0,1,0,0,0
995262cddbd8e452.jpg,complex,0,0,0,0,0,1
c0dec0291fbf0f07.jpg,scab,0,1,0,0,0,0
c66c0f0ddc7f3141.jpg,healthy,1,0,0,0,0,0
d0e04197af4b9d2d.jpg,healthy,1,0,0,0,0,0
d389cb2c7824f792.jpg,rust,0,0,0,1,0,0
f0e9b0cbb90f0f30.jpg,rust,0,0,0,1,0,0
9c9565cb932de868.jpg,scab,0,1,0,0,0,0
fddd1b2994303233.jpg,scab,0,1,0,0,0,0
e087f27e83f008e7.jpg,complex,0,0,0,0,0,1
e988dfe1e0764cc8.jpg,frog_eye_leaf_spot,0,0,1,0,0,0
d4a328631d27786f.jpg,scab,0,1,0,0,0,0
e425c5909a7a9aee.jpg,scab frog_eye_leaf_spot,0,1,1,0,0,0
b72ab6402ad728f6.jpg,powdery_mildew,0,0,0,0,1,0
d34e9305e13c26be.jpg,powdery_mildew,0,0,0,0,1,0
e7121d0d13cd6ee4.jpg,frog_eye_leaf_spot,0,0,1,0,0,0
e2c28357ce315f1c.jpg,rust,0,0,0,1,0,0
a6a49b73b3943465.jpg,rust,0,0,0,1,0,0
92a017c07fc1e71f.jpg,scab,0,1,0,0,0,0
a785c29f0edcdc30.jpg,complex,0,0,0,0,0,1
f049c3a30edf3c98.jpg,healthy,1,0,0,0,0,0
e0ad2f2f1cf040f5.jpg,rust,0,0,0,1,0,0
e9c18f9eb8516d05.jpg,complex,0,0,0,0,0,1
fdcfc0e456cab088.jpg,rust,0,0,0,1,0,0
ab44923e11b507fe.jpg,healthy,1,0,0,0,0,0
ce5590bd4e0e27c3.jpg,healthy,1,0,0,0,0,0
d10c32b2f4b9d93a.jpg,complex,0,0,0,0,0,1
ffa0ad4408f6db0a.jpg,rust,0,0,0,1,0,0
b53ef014c2a2ebd1.jpg,scab,0,1,0,0,0,0
c7e567c9cd053898.jpg,complex,0,0,0,0,0,1
c3854e6779d54193.jpg,scab frog_eye_leaf_spot,0,1,1,0,0,0
db4232d6f13b4a0b.jpg,rust,0,0,0,1,0,0
f5e6d8bcc806c887.jpg,frog_eye_leaf_spot,0,0,1,0,0,0
fd9a8a86662395a9.jpg,healthy,1,0,0,0,0,0
91e9417676109afd.jpg,healthy,1,0,0,0,0,0
e290d293792e607f.jpg,healthy,1,0,0,0,0,0
8de2d746e1e25259.jpg,scab,0,1,0,0,0,0
8a2d7d9ecad0e81c.jpg,scab,0,1,0,0,0,0
a1bd30c3d278c753.jpg,powdery_mildew,0,0,0,0,1,0
b560d217cd8b24af.jpg,healthy,1,0,0,0,0,0
d5cb926d819b22dc.jpg,scab,0,1,0,0,0,0
b4034b684fa4bef2.jpg,scab,0,1,0,0,0,0
d6def363080d0c8f.jpg,rust,0,0,0,1,0,0
a9a5a1bd53482be9.jpg,scab,0,1,0,0,0,0
b52994bc0bfc4999.jpg,frog_eye_leaf_spot,0,0,1,0,0,0
b889d5b403de8fb0.jpg,rust,0,0,0,1,0,0
a5a22c15e4b2fab3.jpg,scab,0,1,0,0,0,0
a90e6034d33fced2.jpg,scab,0,1,0,0,0,0
d0e01f1ce01fabcb.jpg,scab,0,1,0,0,0,0
f493cc8fcf061239.jpg,healthy,1,0,0,0,0,0
ed5c87c09cc7584e.jpg,scab,0,1,0,0,0,0
953f3074707063b7.jpg,frog_eye_leaf_spot,0,0,1,0,0,0
c7f8dcc04bc44a2f.jpg,complex,0,0,0,0,0,1
f85d8e580d571d26.jpg,scab,0,1,0,0,0,0
a9b53c0b016de9ec.jpg,complex,0,0,0,0,0,1
816f6df104967aaa.jpg,frog_eye_leaf_spot,0,0,1,0,0,0
aef1a08b9a9386dc.jpg,scab,0,1,0,0,0,0
c9d069350472bedb.jpg,rust,0,0,0,1,0,0
919d71f9dc160636.jpg,frog_eye_leaf_spot,0,0,1,0,0,0
f00ff4c127d24d72.jpg,rust,0,0,0,1,0,0
a0b6c2b303d97f45.jpg,scab,0,1,0,0,0,0
c1b38797b4a8e8e8.jpg,scab frog_eye_leaf_spot complex,0,1,1,0,0,1
d2c5914c33f43d27.jpg,healthy,1,0,0,0,0,0
a4a56baad549e8a9.jpg,healthy,1,0,0,0,0,0
a3ce8bba55e32285.jpg,frog_eye_leaf_spot,0,0,1,0,0,0
f44e8f2c1e387316.jpg,frog_eye_leaf_spot,0,0,1,0,0,0
aaf494d084faf8cc.jpg,scab,0,1,0,0,0,0
dd7037814d609dce.jpg,healthy,1,0,0,0,0,0
faaa83b7f029445a.jpg,healthy,1,0,0,0,0,0
a04fc15e669ec94e.jpg,healthy,1,0,0,0,0,0
af8e37785ae2a0c1.jpg,frog_eye_leaf_spot,0,0,1,0,0,0
e8abc5730ec0aa8f.jpg,scab frog_eye_leaf_spot,0,1,1,0,0,0
9ff7d2a548203c4b.jpg,powdery_mildew,0,0,0,0,1,0
bfbd3ed18009c09b.jpg,rust,0,0,0,1,0,0
dde42317b0c627e2.jpg,scab,0,1,0,0,0,0
e8ec171aa293b69a.jpg,frog_eye_leaf_spot,0,0,1,0,0,0
d95f30a5c05f0fc2.jpg,healthy,1,0,0,0,0,0
cab8c4071d7ff8c0.jpg,scab,0,1,0,0,0,0
a2939d5865cde487.jpg,frog_eye_leaf_spot complex,0,0,1,0,0,1
b0e895aec9c0579b.jpg,scab,0,1,0,0,0,0
a5b38610937f6be0.jpg,scab,0,1,0,0,0,0
aa6c36e28683cbcb.jpg,rust,0,0,0,1,0,0
aad0c569a12aaafb.jpg,scab,0,1,0,0,0,0
ef0e87a0da86e19a.jpg,healthy,1,0,0,0,0,0
85977a1f5c247a25.jpg,frog_eye_leaf_spot,0,0,1,0,0,0
b6b7c993ca09c0ad.jpg,frog_eye_leaf_spot,0,0,1,0,0,0
b0b2c78623f27c78.jpg,scab,0,1,0,0,0,0
fe6c0005f1f60b97.jpg,rust,0,0,0,1,0,0
c08d90d23bf9f0f2.jpg,frog_eye_leaf_spot,0,0,1,0,0,0
fced420fd88f8e80.jpg,healthy,1,0,0,0,0,0
c77960e1c343c6b6.jpg,complex,0,0,0,0,0,1
9dc46acea23e3c29.jpg,complex,0,0,0,0,0,1
e0f095a9525354df.jpg,frog_eye_leaf_spot,0,0,1,0,0,0
9a9a6c25795d9e42.jpg,powdery_mildew,0,0,0,0,1,0
e5f012f3da61113b.jpg,complex,0,0,0,0,0,1
85b37b284f8ec22b.jpg,frog_eye_leaf_spot,0,0,1,0,0,0
b6ddc1619f82e132.jpg,rust frog_eye_leaf_spot,0,0,1,1,0,0
ebb4e19e384a36c1.jpg,frog_eye_leaf_spot,0,0,1,0,0,0
d0a0c2f13be26f1e.jpg,rust,0,0,0,1,0,0
eca478e827f79850.jpg,complex,0,0,0,0,0,1
e9b616d9fc0a300f.jpg,scab,0,1,0,0,0,0
9be1c58a1ab5614f.jpg,complex,0,0,0,0,0,1
8c8675728b866c7d.jpg,powdery_mildew,0,0,0,0,1,0
aaf716b09ab5a528.jpg,scab,0,1,0,0,0,0
dfe1279ac92430c7.jpg,powdery_mildew,0,0,0,0,1,0
ed2fdf00c0f580cd.jpg,healthy,1,0,0,0,0,0
88bf907dc2e62ca6.jpg,healthy,1,0,0,0,0,0
ab6ed1fd805b0689.jpg,frog_eye_leaf_spot,0,0,1,0,0,0
f2e2c598b64819fa.jpg,healthy,1,0,0,0,0,0
9616c3cfc5a0e731.jpg,scab,0,1,0,0,0,0
f4211b926adbd6e0.jpg,healthy,1,0,0,0,0,0
e592cacf3247b0e4.jpg,rust,0,0,0,1,0,0
87441b3a6be47ec1.jpg,healthy,1,0,0,0,0,0
a5a9791e87b46c54.jpg,rust,0,0,0,1,0,0
e4a49aebec723303.jpg,complex,0,0,0,0,0,1
828b43bebd1d9878.jpg,frog_eye_leaf_spot,0,0,1,0,0,0
a0a5d7fac2e1a8a6.jpg,frog_eye_leaf_spot,0,0,1,0,0,0
b4a4daae5864f926.jpg,healthy,1,0,0,0,0,0
dd8194d82e1f4b27.jpg,healthy,1,0,0,0,0,0
98864714f96a75d5.jpg,scab,0,1,0,0,0,0
dad53cd2da6942a1.jpg,frog_eye_leaf_spot,0,0,1,0,0,0
bd955251aeb295a1.jpg,frog_eye_leaf_spot,0,0,1,0,0,0
e09c95b9e521387e.jpg,scab,0,1,0,0,0,0
d0e01e9d87c7e42d.jpg,scab,0,1,0,0,0,0
fcc4c8bf387015c5.jpg,healthy,1,0,0,0,0,0
aca4d4d44f061f1f.jpg,scab,0,1,0,0,0,0
bd13f89ae98809dc.jpg,complex,0,0,0,0,0,1
f04f86e33b389e12.jpg,powdery_mildew,0,0,0,0,1,0
d736643a467296a5.jpg,scab,0,1,0,0,0,0
ee983169d74b151c.jpg,scab,0,1,0,0,0,0
8ec8b569f096e84d.jpg,scab,0,1,0,0,0,0
e50d1e683aab90dd.jpg,rust,0,0,0,1,0,0
94b5da96cd0bc3e0.jpg,frog_eye_leaf_spot,0,0,1,0,0,0
818f5a94394beb4e.jpg,scab,0,1,0,0,0,0
bd05f0ca41c93d6b.jpg,frog_eye_leaf_spot complex,0,0,1,0,0,1
8e4118e595e29f5e.jpg,powdery_mildew,0,0,0,0,1,0
9591f2be29284f69.jpg,frog_eye_leaf_spot,0,0,1,0,0,0
adca50d5dc9e30e8.jpg,healthy,1,0,0,0,0,0
e392d7d1dac1d141.jpg,scab,0,1,0,0,0,0
f169c4968dc25b8d.jpg,healthy,1,0,0,0,0,0
c2dc312fed08623f.jpg,healthy,1,0,0,0,0,0
cde2df213f02d306.jpg,scab,0,1,0,0,0,0
ff9b903b68899252.jpg,powdery_mildew,0,0,0,0,1,0
aa239e9748deac68.jpg,healthy,1,0,0,0,0,0
a5d09a8f0d6e368b.jpg,complex,0,0,0,0,0,1
d20187f343afd20f.jpg,healthy,1,0,0,0,0,0
fa14f09e9ec84ae4.jpg,scab,0,1,0,0,0,0
999d4dc03a47cd1b.jpg,scab,0,1,0,0,0,0
f06f8ae18f4169b4.jpg,scab,0,1,0,0,0,0
b0c34f4e89817bb3.jpg,healthy,1,0,0,0,0,0
9520dbcb789de036.jpg,frog_eye_leaf_spot,0,0,1,0,0,0
fe9fd090c0630f87.jpg,frog_eye_leaf_spot,0,0,1,0,0,0
c888c0f3d322f36f.jpg,scab,0,1,0,0,0,0
b1daf9c8e1d0aa91.jpg,healthy,1,0,0,0,0,0
fa63c89f1d903583.jpg,scab frog_eye_leaf_spot,0,1,1,0,0,0
f11bdab109d2e5e0.jpg,complex,0,0,0,0,0,1
be11b64ad4e886e9.jpg,scab,0,1,0,0,0,0
9c8173143b1d7cad.jpg,scab,0,1,0,0,0,0
c89a36342ee0ff98.jpg,healthy,1,0,0,0,0,0
809cf0cbcf86271f.jpg,scab,0,1,0,0,0,0
e53cc6a19c25bc1e.jpg,scab,0,1,0,0,0,0
aebfd6b942209643.jpg,complex,0,0,0,0,0,1
ccd686ee4cad7811.jpg,scab,0,1,0,0,0,0
e142c5320be5fb87.jpg,rust,0,0,0,1,0,0
a7b1d96887552d58.jpg,scab,0,1,0,0,0,0
90e36497cc723f8c.jpg,powdery_mildew,0,0,0,0,1,0
c1b7659f9a9214d2.jpg,scab,0,1,0,0,0,0
c2b23d4f39ec8b50.jpg,scab frog_eye_leaf_spot,0,1,1,0,0,0
aa7dc0945e4eb5a4.jpg,rust,0,0,0,1,0,0
bab5d2920798d665.jpg,rust,0,0,0,1,0,0
f093f6605fa108bd.jpg,frog_eye_leaf_spot,0,0,1,0,0,0
bdc0156956e9c05f.jpg,healthy,1,0,0,0,0,0
b61ac2b8cd40af73.jpg,complex,0,0,0,0,0,1
9786a3d7428b432f.jpg,powdery_mildew,0,0,0,0,1,0
91ec138593c7d1ba.jpg,healthy,1,0,0,0,0,0
d0e314de68fc29b4.jpg,healthy,1,0,0,0,0,0
8f25789f673025ca.jpg,rust,0,0,0,1,0,0
b5c5ea557818554d.jpg,rust,0,0,0,1,0,0
8fa015834a0bcdff.jpg,scab frog_eye_leaf_spot,0,1,1,0,0,0
d5e1c3933ba32187.jpg,complex,0,0,0,0,0,1
fce852b54a17741a.jpg,scab,0,1,0,0,0,0
c9b17891d468d755.jpg,scab,0,1,0,0,0,0
d9a22d90d6cb9336.jpg,rust,0,0,0,1,0,0
94b79ccf78cc6c01.jpg,scab,0,1,0,0,0,0
817f9181f93ef288.jpg,scab,0,1,0,0,0,0
e087039f1ce83dce.jpg,scab,0,1,0,0,0,0
accac4e6ce964e34.jpg,scab,0,1,0,0,0,0
d15e92a43a7ad09b.jpg,powdery_mildew complex,0,0,0,0,1,1
c4f73e8030b9fc98.jpg,scab,0,1,0,0,0,0
bb2fe522ff810381.jpg,scab,0,1,0,0,0,0
c6e87638846f552e.jpg,powdery_mildew,0,0,0,0,1,0
88f46d90d1fb68c9.jpg,frog_eye_leaf_spot,0,0,1,0,0,0
aaa0e281dfa5f538.jpg,scab,0,1,0,0,0,0
c0de28d7b5c270ce.jpg,frog_eye_leaf_spot,0,0,1,0,0,0
990e66955ed483a7.jpg,scab,0,1,0,0,0,0
fa5b048292ac6fce.jpg,rust,0,0,0,1,0,0
ace0dce9ac4d748a.jpg,healthy,1,0,0,0,0,0
a54b9ff462c0231f.jpg,scab,0,1,0,0,0,0
a43e9eca68d21b4d.jpg,frog_eye_leaf_spot,0,0,1,0,0,0
f4c1cbc52d793382.jpg,frog_eye_leaf_spot,0,0,1,0,0,0
bcd69ee03a352d14.jpg,scab,0,1,0,0,0,0
a8f994459a0f077d.jpg,scab,0,1,0,0,0,0
b085cbe40f463ef1.jpg,complex,0,0,0,0,0,1
a53ad564ad6aa50e.jpg,healthy,1,0,0,0,0,0
da1e1c1e47c686c7.jpg,healthy,1,0,0,0,0,0
e5eac4d0cf081e73.jpg,healthy,1,0,0,0,0,0
c09798cb9eb16639.jpg,rust frog_eye_leaf_spot,0,0,1,1,0,0
f0869ea7c55ac83c.jpg,complex,0,0,0,0,0,1
81fd7a861aedb380.jpg,powdery_mildew,0,0,0,0,1,0
f7d0a0f802b3781f.jpg,scab frog_eye_leaf_spot complex,0,1,1,0,0,1
873e803fc89d66d8.jpg,frog_eye_leaf_spot,0,0,1,0,0,0
edf2828a9ad0f346.jpg,complex,0,0,0,0,0,1
e61642bf52b2bdc0.jpg,scab,0,1,0,0,0,0
dea1a45cb1277266.jpg,complex,0,0,0,0,0,1
ef842034d2fec791.jpg,healthy,1,0,0,0,0,0
d4b5f49240eb5b49.jpg,frog_eye_leaf_spot,0,0,1,0,0,0
95ac93e87a9744d1.jpg,rust,0,0,0,1,0,0
d4c4cbeb8131713d.jpg,healthy,1,0,0,0,0,0
e1e795b53861c9c8.jpg,rust,0,0,0,1,0,0
e39114d5ad9bb28c.jpg,rust,0,0,0,1,0,0
93e696946ca92d69.jpg,frog_eye_leaf_spot,0,0,1,0,0,0
d768cb95389825ea.jpg,complex,0,0,0,0,0,1
b18f389f9f80d81a.jpg,frog_eye_leaf_spot,0,0,1,0,0,0
a4d561c79a8abaa5.jpg,complex,0,0,0,0,0,1
d8b533ee152daa60.jpg,frog_eye_leaf_spot,0,0,1,0,0,0
a58aeed47c712b12.jpg,frog_eye_leaf_spot,0,0,1,0,0,0
bd90dece2f240b83.jpg,complex,0,0,0,0,0,1
80a23bcea7125a7f.jpg,scab,0,1,0,0,0,0
956ddab68535844b.jpg,healthy,1,0,0,0,0,0
9f0f179c8ccc1ad2.jpg,frog_eye_leaf_spot,0,0,1,0,0,0
aad382d5d3a3662a.jpg,healthy,1,0,0,0,0,0
f9d88887603b372b.jpg,healthy,1,0,0,0,0,0
891b99b0617e6567.jpg,healthy,1,0,0,0,0,0
c7e1588ac970f48f.jpg,healthy,1,0,0,0,0,0
f90784e094a4fcf6.jpg,healthy,1,0,0,0,0,0
d8dec0e1b572b8d0.jpg,scab,0,1,0,0,0,0
8795e745632b985c.jpg,powdery_mildew,0,0,0,0,1,0
c4e8374fe19989a9.jpg,rust,0,0,0,1,0,0
ff8c2312d21b59a9.jpg,frog_eye_leaf_spot,0,0,1,0,0,0
c615b815ab2339ee.jpg,scab,0,1,0,0,0,0
9dce486d6e743232.jpg,scab,0,1,0,0,0,0
f434c1d3800fcfcb.jpg,frog_eye_leaf_spot,0,0,1,0,0,0
eda13afa80cb6e03.jpg,healthy,1,0,0,0,0,0
a01be1d0aeaf6a5a.jpg,healthy,1,0,0,0,0,0
b5b56a5a621e907a.jpg,scab,0,1,0,0,0,0
ea22d7c70f9ad418.jpg,healthy,1,0,0,0,0,0
eb42e89485cf9e0e.jpg,frog_eye_leaf_spot complex,0,0,1,0,0,1
a2e4d364c0edd95a.jpg,healthy,1,0,0,0,0,0
b64bf4d7c10da22c.jpg,scab,0,1,0,0,0,0
a1b83b5d8cc2fa29.jpg,healthy,1,0,0,0,0,0
c81d61d69fe17360.jpg,scab,0,1,0,0,0,0
9bd0e6edc42694e4.jpg,scab,0,1,0,0,0,0
e2e241d5f3eb081e.jpg,scab,0,1,0,0,0,0
aff836de2150912d.jpg,complex,0,0,0,0,0,1
d8a16383a77e54b1.jpg,healthy,1,0,0,0,0,0
a997c01d3ce0e6e6.jpg,frog_eye_leaf_spot,0,0,1,0,0,0
e085a54bb374be34.jpg,frog_eye_leaf_spot,0,0,1,0,0,0
b1b2b9c489171abb.jpg,scab,0,1,0,0,0,0
b0fddb8b988c3d80.jpg,rust,0,0,0,1,0,0
9ca1158f3927c35e.jpg,rust frog_eye_leaf_spot,0,0,1,1,0,0
a4f5b416e816c92f.jpg,healthy,1,0,0,0,0,0
fbd0c11f87821ce6.jpg,healthy,1,0,0,0,0,0
b06ed2a49bb694b1.jpg,complex,0,0,0,0,0,1
87a46fcc18ed4d49.jpg,complex,0,0,0,0,0,1
fffaa4a0fe416808.jpg,scab,0,1,0,0,0,0
bf12e1764b70cf20.jpg,frog_eye_leaf_spot,0,0,1,0,0,0
a2a79382dbcf09cc.jpg,powdery_mildew,0,0,0,0,1,0
c0f79e741bb490aa.jpg,scab,0,1,0,0,0,0
a1e31837c89aceb9.jpg,scab,0,1,0,0,0,0
c1f2a74f943855c3.jpg,frog_eye_leaf_spot,0,0,1,0,0,0
8bca528e4ec64eba.jpg,frog_eye_leaf_spot,0,0,1,0,0,0
a1ad9a935a6a6a2e.jpg,frog_eye_leaf_spot,0,0,1,0,0,0
f2188d6318c66bee.jpg,complex,0,0,0,0,0,1
831b6f89dba6130e.jpg,scab,0,1,0,0,0,0
bdfc9a5950a0e48d.jpg,healthy,1,0,0,0,0,0
acd092328f4e5db3.jpg,rust,0,0,0,1,0,0
94cdcaa23e732ba4.jpg,complex,0,0,0,0,0,1
c37d388c1ec16d1d.jpg,powdery_mildew,0,0,0,0,1,0
c763dad259952135.jpg,scab,0,1,0,0,0,0
a049d60f8b88f17f.jpg,rust,0,0,0,1,0,0
99f14b463ecca08f.jpg,scab,0,1,0,0,0,0
f04d6762eca8459e.jpg,frog_eye_leaf_spot,0,0,1,0,0,0
ea675274ca82ac9b.jpg,healthy,1,0,0,0,0,0
ecdc8d0dbe307225.jpg,scab,0,1,0,0,0,0
8fdb2c027cf77401.jpg,scab,0,1,0,0,0,0
bd1fd3688d043197.jpg,healthy,1,0,0,0,0,0
e59797c24276026f.jpg,rust complex,0,0,0,1,0,1
f601ecf4da9c0d0e.jpg,frog_eye_leaf_spot,0,0,1,0,0,0
9ed8790865e93c1d.jpg,scab,0,1,0,0,0,0
b1b6c1c797572425.jpg,healthy,1,0,0,0,0,0
c0f227ab597948f1.jpg,scab,0,1,0,0,0,0
b29a8f953266139e.jpg,frog_eye_leaf_spot,0,0,1,0,0,0
a4e5d2c88f25d935.jpg,rust,0,0,0,1,0,0
c9853ff5d0c147a4.jpg,scab,0,1,0,0,0,0
ee63508766fe62c0.jpg,rust,0,0,0,1,0,0
806f356a3f54872e.jpg,scab,0,1,0,0,0,0
e28f0e3c317ae13a.jpg,rust,0,0,0,1,0,0
cd8885d87d141e9f.jpg,scab,0,1,0,0,0,0
dca7c8c49d8433ea.jpg,scab,0,1,0,0,0,0
88e178d578d931d5.jpg,healthy,1,0,0,0,0,0
efa1c46306b79496.jpg,rust,0,0,0,1,0,0
c0fe77c0cf80ae45.jpg,scab,0,1,0,0,0,0
eab5d0d26d426a35.jpg,healthy,1,0,0,0,0,0
f02d8fa68dc5919c.jpg,healthy,1,0,0,0,0,0
d4e8e1f54f0425f2.jpg,powdery_mildew,0,0,0,0,1,0
c5bb6f00c4461ee7.jpg,powdery_mildew,0,0,0,0,1,0
acb931c33d25d0e5.jpg,scab,0,1,0,0,0,0
f8379922992aea6a.jpg,rust,0,0,0,1,0,0
8176d36be18d6133.jpg,scab,0,1,0,0,0,0
a17e809da90db6b3.jpg,healthy,1,0,0,0,0,0
d407308e69bca3bb.jpg,frog_eye_leaf_spot,0,0,1,0,0,0
cfd8b10083af536e.jpg,scab,0,1,0,0,0,0
89a0816f493fccb7.jpg,scab,0,1,0,0,0,0
802962dc3ecdbb8d.jpg,scab,0,1,0,0,0,0
f4c3078cda3a89f1.jpg,frog_eye_leaf_spot,0,0,1,0,0,0
d8242ec36f9678ac.jpg,healthy,1,0,0,0,0,0
8e8835d2ebdbc503.jpg,healthy,1,0,0,0,0,0
d4c5208f476e5ee2.jpg,frog_eye_leaf_spot,0,0,1,0,0,0
fe2cc0598dfc6443.jpg,healthy,1,0,0,0,0,0
de81c03d2f09e6ce.jpg,healthy,1,0,0,0,0,0
fd1782a0c825bde5.jpg,healthy,1,0,0,0,0,0
8e77857194a59a87.jpg,healthy,1,0,0,0,0,0
afb75ba4d068a096.jpg,scab,0,1,0,0,0,0
ea1a63aa95cd4a87.jpg,scab,0,1,0,0,0,0
86d098abcfe36235.jpg,healthy,1,0,0,0,0,0
a694906969e47ef2.jpg,frog_eye_leaf_spot,0,0,1,0,0,0
8cb1e532ae7ef108.jpg,rust,0,0,0,1,0,0
803e3bd17a16e65c.jpg,complex,0,0,0,0,0,1
baba52c19d07c4ad.jpg,frog_eye_leaf_spot,0,0,1,0,0,0
bc10ffde9ce00d48.jpg,frog_eye_leaf_spot,0,0,1,0,0,0
a3ecc1d5de9a5848.jpg,healthy,1,0,0,0,0,0
aaa35ea95caa295a.jpg,healthy,1,0,0,0,0,0
c034f2f680eeb1ce.jpg,scab,0,1,0,0,0,0
81cd67e6c9c1a8bc.jpg,scab,0,1,0,0,0,0
96e313a663998f49.jpg,complex,0,0,0,0,0,1
c689807c959ef1b6.jpg,frog_eye_leaf_spot,0,0,1,0,0,0
cd4d74a54244d36f.jpg,scab,0,1,0,0,0,0
b050c98b2d9f34fa.jpg,healthy,1,0,0,0,0,0
96a6d2e993318b47.jpg,healthy,1,0,0,0,0,0
f50d611e056e44bf.jpg,rust,0,0,0,1,0,0
bc2b43991ba614f6.jpg,healthy,1,0,0,0,0,0
a5c54bc8023b17f7.jpg,frog_eye_leaf_spot,0,0,1,0,0,0
94526a8c7db3ce25.jpg,scab,0,1,0,0,0,0
b6ba50e51bb24317.jpg,frog_eye_leaf_spot,0,0,1,0,0,0
84e237b83d4f7603.jpg,scab,0,1,0,0,0,0
b4b9cb748f468cc4.jpg,scab,0,1,0,0,0,0
d54ac26eca16ad17.jpg,healthy,1,0,0,0,0,0
83cb786861cf9734.jpg,frog_eye_leaf_spot,0,0,1,0,0,0
bb679f869498ca50.jpg,frog_eye_leaf_spot,0,0,1,0,0,0
ea5f8f0b9c605b30.jpg,scab,0,1,0,0,0,0
a89354aaeca5bcd4.jpg,scab,0,1,0,0,0,0
eaa19df7900ebac0.jpg,frog_eye_leaf_spot,0,0,1,0,0,0
f09fc9c098e69b61.jpg,frog_eye_leaf_spot,0,0,1,0,0,0
d0924cb3f8644beb.jpg,scab,0,1,0,0,0,0
a7483bf6c895321e.jpg,healthy,1,0,0,0,0,0
ab95ea9dea9e8108.jpg,scab,0,1,0,0,0,0
c092878b8fdf6e28.jpg,healthy,1,0,0,0,0,0
d0a279dbd43d6213.jpg,healthy,1,0,0,0,0,0
b47ac8c5cf686e0a.jpg,frog_eye_leaf_spot,0,0,1,0,0,0
c03f3e8392b0c9fa.jpg,scab,0,1,0,0,0,0
c4c3b0781c2f3d1f.jpg,scab,0,1,0,0,0,0
ece0b4968bfe821a.jpg,frog_eye_leaf_spot,0,0,1,0,0,0
89a1c7961b50ff49.jpg,complex,0,0,0,0,0,1
e8ae85c4874d5fe0.jpg,scab,0,1,0,0,0,0
a5bccc6c0ce4fc4c.jpg,complex,0,0,0,0,0,1
8165a5c5a7583d76.jpg,scab,0,1,0,0,0,0
d470aa87969de159.jpg,frog_eye_leaf_spot,0,0,1,0,0,0
8476bd24bd4b89a5.jpg,healthy,1,0,0,0,0,0
d26d3345bb448c73.jpg,rust,0,0,0,1,0,0
a24dd6cb0417fb32.jpg,rust,0,0,0,1,0,0
feb5d4b2821903b9.jpg,scab,0,1,0,0,0,0
a6f2d98bb4a42d25.jpg,rust,0,0,0,1,0,0
e0ca5e8cdf101cbb.jpg,frog_eye_leaf_spot,0,0,1,0,0,0
c8e9db9431f27344.jpg,scab,0,1,0,0,0,0
fe803613d2d7f602.jpg,frog_eye_leaf_spot,0,0,1,0,0,0
9db7219eaa13db01.jpg,scab,0,1,0,0,0,0
cbb57cee070f0303.jpg,frog_eye_leaf_spot,0,0,1,0,0,0
d6ee3d9558916413.jpg,complex,0,0,0,0,0,1
d0eec728b1d1924f.jpg,rust,0,0,0,1,0,0
c79e4a310ef194d5.jpg,complex,0,0,0,0,0,1
fd619276c81a7c1a.jpg,scab,0,1,0,0,0,0
cfac66c5346638d1.jpg,rust,0,0,0,1,0,0
98e6cb8e3c9c7123.jpg,scab frog_eye_leaf_spot,0,1,1,0,0,0
c79c0e037f0f383c.jpg,scab,0,1,0,0,0,0
c958b9ad126e5587.jpg,scab,0,1,0,0,0,0
90d162cfad5c7853.jpg,healthy,1,0,0,0,0,0
cdb123e1c18cfde0.jpg,scab,0,1,0,0,0,0
f80717e3b1551372.jpg,healthy,1,0,0,0,0,0
888a7f71cd0e6cb2.jpg,scab,0,1,0,0,0,0
90878778fa11b7d2.jpg,frog_eye_leaf_spot,0,0,1,0,0,0
a622d6c3d183dd8b.jpg,frog_eye_leaf_spot,0,0,1,0,0,0
e5ead0a9381c3de2.jpg,scab,0,1,0,0,0,0
fce0c29e3d2d3a21.jpg,frog_eye_leaf_spot complex,0,0,1,0,0,1
c8c2c691376d9c67.jpg,healthy,1,0,0,0,0,0
b1f045999924adbe.jpg,rust,0,0,0,1,0,0
8ad786d2d6c2caca.jpg,scab,0,1,0,0,0,0
86b0cacde5c57332.jpg,healthy,1,0,0,0,0,0
9787c960599586cf.jpg,healthy,1,0,0,0,0,0
bcdbb16d2868b1c2.jpg,healthy,1,0,0,0,0,0
c7b2d28ac9667456.jpg,healthy,1,0,0,0,0,0
94a39b9e318d62d5.jpg,healthy,1,0,0,0,0,0
fc68d0ad80c2edcb.jpg,frog_eye_leaf_spot,0,0,1,0,0,0
d680c9fc6c7731c1.jpg,frog_eye_leaf_spot,0,0,1,0,0,0
ffc0d5c5973c9220.jpg,healthy,1,0,0,0,0,0
f04b47410d23de9f.jpg,frog_eye_leaf_spot,0,0,1,0,0,0
a52a96956ccb5e64.jpg,powdery_mildew,0,0,0,0,1,0
a59a924bcb6fda40.jpg,frog_eye_leaf_spot,0,0,1,0,0,0
b6f6eae593200b62.jpg,scab,0,1,0,0,0,0
86eedf103f391a0a.jpg,healthy,1,0,0,0,0,0
c9ac3ca74cd15356.jpg,frog_eye_leaf_spot,0,0,1,0,0,0
9f99d898c6f2c286.jpg,rust,0,0,0,1,0,0
e5c1d277962ab1a4.jpg,complex,0,0,0,0,0,1
9581cb89df943237.jpg,frog_eye_leaf_spot,0,0,1,0,0,0
a95b09826135deaf.jpg,rust,0,0,0,1,0,0
fbd0a8052e233f3a.jpg,scab frog_eye_leaf_spot complex,0,1,1,0,0,1
a63bb587c9394a49.jpg,rust,0,0,0,1,0,0
cb919518d8eb7274.jpg,scab frog_eye_leaf_spot complex,0,1,1,0,0,1
c022cfc6e3ab955a.jpg,rust,0,0,0,1,0,0
a8b468ca9db79c0d.jpg,scab frog_eye_leaf_spot complex,0,1,1,0,0,1
c238eb9aab388f68.jpg,healthy,1,0,0,0,0,0
b43fdb8ec5e62204.jpg,scab,0,1,0,0,0,0
9dcc2ae87c786728.jpg,frog_eye_leaf_spot,0,0,1,0,0,0
a03456cadad6da8e.jpg,frog_eye_leaf_spot,0,0,1,0,0,0
cef01d9f13380a3d.jpg,frog_eye_leaf_spot,0,0,1,0,0,0
d7806f2be4e1d0c3.jpg,healthy,1,0,0,0,0,0
b35cc0e6b59538f0.jpg,frog_eye_leaf_spot,0,0,1,0,0,0
c444fec780ef181f.jpg,rust,0,0,0,1,0,0
9c8e3773c3901b65.jpg,rust,0,0,0,1,0,0
84bc36cccfa42b6a.jpg,powdery_mildew complex,0,0,0,0,1,1
84f08e4320ecfbe7.jpg,healthy,1,0,0,0,0,0
d88858db920fe766.jpg,healthy,1,0,0,0,0,0
c04632b533bba33d.jpg,frog_eye_leaf_spot,0,0,1,0,0,0
e1cff057f6118035.jpg,healthy,1,0,0,0,0,0
fffb65761200b054.jpg,healthy,1,0,0,0,0,0
c1c6c2dccf588ea5.jpg,scab,0,1,0,0,0,0
f9fdd115893ad810.jpg,healthy,1,0,0,0,0,0
b9d2b5da4a4a2d15.jpg,healthy,1,0,0,0,0,0
ad58c4e31e833ed2.jpg,powdery_mildew,0,0,0,0,1,0
f82794f604f9a519.jpg,scab,0,1,0,0,0,0
90b97a0e1d3e60fa.jpg,rust,0,0,0,1,0,0
c087299da7eba615.jpg,scab,0,1,0,0,0,0
bd9fc22bcd544071.jpg,frog_eye_leaf_spot,0,0,1,0,0,0
898c7af839506b6d.jpg,scab,0,1,0,0,0,0
bd89d29dc21d4535.jpg,rust complex,0,0,0,1,0,1
f6eca029879b5e30.jpg,rust frog_eye_leaf_spot,0,0,1,1,0,0
b5c82897853acd3e.jpg,scab,0,1,0,0,0,0
ca15133fe4e57c0c.jpg,powdery_mildew,0,0,0,0,1,0
a5e6c5be84285aad.jpg,scab frog_eye_leaf_spot complex,0,1,1,0,0,1
c59bfac9182682de.jpg,healthy,1,0,0,0,0,0
bd15c24ecf1c8c1d.jpg,frog_eye_leaf_spot,0,0,1,0,0,0
ddb4c0c80f013def.jpg,scab,0,1,0,0,0,0
eae4c69005d79b2e.jpg,frog_eye_leaf_spot,0,0,1,0,0,0
ea2a2c4cd82c6fd5.jpg,rust,0,0,0,1,0,0
8b70c0f2cbdba58a.jpg,complex,0,0,0,0,0,1
f8acd0f20f077076.jpg,scab,0,1,0,0,0,0
d2855295df66646a.jpg,powdery_mildew complex,0,0,0,0,1,1
cbc421fa22fb1399.jpg,frog_eye_leaf_spot,0,0,1,0,0,0
bd708683489d3d5d.jpg,healthy,1,0,0,0,0,0
92bc6dc6e6328369.jpg,healthy,1,0,0,0,0,0
89ea50c4af257ab5.jpg,frog_eye_leaf_spot,0,0,1,0,0,0
fdd605c4d0e0e83d.jpg,healthy,1,0,0,0,0,0
999235e9ca3e2ce4.jpg,rust,0,0,0,1,0,0
c29a39f9d8510f9c.jpg,healthy,1,0,0,0,0,0
f1c5e6b08f3036a3.jpg,scab,0,1,0,0,0,0
c01f3997195b90f3.jpg,healthy,1,0,0,0,0,0
c5c0c58f8f5b4d29.jpg,healthy,1,0,0,0,0,0
d8e8522dc3652bf4.jpg,frog_eye_leaf_spot,0,0,1,0,0,0
871bbbd18a4560e7.jpg,healthy,1,0,0,0,0,0
b0ba9795e04b2763.jpg,rust,0,0,0,1,0,0
c3a434b2dbcf2c62.jpg,healthy,1,0,0,0,0,0
cdf0c29d31d92927.jpg,healthy,1,0,0,0,0,0
91a196709ebfa899.jpg,powdery_mildew,0,0,0,0,1,0
8a956ab79447896e.jpg,scab,0,1,0,0,0,0
c087c43f83710fde.jpg,healthy,1,0,0,0,0,0
b4b5d241456f82b7.jpg,frog_eye_leaf_spot,0,0,1,0,0,0
e9e8ad35c5871d06.jpg,rust,0,0,0,1,0,0
afad762b8520fe20.jpg,frog_eye_leaf_spot,0,0,1,0,0,0
bfe9008d93e45b34.jpg,scab,0,1,0,0,0,0
ae92c4a0cef1c2f3.jpg,frog_eye_leaf_spot,0,0,1,0,0,0
8dc5f17e9ba08127.jpg,frog_eye_leaf_spot,0,0,1,0,0,0
b5f94b89cd0d3312.jpg,scab,0,1,0,0,0,0
c5d4e3a29cc24ee3.jpg,powdery_mildew,0,0,0,0,1,0
9fa9781541f680fc.jpg,scab,0,1,0,0,0,0
f8b8bf45709b091c.jpg,rust,0,0,0,1,0,0
d12e9d0ec41586ef.jpg,powdery_mildew,0,0,0,0,1,0
de44a69ccda07a35.jpg,powdery_mildew complex,0,0,0,0,1,1
ec635781c4e5a91e.jpg,scab,0,1,0,0,0,0
94efca2b542635d2.jpg,complex,0,0,0,0,0,1
d0a724df9d42f3c0.jpg,scab,0,1,0,0,0,0
b8be470ec057d178.jpg,frog_eye_leaf_spot,0,0,1,0,0,0
f421d0f700c6d3be.jpg,scab,0,1,0,0,0,0
9bac71d8c25a89ad.jpg,scab,0,1,0,0,0,0
8f5971c8983e296b.jpg,frog_eye_leaf_spot,0,0,1,0,0,0
f1bb28fee48284c3.jpg,scab,0,1,0,0,0,0
d86be320b7923af0.jpg,scab frog_eye_leaf_spot,0,1,1,0,0,0
d5e8c333133db82c.jpg,healthy,1,0,0,0,0,0
a08795b81fd0be93.jpg,healthy,1,0,0,0,0,0
afbaa52a94e51a86.jpg,rust frog_eye_leaf_spot,0,0,1,1,0,0
b42bc0fc03f09fe2.jpg,complex,0,0,0,0,0,1
fc0197f0df22942e.jpg,scab,0,1,0,0,0,0
d959c39b468588fa.jpg,frog_eye_leaf_spot,0,0,1,0,0,0
82f535ab5a31a5ca.jpg,rust,0,0,0,1,0,0
b0ffe73c0047c70c.jpg,rust,0,0,0,1,0,0
be70f8ab80adc32c.jpg,healthy,1,0,0,0,0,0
ebc8fa4c38a4199e.jpg,scab,0,1,0,0,0,0
d4d0f94f560dab09.jpg,scab frog_eye_leaf_spot,0,1,1,0,0,0
df0be427301a4ea7.jpg,scab,0,1,0,0,0,0
f3094e360dec54cd.jpg,complex,0,0,0,0,0,1
aa7ea5d487b48d18.jpg,rust,0,0,0,1,0,0
eca843d8d49db94a.jpg,healthy,1,0,0,0,0,0
89e926943ba5693b.jpg,rust,0,0,0,1,0,0
f476c04b4fa916b4.jpg,complex,0,0,0,0,0,1
aa9573b0b7222fa8.jpg,scab,0,1,0,0,0,0
963e2da533648aba.jpg,frog_eye_leaf_spot,0,0,1,0,0,0
e81cdcf92f3146a1.jpg,scab,0,1,0,0,0,0
95958f9e6348629e.jpg,healthy,1,0,0,0,0,0
a8a329aa72de6e4a.jpg,scab,0,1,0,0,0,0
85fc945c9e68552b.jpg,frog_eye_leaf_spot,0,0,1,0,0,0
adb4169a5aad5b18.jpg,healthy,1,0,0,0,0,0
af3295521a2b596d.jpg,rust,0,0,0,1,0,0
cddbd21732222acd.jpg,scab,0,1,0,0,0,0
f1a1ffe867078508.jpg,scab,0,1,0,0,0,0
9db89d41603e0fb3.jpg,healthy,1,0,0,0,0,0
f4c2c6c4a19e335d.jpg,frog_eye_leaf_spot,0,0,1,0,0,0
b4c1d8ca0d7eee30.jpg,healthy,1,0,0,0,0,0
9849732bc93267d9.jpg,healthy,1,0,0,0,0,0
fb1144134cf61fac.jpg,rust,0,0,0,1,0,0
dafc6f808459de48.jpg,frog_eye_leaf_spot,0,0,1,0,0,0
f9c4d9c0dd81e495.jpg,scab,0,1,0,0,0,0
ce8637b2c328e179.jpg,powdery_mildew,0,0,0,0,1,0
800f85dc5f407aef.jpg,rust,0,0,0,1,0,0
c23b6836ad70ff01.jpg,frog_eye_leaf_spot,0,0,1,0,0,0
f99c83373f430c0d.jpg,scab,0,1,0,0,0,0
b64d52a755522ae9.jpg,scab,0,1,0,0,0,0
c0316d80d27de3fc.jpg,healthy,1,0,0,0,0,0
e5b54e2f18655598.jpg,rust,0,0,0,1,0,0
bdb7bdd3588a0841.jpg,healthy,1,0,0,0,0,0
dd272e0672ccd0ec.jpg,scab,0,1,0,0,0,0
cdebc89999519469.jpg,rust,0,0,0,1,0,0
e5dec29796d01558.jpg,frog_eye_leaf_spot,0,0,1,0,0,0
d407282f5e54bbd2.jpg,scab,0,1,0,0,0,0
89d1aedb83fe6022.jpg,powdery_mildew,0,0,0,0,1,0
e25702add52add25.jpg,rust,0,0,0,1,0,0
cdc969cc80ff80ea.jpg,scab,0,1,0,0,0,0
a59a631bd255e19a.jpg,frog_eye_leaf_spot,0,0,1,0,0,0
d014ea850b9f07ef.jpg,healthy,1,0,0,0,0,0
e4e0cb8f6d9a5252.jpg,powdery_mildew,0,0,0,0,1,0
efaa823acae36213.jpg,healthy,1,0,0,0,0,0
c4b52593dc0f5a9a.jpg,scab,0,1,0,0,0,0
df9b4fe733201302.jpg,frog_eye_leaf_spot,0,0,1,0,0,0
dd4e6b947a61d061.jpg,healthy,1,0,0,0,0,0
d75acafcf82444a4.jpg,healthy,1,0,0,0,0,0
c4a76c737e262f40.jpg,healthy,1,0,0,0,0,0
b7b5ae29694a4986.jpg,rust,0,0,0,1,0,0
edd80fb9441f8570.jpg,healthy,1,0,0,0,0,0
e59d823ae3b60d8a.jpg,frog_eye_leaf_spot,0,0,1,0,0,0
ead8c15abdb450a3.jpg,scab,0,1,0,0,0,0
9d4a7fa4e80995a9.jpg,frog_eye_leaf_spot,0,0,1,0,0,0
caa6e0c4c4cdd74e.jpg,healthy,1,0,0,0,0,0
e8b1235f3a8a35c5.jpg,scab,0,1,0,0,0,0
ff09aa3b68905770.jpg,healthy,1,0,0,0,0,0
b8e8d4074b526b6b.jpg,healthy,1,0,0,0,0,0
ffa2d6e8d6a08321.jpg,healthy,1,0,0,0,0,0
e8c295799f8d221e.jpg,complex,0,0,0,0,0,1
ffd9a09d061e0e68.jpg,scab,0,1,0,0,0,0
f8f5c586150bbe03.jpg,rust,0,0,0,1,0,0
cd4f26bf83cc2093.jpg,rust,0,0,0,1,0,0
cf3b0a673781d24c.jpg,rust,0,0,0,1,0,0
ba62680dcf379178.jpg,powdery_mildew,0,0,0,0,1,0
ae69b1a151526d9b.jpg,healthy,1,0,0,0,0,0
ed2de55587618a07.jpg,scab,0,1,0,0,0,0
d8d3b5de9b051e40.jpg,rust,0,0,0,1,0,0
d18a03b71bf06db4.jpg,frog_eye_leaf_spot,0,0,1,0,0,0
ef7f4076cbc08183.jpg,scab,0,1,0,0,0,0
8e65c49ba790d374.jpg,scab frog_eye_leaf_spot complex,0,1,1,0,0,1
c2618c0f13dfab3c.jpg,scab,0,1,0,0,0,0
b0b08b578fda6147.jpg,healthy,1,0,0,0,0,0
bfc6d90f402f4c34.jpg,scab frog_eye_leaf_spot,0,1,1,0,0,0
f28a19d665e1391b.jpg,scab,0,1,0,0,0,0
ad62d86f3f187068.jpg,scab,0,1,0,0,0,0
a3a59251b95aeb13.jpg,rust,0,0,0,1,0,0
8cf1f6de564e1508.jpg,complex,0,0,0,0,0,1
d5a1da7e39293590.jpg,scab,0,1,0,0,0,0
adbb95b8df608860.jpg,frog_eye_leaf_spot,0,0,1,0,0,0
c5e9e0f1d41b521e.jpg,scab,0,1,0,0,0,0
fb3e87407058645f.jpg,scab,0,1,0,0,0,0
ad72d9a0c0b74b95.jpg,frog_eye_leaf_spot,0,0,1,0,0,0
c0e94356cdf01fc6.jpg,scab,0,1,0,0,0,0
c521af133986bfc8.jpg,frog_eye_leaf_spot,0,0,1,0,0,0
a43196793d45759c.jpg,healthy,1,0,0,0,0,0
d2c92a35058b97bd.jpg,powdery_mildew,0,0,0,0,1,0
922b31bfa10e9b5c.jpg,healthy,1,0,0,0,0,0
efc04301fc7f14d2.jpg,healthy,1,0,0,0,0,0
eec47ad90d42fc14.jpg,scab,0,1,0,0,0,0
e721a5c014f4f2f9.jpg,frog_eye_leaf_spot,0,0,1,0,0,0
e0bae1b8ca2a58e7.jpg,healthy,1,0,0,0,0,0
c0fe1e5229bd6552.jpg,powdery_mildew,0,0,0,0,1,0
bd20c3873fdc6832.jpg,complex,0,0,0,0,0,1
f5c1d200cb2fa576.jpg,frog_eye_leaf_spot,0,0,1,0,0,0
88b070ef9db73151.jpg,scab,0,1,0,0,0,0
c26d786f2a8a5b91.jpg,complex,0,0,0,0,0,1
d5b2c6c99f58b007.jpg,complex,0,0,0,0,0,1
cf220abac88eff48.jpg,scab,0,1,0,0,0,0
ad5b36e89215c473.jpg,healthy,1,0,0,0,0,0
97c17f86612e0f8c.jpg,scab,0,1,0,0,0,0
9768c0e1ed9314af.jpg,scab,0,1,0,0,0,0
85b505b2aa976ada.jpg,scab,0,1,0,0,0,0
f41aea6d89a896b2.jpg,healthy,1,0,0,0,0,0
eae8f4520ec5f521.jpg,scab,0,1,0,0,0,0
9bf4cc56e08674c6.jpg,complex,0,0,0,0,0,1
9f8e61371a3d3550.jpg,complex,0,0,0,0,0,1
81b4639b9c72790f.jpg,rust,0,0,0,1,0,0
b434c3b2cbd24d5a.jpg,scab frog_eye_leaf_spot,0,1,1,0,0,0
af21c6a68fca5c49.jpg,healthy,1,0,0,0,0,0
c997e01ad3acb1d8.jpg,frog_eye_leaf_spot,0,0,1,0,0,0
951e95a4736ae24b.jpg,complex,0,0,0,0,0,1
cefa8435c02d99ab.jpg,complex,0,0,0,0,0,1
c5a72da881d32bda.jpg,frog_eye_leaf_spot,0,0,1,0,0,0
8767cb83c5cfe006.jpg,healthy,1,0,0,0,0,0
eb4172d496f8c41e.jpg,powdery_mildew,0,0,0,0,1,0
e2d2543ad6e9a156.jpg,healthy,1,0,0,0,0,0
f87cc166cf1ab2c0.jpg,scab,0,1,0,0,0,0
f0e2c477b82fdb00.jpg,scab,0,1,0,0,0,0
fb91cb1f1980b42e.jpg,frog_eye_leaf_spot,0,0,1,0,0,0
c80e976c74706773.jpg,powdery_mildew,0,0,0,0,1,0
ddc862b0d3e23959.jpg,powdery_mildew,0,0,0,0,1,0
f86b89fe80c82e1e.jpg,scab,0,1,0,0,0,0
aa35d69a5e5229e1.jpg,healthy,1,0,0,0,0,0
fec3039cd2ae512a.jpg,scab frog_eye_leaf_spot,0,1,1,0,0,0
f8228796cfdae848.jpg,frog_eye_leaf_spot,0,0,1,0,0,0
a004b7f71f3668a3.jpg,scab,0,1,0,0,0,0
fea6d0b482d44fc2.jpg,healthy,1,0,0,0,0,0
a9d101a96f6e261f.jpg,complex,0,0,0,0,0,1
c4a13b9f9998cb70.jpg,frog_eye_leaf_spot,0,0,1,0,0,0
ca881a332d1e5e7d.jpg,healthy,1,0,0,0,0,0
e105734c73f1b932.jpg,rust,0,0,0,1,0,0
96cbe6cdcf528442.jpg,complex,0,0,0,0,0,1
e33ddc69427eaa08.jpg,healthy,1,0,0,0,0,0
81b3f17d0c24ff03.jpg,healthy,1,0,0,0,0,0
b8d09d3fc3433ac8.jpg,powdery_mildew,0,0,0,0,1,0
bdfd94811a303ab3.jpg,healthy,1,0,0,0,0,0
b4a39ba5c7d2c186.jpg,scab frog_eye_leaf_spot,0,1,1,0,0,0
daec692603ccbe62.jpg,healthy,1,0,0,0,0,0
f495b4d26a5a4768.jpg,healthy,1,0,0,0,0,0
b55f924949adab82.jpg,healthy,1,0,0,0,0,0
f4b0c395cf688ca5.jpg,frog_eye_leaf_spot,0,0,1,0,0,0
fd800b9d58f12373.jpg,healthy,1,0,0,0,0,0
94ec0c564ee8d5b9.jpg,scab,0,1,0,0,0,0
85fa61906383ef1d.jpg,scab,0,1,0,0,0,0
fec0e824836a9fc5.jpg,healthy,1,0,0,0,0,0
a4979bcd603a1acb.jpg,powdery_mildew,0,0,0,0,1,0
c0d9925be26da655.jpg,frog_eye_leaf_spot,0,0,1,0,0,0
995b39b52266626b.jpg,rust,0,0,0,1,0,0
e2d0cfe1c1c5839e.jpg,healthy,1,0,0,0,0,0
8b97c0348ce94ede.jpg,scab,0,1,0,0,0,0
8f83c2ee646433e3.jpg,healthy,1,0,0,0,0,0
c0a13f9fca159a71.jpg,complex,0,0,0,0,0,1
9f2438e68986dd96.jpg,complex,0,0,0,0,0,1
97fd3cf2cc394408.jpg,frog_eye_leaf_spot,0,0,1,0,0,0
c13ee111bf33c0e3.jpg,scab,0,1,0,0,0,0
cac6ea04884cff7c.jpg,scab,0,1,0,0,0,0
e556d2349fbaa288.jpg,scab frog_eye_leaf_spot complex,0,1,1,0,0,1
c85a6af89d217555.jpg,scab,0,1,0,0,0,0
ff84c00b033fb9b4.jpg,healthy,1,0,0,0,0,0
acca352bc245e2f5.jpg,scab frog_eye_leaf_spot,0,1,1,0,0,0
803e60cf3c64e1fe.jpg,healthy,1,0,0,0,0,0
ecbe09992d9457a1.jpg,healthy,1,0,0,0,0,0
b0e78f883a1cd14f.jpg,complex,0,0,0,0,0,1
ef58cbc8a4c6227a.jpg,scab frog_eye_leaf_spot,0,1,1,0,0,0
84586bc95bd8cecc.jpg,healthy,1,0,0,0,0,0
cd6b3d5a151bb508.jpg,scab,0,1,0,0,0,0
8bc77432bb1c5670.jpg,healthy,1,0,0,0,0,0
deb1a13e400e9cbd.jpg,rust,0,0,0,1,0,0
8f418184c7fa3f8d.jpg,frog_eye_leaf_spot,0,0,1,0,0,0
f934e01f3fc238c1.jpg,healthy,1,0,0,0,0,0
cf387a827031bc6e.jpg,complex,0,0,0,0,0,1
cfab0f2531c35147.jpg,healthy,1,0,0,0,0,0
8d97f883e8a4d34c.jpg,scab,0,1,0,0,0,0
cae1c855893f7c32.jpg,healthy,1,0,0,0,0,0
c5a4c770c177f819.jpg,frog_eye_leaf_spot,0,0,1,0,0,0
d5d4b2834b87a566.jpg,healthy,1,0,0,0,0,0
ddcef5cac82bc808.jpg,healthy,1,0,0,0,0,0
e49fe0a374e33829.jpg,healthy,1,0,0,0,0,0
a4a417c05a5757bd.jpg,frog_eye_leaf_spot,0,0,1,0,0,0
a86997a59896c9da.jpg,healthy,1,0,0,0,0,0
85d25ba389705e37.jpg,scab,0,1,0,0,0,0
808f87c54a5cbfa3.jpg,scab,0,1,0,0,0,0
ed7ad7c0c16896c1.jpg,frog_eye_leaf_spot,0,0,1,0,0,0
b0a5cb24d7d7b881.jpg,scab,0,1,0,0,0,0
ceddb371c6c01863.jpg,healthy,1,0,0,0,0,0
ad64f0858e9e74e1.jpg,complex,0,0,0,0,0,1
b4a6dbd809039c5f.jpg,rust frog_eye_leaf_spot,0,0,1,1,0,0
d2976612ca7a9f81.jpg,scab frog_eye_leaf_spot,0,1,1,0,0,0
f14e904e976d916a.jpg,rust,0,0,0,1,0,0
8adac3dc9f820d0f.jpg,complex,0,0,0,0,0,1
cf60c076bd43ace8.jpg,rust,0,0,0,1,0,0
da9397964e702535.jpg,healthy,1,0,0,0,0,0
ef2884a55ed6e892.jpg,healthy,1,0,0,0,0,0
94949a9ac8dde53c.jpg,healthy,1,0,0,0,0,0
aae9d296cb928d91.jpg,scab,0,1,0,0,0,0
916bd321c3b374b1.jpg,rust frog_eye_leaf_spot,0,0,1,1,0,0
f03197185a51e57b.jpg,frog_eye_leaf_spot,0,0,1,0,0,0
d06474379f83fa48.jpg,scab,0,1,0,0,0,0
cc8f1dd8ea243b0e.jpg,complex,0,0,0,0,0,1
cec684eed5252a1d.jpg,complex,0,0,0,0,0,1
a9b464c8bb236667.jpg,healthy,1,0,0,0,0,0
8d5d196058f3d627.jpg,powdery_mildew,0,0,0,0,1,0
f6e2a22f944a7a51.jpg,scab,0,1,0,0,0,0
89889bfed047da2c.jpg,scab,0,1,0,0,0,0
b1f1a74cb9b16494.jpg,frog_eye_leaf_spot,0,0,1,0,0,0
e5c6db9c91931b12.jpg,healthy,1,0,0,0,0,0
f4bf8ca7352050bc.jpg,healthy,1,0,0,0,0,0
b183c92bb3757268.jpg,scab,0,1,0,0,0,0
ae92a639f7292938.jpg,frog_eye_leaf_spot,0,0,1,0,0,0
e1ed8bb0fc93049c.jpg,scab frog_eye_leaf_spot complex,0,1,1,0,0,1
c04692ad3f78c793.jpg,powdery_mildew complex,0,0,0,0,1,1
f04e91eb8a5fa518.jpg,healthy,1,0,0,0,0,0
f1eac3e0c507191f.jpg,frog_eye_leaf_spot,0,0,1,0,0,0
bd26d04fcbb10dd0.jpg,complex,0,0,0,0,0,1
fcd4e19777fc0040.jpg,rust,0,0,0,1,0,0
a23a87e34de5f218.jpg,scab,0,1,0,0,0,0
d7888fd408b67a87.jpg,scab,0,1,0,0,0,0
d6e17a6e2d919843.jpg,powdery_mildew,0,0,0,0,1,0
e0a1f05e2ea13c5f.jpg,frog_eye_leaf_spot complex,0,0,1,0,0,1
8f9f31b2c193c532.jpg,scab,0,1,0,0,0,0
b4a567c29e9c3878.jpg,scab,0,1,0,0,0,0
c2c270f21b73a2e7.jpg,frog_eye_leaf_spot,0,0,1,0,0,0
80563fc5e3ca1b3c.jpg,powdery_mildew,0,0,0,0,1,0
aa93974bea296195.jpg,healthy,1,0,0,0,0,0
d9c11a7e9c248f8e.jpg,scab,0,1,0,0,0,0
c5544dc89b387de1.jpg,complex,0,0,0,0,0,1
dd0a7e4370a0b8d7.jpg,complex,0,0,0,0,0,1
b5dacd85d0fcc501.jpg,powdery_mildew,0,0,0,0,1,0
b87021db3bcd3564.jpg,rust,0,0,0,1,0,0
c13dbe908cd88c5f.jpg,scab,0,1,0,0,0,0
b8e3c09db7cc10d6.jpg,healthy,1,0,0,0,0,0
faabc9c5093d0db0.jpg,frog_eye_leaf_spot,0,0,1,0,0,0
f2b4d2d394da8598.jpg,healthy,1,0,0,0,0,0
bd8080da4fe5bf42.jpg,scab,0,1,0,0,0,0
b0c8e054c665db7b.jpg,healthy,1,0,0,0,0,0
90ed9ba0a1376f16.jpg,healthy,1,0,0,0,0,0
909bc0ac0edbfd1c.jpg,healthy,1,0,0,0,0,0
c0e0b1e3d6606e7b.jpg,scab,0,1,0,0,0,0
fd788144c793d4ca.jpg,rust,0,0,0,1,0,0
982f65c46eb9c4d2.jpg,scab,0,1,0,0,0,0
f26ec92b29d19784.jpg,scab,0,1,0,0,0,0
9c077ad23a231abb.jpg,healthy,1,0,0,0,0,0
92e997918ebaa2a3.jpg,rust,0,0,0,1,0,0
e6a8e4c8c05f5f70.jpg,scab,0,1,0,0,0,0
97a1699535c334cb.jpg,scab frog_eye_leaf_spot,0,1,1,0,0,0
f825072c8df8693b.jpg,scab frog_eye_leaf_spot,0,1,1,0,0,0
b8a1949f1b3962f4.jpg,frog_eye_leaf_spot complex,0,0,1,0,0,1
cb3b2558dd5c54c2.jpg,rust,0,0,0,1,0,0
df25789dc5e06a09.jpg,rust,0,0,0,1,0,0
d6aa25021afdfac1.jpg,frog_eye_leaf_spot,0,0,1,0,0,0
f9c51a7c11c883fc.jpg,scab,0,1,0,0,0,0
abb0d5a9d4b4985c.jpg,rust,0,0,0,1,0,0
8b3fd31433456a53.jpg,frog_eye_leaf_spot,0,0,1,0,0,0
a04fdb703f81cc78.jpg,healthy,1,0,0,0,0,0
da70aac0bd0ff0e4.jpg,rust,0,0,0,1,0,0
b4b6874f497da700.jpg,complex,0,0,0,0,0,1
94d0737b69af105c.jpg,scab,0,1,0,0,0,0
f6d2cee80de42638.jpg,scab,0,1,0,0,0,0
da0dcde42ccfe680.jpg,healthy,1,0,0,0,0,0
fb9ac1f984c78027.jpg,scab,0,1,0,0,0,0
c76a2f9e815a45e8.jpg,complex,0,0,0,0,0,1
f91be88d83a024df.jpg,rust,0,0,0,1,0,0
c70c722e370e3f38.jpg,scab,0,1,0,0,0,0
f495908f8f9e6560.jpg,healthy,1,0,0,0,0,0
c0983fc02e27facb.jpg,scab,0,1,0,0,0,0
d089da86d685bd27.jpg,scab,0,1,0,0,0,0
affb2491c4da4b09.jpg,scab,0,1,0,0,0,0
a0bfd5838a01fd0f.jpg,scab,0,1,0,0,0,0
ec4497cf52c83999.jpg,rust complex,0,0,0,1,0,1
f8728f3e833d8314.jpg,scab,0,1,0,0,0,0
b4939090fb603f6d.jpg,rust frog_eye_leaf_spot,0,0,1,1,0,0
a6a6174ea52ca55e.jpg,healthy,1,0,0,0,0,0
b0ea936c4a3964dd.jpg,scab,0,1,0,0,0,0
afb6164e42202e7f.jpg,frog_eye_leaf_spot,0,0,1,0,0,0
f15ad2bac3e0cf01.jpg,frog_eye_leaf_spot complex,0,0,1,0,0,1
f45ac2871dc29cd9.jpg,healthy,1,0,0,0,0,0
811f8189e9cb2bfa.jpg,scab,0,1,0,0,0,0
8f2071c7987e86ea.jpg,healthy,1,0,0,0,0,0
a501cbd8bd497366.jpg,complex,0,0,0,0,0,1
e02e82838f2d3d7d.jpg,complex,0,0,0,0,0,1
c4d76968d8f09539.jpg,rust,0,0,0,1,0,0
c5dd359660ef0299.jpg,complex,0,0,0,0,0,1
94a6545656f3b0ab.jpg,frog_eye_leaf_spot,0,0,1,0,0,0
c5b03a4f4e813dcd.jpg,healthy,1,0,0,0,0,0
af553a0d837a954a.jpg,rust,0,0,0,1,0,0
e3f295109de99b24.jpg,healthy,1,0,0,0,0,0
98d2ed0b33c866d9.jpg,healthy,1,0,0,0,0,0
f0ead8202af4f31e.jpg,frog_eye_leaf_spot,0,0,1,0,0,0
ea93ca9281f0f2ae.jpg,healthy,1,0,0,0,0,0
ab7ee49bd1b20311.jpg,rust,0,0,0,1,0,0
cadf5d8d60cb4a88.jpg,healthy,1,0,0,0,0,0
a69fd1cce807272a.jpg,scab,0,1,0,0,0,0
f09f82897e49158f.jpg,healthy,1,0,0,0,0,0
b7975b93c04c03ad.jpg,healthy,1,0,0,0,0,0
edba8cf01da72807.jpg,scab,0,1,0,0,0,0
ba0be0be4f7d05a0.jpg,scab frog_eye_leaf_spot,0,1,1,0,0,0
cc9f44613fe130c7.jpg,healthy,1,0,0,0,0,0
b14ddac46a2a3795.jpg,scab,0,1,0,0,0,0
94da65069fea4d19.jpg,scab,0,1,0,0,0,0
f32bcae5103099f6.jpg,frog_eye_leaf_spot,0,0,1,0,0,0
faaf94859ab01ba2.jpg,scab,0,1,0,0,0,0
d6a5864d5549b0eb.jpg,frog_eye_leaf_spot,0,0,1,0,0,0
ab6e8cb160d137cc.jpg,frog_eye_leaf_spot,0,0,1,0,0,0
b00c977d23f02fd4.jpg,healthy,1,0,0,0,0,0
878c7831607b7575.jpg,complex,0,0,0,0,0,1
c18567512aef5f0c.jpg,frog_eye_leaf_spot,0,0,1,0,0,0
bfbc22e13421fc0e.jpg,rust,0,0,0,1,0,0
81a63d7ef8245a72.jpg,powdery_mildew,0,0,0,0,1,0
fa029987817c71ee.jpg,rust,0,0,0,1,0,0
cc830b6959a3baab.jpg,frog_eye_leaf_spot,0,0,1,0,0,0
f7b681f20fc10cc5.jpg,complex,0,0,0,0,0,1
bebc8ad9a6643360.jpg,frog_eye_leaf_spot,0,0,1,0,0,0
b5bc9a82e86b1656.jpg,scab,0,1,0,0,0,0
e98ac0c22bc33d7e.jpg,scab frog_eye_leaf_spot,0,1,1,0,0,0
8d5ecfd6c4acc281.jpg,healthy,1,0,0,0,0,0
84eb76e5ba1e3124.jpg,complex,0,0,0,0,0,1
a0d05afa7825e5f4.jpg,scab,0,1,0,0,0,0
80a4c7f6ad9a55d8.jpg,healthy,1,0,0,0,0,0
fcc727bd24bc2105.jpg,frog_eye_leaf_spot,0,0,1,0,0,0
a095afc5c70d52b5.jpg,healthy,1,0,0,0,0,0
dbe6c080706d3dba.jpg,healthy,1,0,0,0,0,0
dc4426b24bb1df98.jpg,frog_eye_leaf_spot,0,0,1,0,0,0
aeab95849b8a8f49.jpg,healthy,1,0,0,0,0,0
e00fce341cb63da5.jpg,complex,0,0,0,0,0,1
c4d2c8d1acded90d.jpg,scab,0,1,0,0,0,0
f19f9f2f0d4710c0.jpg,powdery_mildew,0,0,0,0,1,0
f4919419c76532f6.jpg,healthy,1,0,0,0,0,0
83705953c74517d7.jpg,rust,0,0,0,1,0,0
ce853e15181e87f3.jpg,powdery_mildew,0,0,0,0,1,0
f144e01f769a63e2.jpg,complex,0,0,0,0,0,1
beac9a2c1b4329e3.jpg,scab,0,1,0,0,0,0
aaba15a4bb97318c.jpg,healthy,1,0,0,0,0,0
ad189e2ecbd8c989.jpg,rust complex,0,0,0,1,0,1
ead5b01aa999f948.jpg,scab,0,1,0,0,0,0
e5a7356a807a7730.jpg,frog_eye_leaf_spot,0,0,1,0,0,0
bf57c0de8abc4064.jpg,healthy,1,0,0,0,0,0
ccbf3e4341d4a1ca.jpg,healthy,1,0,0,0,0,0
89f5f5ad05a8661c.jpg,frog_eye_leaf_spot,0,0,1,0,0,0
f1dadac0dd622a07.jpg,healthy,1,0,0,0,0,0
d4fa36c2f0d550e2.jpg,scab,0,1,0,0,0,0
8381c319657dfb68.jpg,rust,0,0,0,1,0,0
f5cac164fac298e1.jpg,healthy,1,0,0,0,0,0
9687a0cdea5aaa9c.jpg,scab,0,1,0,0,0,0
cb89e22ed61c53e8.jpg,powdery_mildew,0,0,0,0,1,0
f4888cbc63b9c23d.jpg,powdery_mildew,0,0,0,0,1,0
9062169acbcddd4e.jpg,frog_eye_leaf_spot,0,0,1,0,0,0
e5909e47616339b9.jpg,complex,0,0,0,0,0,1
c80ac0fe2f74bdb0.jpg,frog_eye_leaf_spot,0,0,1,0,0,0
af20e1f497e100bf.jpg,scab,0,1,0,0,0,0
c9d63696629107ed.jpg,complex,0,0,0,0,0,1
c09927d183363cdf.jpg,scab,0,1,0,0,0,0
839b918b7ced00fc.jpg,healthy,1,0,0,0,0,0
ffd9d1c180003f37.jpg,healthy,1,0,0,0,0,0
bbe6e9c60c10e5b1.jpg,healthy,1,0,0,0,0,0
fde6c6a1364e3310.jpg,healthy,1,0,0,0,0,0
f5805680fa1dd6cb.jpg,frog_eye_leaf_spot,0,0,1,0,0,0
9383973f3c6d7880.jpg,healthy,1,0,0,0,0,0
f5e5c44fd6964a40.jpg,complex,0,0,0,0,0,1
e5aeaec4ad0eba10.jpg,complex,0,0,0,0,0,1
fccad4cb40fd8185.jpg,healthy,1,0,0,0,0,0
8957ca92d53ae0ea.jpg,healthy,1,0,0,0,0,0
ef1f80e25fc2e015.jpg,scab,0,1,0,0,0,0
c1bd931747d02b4b.jpg,rust complex,0,0,0,1,0,1
e02f96d0c8e1d39e.jpg,frog_eye_leaf_spot,0,0,1,0,0,0
fa6ed3c0d9dc9088.jpg,complex,0,0,0,0,0,1
eb809576c342c9f9.jpg,powdery_mildew complex,0,0,0,0,1,1
ce4eee02f46242b7.jpg,rust,0,0,0,1,0,0
ac6cb66ad7341296.jpg,healthy,1,0,0,0,0,0
a07b87f05a8eb18e.jpg,frog_eye_leaf_spot,0,0,1,0,0,0
aa9fa473a30b150f.jpg,scab,0,1,0,0,0,0
d29b1c2383749acf.jpg,frog_eye_leaf_spot,0,0,1,0,0,0
e4f41f1da41555f0.jpg,powdery_mildew,0,0,0,0,1,0
8d8185d0d995bdb9.jpg,healthy,1,0,0,0,0,0
b403c1e91fe753a8.jpg,scab,0,1,0,0,0,0
b751039556ba4c4f.jpg,powdery_mildew,0,0,0,0,1,0
f1c23b9c37f88432.jpg,healthy,1,0,0,0,0,0
af8a1e04303cb7af.jpg,frog_eye_leaf_spot,0,0,1,0,0,0
e0bec0d0efc1815f.jpg,scab,0,1,0,0,0,0
e84384af4ad751da.jpg,scab,0,1,0,0,0,0
abe2d0879aa5c83d.jpg,frog_eye_leaf_spot,0,0,1,0,0,0
b5b2f8855aa3b84a.jpg,complex,0,0,0,0,0,1
b0b99397d9826dc8.jpg,healthy,1,0,0,0,0,0
ade5b5ddd0ca40a8.jpg,scab,0,1,0,0,0,0
e932d4897a9d1639.jpg,healthy,1,0,0,0,0,0
ad3d32ab0b0abc59.jpg,frog_eye_leaf_spot,0,0,1,0,0,0
a4efb0c51234fe86.jpg,healthy,1,0,0,0,0,0
8fee30381c66e2e3.jpg,scab,0,1,0,0,0,0
dbdc302b145965a7.jpg,powdery_mildew,0,0,0,0,1,0
f641c51e6dbc82a5.jpg,healthy,1,0,0,0,0,0
98834be9f5ff2804.jpg,frog_eye_leaf_spot,0,0,1,0,0,0
f0a74bd8ac888dad.jpg,complex,0,0,0,0,0,1
ddf2d2e189041fe4.jpg,scab frog_eye_leaf_spot,0,1,1,0,0,0
facf81eb9403d826.jpg,complex,0,0,0,0,0,1
cbab30da923c9ca5.jpg,rust,0,0,0,1,0,0
c1e5c8019e9f2fd8.jpg,scab,0,1,0,0,0,0
a592db1dcb794071.jpg,scab frog_eye_leaf_spot,0,1,1,0,0,0
e0a57b82558738eb.jpg,frog_eye_leaf_spot,0,0,1,0,0,0
d56f85628f80689f.jpg,scab,0,1,0,0,0,0
d2ff6f1dd010d01a.jpg,healthy,1,0,0,0,0,0
c880bbdfcb612d62.jpg,complex,0,0,0,0,0,1
ab95f493d238d119.jpg,complex,0,0,0,0,0,1
c4742ec2efe359c0.jpg,frog_eye_leaf_spot complex,0,0,1,0,0,1
c0f487a36dc35c87.jpg,healthy,1,0,0,0,0,0
c5fa3e29f0f0e105.jpg,healthy,1,0,0,0,0,0
ffd4e484c48d985c.jpg,scab,0,1,0,0,0,0
f103543332de1e75.jpg,frog_eye_leaf_spot,0,0,1,0,0,0
cc816d92f42d4af6.jpg,complex,0,0,0,0,0,1
86aa7d75862569b4.jpg,healthy,1,0,0,0,0,0
bfd3c3880b7c18f0.jpg,healthy,1,0,0,0,0,0
c536ddcc38c126d5.jpg,healthy,1,0,0,0,0,0
8cb89e359c86f391.jpg,frog_eye_leaf_spot,0,0,1,0,0,0
f4e987958dda2189.jpg,frog_eye_leaf_spot,0,0,1,0,0,0
b9e488d1162ade76.jpg,frog_eye_leaf_spot,0,0,1,0,0,0
eda2549abcd83564.jpg,scab,0,1,0,0,0,0
e0e88a09da1237ff.jpg,complex,0,0,0,0,0,1
848c69e666cd5d5a.jpg,rust,0,0,0,1,0,0
a05fd62648763c3b.jpg,healthy,1,0,0,0,0,0
f38cf20fc4e419d4.jpg,scab frog_eye_leaf_spot complex,0,1,1,0,0,1
aa7b85318d45c177.jpg,healthy,1,0,0,0,0,0
95f7ff5d0a1c0818.jpg,healthy,1,0,0,0,0,0
beb7d639098158ca.jpg,scab,0,1,0,0,0,0
99ed231627c8711f.jpg,frog_eye_leaf_spot,0,0,1,0,0,0
a282d7b4683527bd.jpg,complex,0,0,0,0,0,1
e5b8749dc4269876.jpg,frog_eye_leaf_spot complex,0,0,1,0,0,1
fd829cb2224a9ef1.jpg,rust,0,0,0,1,0,0
add389d4f99089b4.jpg,healthy,1,0,0,0,0,0
dbda04aacd457362.jpg,healthy,1,0,0,0,0,0
a9eafde4ca80c247.jpg,healthy,1,0,0,0,0,0
afe9c29a34a868c7.jpg,rust,0,0,0,1,0,0
f18ed5c06fe02273.jpg,rust,0,0,0,1,0,0
a55c83306b837acf.jpg,healthy,1,0,0,0,0,0
fa7990b5b842c752.jpg,rust,0,0,0,1,0,0
d69adb49e94c00bd.jpg,scab,0,1,0,0,0,0
9bb269cb96821a2f.jpg,scab,0,1,0,0,0,0
e191927e3c0676d3.jpg,scab,0,1,0,0,0,0
aa73556daa1056cd.jpg,healthy,1,0,0,0,0,0
ab4152a5ef4617ac.jpg,healthy,1,0,0,0,0,0
f8f2e0955ed945a0.jpg,healthy,1,0,0,0,0,0
d7390a51de077ac4.jpg,powdery_mildew,0,0,0,0,1,0
9e8ccf32f5425c85.jpg,complex,0,0,0,0,0,1
a16df491eac29cc9.jpg,complex,0,0,0,0,0,1
a95795905ad5b04f.jpg,healthy,1,0,0,0,0,0
e84b955f01f03f4c.jpg,healthy,1,0,0,0,0,0
8774bd86b996889a.jpg,rust,0,0,0,1,0,0
cdfc76f09e2114e0.jpg,scab frog_eye_leaf_spot,0,1,1,0,0,0
9be53b86ee810e89.jpg,scab,0,1,0,0,0,0
f1864d9b311aa70f.jpg,frog_eye_leaf_spot,0,0,1,0,0,0
a8796a5b03f062d7.jpg,scab,0,1,0,0,0,0
a8e7c3a54b903cf8.jpg,rust,0,0,0,1,0,0
cf683615876164f6.jpg,powdery_mildew,0,0,0,0,1,0
bd61087f8cb90f91.jpg,scab,0,1,0,0,0,0
9699c29285f81eed.jpg,healthy,1,0,0,0,0,0
f0a92ba5a84a5b79.jpg,scab,0,1,0,0,0,0
ff1dbeaa103a9118.jpg,healthy,1,0,0,0,0,0
a1a431c6fc0bf83b.jpg,scab,0,1,0,0,0,0
f55aaa9462a56d89.jpg,healthy,1,0,0,0,0,0
e0bc3f031c18fc1f.jpg,powdery_mildew,0,0,0,0,1,0
a57fd20bc029d96c.jpg,frog_eye_leaf_spot,0,0,1,0,0,0
f51828873ed39be0.jpg,healthy,1,0,0,0,0,0
90b42a547de9f469.jpg,healthy,1,0,0,0,0,0
9c6a698541ba6e97.jpg,frog_eye_leaf_spot,0,0,1,0,0,0
d03fdd7489c0e887.jpg,healthy,1,0,0,0,0,0
d1ed1312adc221fe.jpg,healthy,1,0,0,0,0,0
84f01d83f8ff321c.jpg,healthy,1,0,0,0,0,0
d5ea77958a3b8830.jpg,scab,0,1,0,0,0,0
c9a49ce4dfb4049d.jpg,frog_eye_leaf_spot,0,0,1,0,0,0
f45ba2c59daa3033.jpg,complex,0,0,0,0,0,1
81d291cad9657d35.jpg,healthy,1,0,0,0,0,0
9074c9d22793b357.jpg,frog_eye_leaf_spot,0,0,1,0,0,0
f026cd80cf0d1e7e.jpg,rust,0,0,0,1,0,0
892a2dc79ec75847.jpg,scab,0,1,0,0,0,0
ffaa808699cc39ac.jpg,scab,0,1,0,0,0,0
957c9d8dd88d9b80.jpg,scab,0,1,0,0,0,0
be0d85dcd8b81d38.jpg,healthy,1,0,0,0,0,0
9584a5f81bdb58c3.jpg,healthy,1,0,0,0,0,0
ba91c21fc735a3e0.jpg,scab,0,1,0,0,0,0
9fb32c2ad4632a47.jpg,scab,0,1,0,0,0,0
b934cb072cf467c1.jpg,scab,0,1,0,0,0,0
f4c2841ff83143bb.jpg,healthy,1,0,0,0,0,0
b7c0e3b654793055.jpg,frog_eye_leaf_spot,0,0,1,0,0,0
eda1c51efd1c20ac.jpg,scab,0,1,0,0,0,0
e884f5858ad68fc9.jpg,scab,0,1,0,0,0,0
a8b5c2a2d1cbcd8d.jpg,healthy,1,0,0,0,0,0
cbd40b2f132a75b1.jpg,frog_eye_leaf_spot,0,0,1,0,0,0
92d3bde831984e3c.jpg,scab,0,1,0,0,0,0
b9fe98901d640df4.jpg,rust,0,0,0,1,0,0
c0d93b0fa766dc84.jpg,powdery_mildew,0,0,0,0,1,0
91e481df9e1b6a29.jpg,scab,0,1,0,0,0,0
dba1e0e5a025aadb.jpg,scab,0,1,0,0,0,0
e3829557e1612faa.jpg,scab frog_eye_leaf_spot,0,1,1,0,0,0
89d12bd9a3678da2.jpg,healthy,1,0,0,0,0,0
836c9a5fe41de431.jpg,healthy,1,0,0,0,0,0
95ac78c15a9ab0fa.jpg,scab,0,1,0,0,0,0
dfe425be42284b0f.jpg,complex,0,0,0,0,0,1
8fea9a84df028e99.jpg,rust complex,0,0,0,1,0,1
c8e73c8310f10fbb.jpg,frog_eye_leaf_spot,0,0,1,0,0,0
fd95c0d0784a7571.jpg,healthy,1,0,0,0,0,0
d778c4699e783990.jpg,scab,0,1,0,0,0,0
8382d879b75e2ac5.jpg,powdery_mildew complex,0,0,0,0,1,1
f26479778964a926.jpg,complex,0,0,0,0,0,1
8fc03594e33acfb0.jpg,scab,0,1,0,0,0,0
f5fc63ce8095d016.jpg,scab,0,1,0,0,0,0
999dc998e68d1bc8.jpg,healthy,1,0,0,0,0,0
90a0cffc17bc4e83.jpg,scab,0,1,0,0,0,0
d4d1de93a9e15429.jpg,healthy,1,0,0,0,0,0
94e947373a5423cb.jpg,healthy,1,0,0,0,0,0
ebb1e1958f0e11ac.jpg,healthy,1,0,0,0,0,0
dbf191ab6465a0a5.jpg,healthy,1,0,0,0,0,0
83923a75e5c70e2e.jpg,healthy,1,0,0,0,0,0
a58fcff8101661e3.jpg,healthy,1,0,0,0,0,0
a16c934ba6cc9cec.jpg,scab,0,1,0,0,0,0
94b26d8dc50d69bc.jpg,healthy,1,0,0,0,0,0
dcfea6b8dc60482c.jpg,scab,0,1,0,0,0,0
96b436d49c489ead.jpg,scab,0,1,0,0,0,0
80c8caceaf7e343a.jpg,frog_eye_leaf_spot,0,0,1,0,0,0
f987cce12f385074.jpg,scab frog_eye_leaf_spot complex,0,1,1,0,0,1
ec12d4f6c4246ba7.jpg,healthy,1,0,0,0,0,0
ab51986b3e8de988.jpg,scab,0,1,0,0,0,0
dbfba01ec682c658.jpg,scab,0,1,0,0,0,0
950dca6ab63c4be8.jpg,scab,0,1,0,0,0,0
b0c19fcb826d6897.jpg,healthy,1,0,0,0,0,0
b12fd695598068d7.jpg,powdery_mildew,0,0,0,0,1,0
d5257eea4ac0ea85.jpg,scab,0,1,0,0,0,0
92d96c84933cd5ea.jpg,scab,0,1,0,0,0,0
b825cb596af099aa.jpg,frog_eye_leaf_spot,0,0,1,0,0,0
da33c2d60e6e6564.jpg,healthy,1,0,0,0,0,0
e0c3fec9e5361232.jpg,healthy,1,0,0,0,0,0
8dd4bca9ca56be80.jpg,scab,0,1,0,0,0,0
b801305b6a656fe7.jpg,scab,0,1,0,0,0,0
8501ba9f71e1273e.jpg,frog_eye_leaf_spot,0,0,1,0,0,0
b0ef49cc61cce358.jpg,scab,0,1,0,0,0,0
941d6658abb97c15.jpg,scab,0,1,0,0,0,0
d6ce7e7e81854cc0.jpg,powdery_mildew,0,0,0,0,1,0
c2963c6de14ede18.jpg,frog_eye_leaf_spot,0,0,1,0,0,0
82f90ba95b94a3ea.jpg,scab,0,1,0,0,0,0
a5b2a059695d7655.jpg,frog_eye_leaf_spot,0,0,1,0,0,0
dd849e911d0be0ee.jpg,healthy,1,0,0,0,0,0
fc87458bb612da0d.jpg,rust,0,0,0,1,0,0
f1add540ca8a6f92.jpg,healthy,1,0,0,0,0,0
f40bc37d09151dad.jpg,frog_eye_leaf_spot,0,0,1,0,0,0
9005d36127b0f77b.jpg,rust,0,0,0,1,0,0
c1af3ada59a0a555.jpg,complex,0,0,0,0,0,1
95f404c2fe8302ff.jpg,scab,0,1,0,0,0,0
dc982c9cff289742.jpg,healthy,1,0,0,0,0,0
d2a3052b4275b53f.jpg,healthy,1,0,0,0,0,0
a23db21ee88be04f.jpg,healthy,1,0,0,0,0,0
ddfa83e5930b241c.jpg,frog_eye_leaf_spot,0,0,1,0,0,0
f5918b993ebc1262.jpg,powdery_mildew,0,0,0,0,1,0
8290c34dad175f3b.jpg,healthy,1,0,0,0,0,0
c4310f623b1cbcaf.jpg,healthy,1,0,0,0,0,0
a5a50c2566fa19db.jpg,rust,0,0,0,1,0,0
a6878b10addb62ad.jpg,frog_eye_leaf_spot,0,0,1,0,0,0
9499ca5fc8e614ea.jpg,frog_eye_leaf_spot,0,0,1,0,0,0
fcb5d8a488cc438f.jpg,healthy,1,0,0,0,0,0
c93d81b5178117db.jpg,scab,0,1,0,0,0,0
ef038675ee280ce9.jpg,powdery_mildew,0,0,0,0,1,0
8192743f44f1d9ad.jpg,powdery_mildew,0,0,0,0,1,0
bc52a89e5d694b49.jpg,rust,0,0,0,1,0,0
aa119b5f58199de8.jpg,frog_eye_leaf_spot,0,0,1,0,0,0
a91ec1bc0b783f43.jpg,healthy,1,0,0,0,0,0
c6af7edb2f912001.jpg,frog_eye_leaf_spot,0,0,1,0,0,0
82955edf6134b6d0.jpg,scab,0,1,0,0,0,0
a1d2b7d02ad45cad.jpg,healthy,1,0,0,0,0,0
ef9d80b19de51d08.jpg,frog_eye_leaf_spot,0,0,1,0,0,0
b8a968cf960cd4f8.jpg,frog_eye_leaf_spot,0,0,1,0,0,0
a4b696ea9e6149e2.jpg,scab,0,1,0,0,0,0
dfc5d34f41456423.jpg,scab,0,1,0,0,0,0
ccfff005da03e9c0.jpg,scab,0,1,0,0,0,0
b8ac82edcd8d6c4a.jpg,healthy,1,0,0,0,0,0
eacf27a45015cb3a.jpg,healthy,1,0,0,0,0,0
b563b7ab4a85111e.jpg,frog_eye_leaf_spot,0,0,1,0,0,0
a4f29693edcb6181.jpg,scab frog_eye_leaf_spot,0,1,1,0,0,0
ed085a6d5e923b1a.jpg,scab,0,1,0,0,0,0
b5abdb2249432d0f.jpg,scab,0,1,0,0,0,0
95e3c8ec6c0d927a.jpg,healthy,1,0,0,0,0,0
e9713dc297b7a024.jpg,frog_eye_leaf_spot,0,0,1,0,0,0
89eb8c8d9ccd9499.jpg,healthy,1,0,0,0,0,0
9ca6cbe626f31489.jpg,frog_eye_leaf_spot complex,0,0,1,0,0,1
e8efc087859d9c91.jpg,healthy,1,0,0,0,0,0
b76dd74acc1084ce.jpg,rust,0,0,0,1,0,0
e4509653998acbe7.jpg,complex,0,0,0,0,0,1
8582d49d5a3967cd.jpg,scab,0,1,0,0,0,0
cbdf88a585f4580e.jpg,scab,0,1,0,0,0,0
c8a8ad9a627b52b6.jpg,powdery_mildew,0,0,0,0,1,0
fe1240f69a01adaf.jpg,frog_eye_leaf_spot,0,0,1,0,0,0
a1625a5964af66ad.jpg,rust,0,0,0,1,0,0
849a8d127bfaeb21.jpg,rust,0,0,0,1,0,0
aed5de9548126c69.jpg,healthy,1,0,0,0,0,0
d5d81484865b2f3f.jpg,healthy,1,0,0,0,0,0
f4ffd20a18c82c3d.jpg,frog_eye_leaf_spot,0,0,1,0,0,0
ae5e95b459830a6b.jpg,rust,0,0,0,1,0,0
ddf4d8021ac8f27c.jpg,healthy,1,0,0,0,0,0
ec898bddb8343263.jpg,powdery_mildew,0,0,0,0,1,0
e51c80925f1bbf29.jpg,healthy,1,0,0,0,0,0
89f9890060bbfe6d.jpg,complex,0,0,0,0,0,1
c0bcda4f1c8067f3.jpg,scab,0,1,0,0,0,0
b5a37e85c4505d3c.jpg,scab frog_eye_leaf_spot,0,1,1,0,0,0
eec2edcc5094d68a.jpg,rust,0,0,0,1,0,0
b940e6265f8b46ab.jpg,rust,0,0,0,1,0,0
e5e4319dc82d06d7.jpg,healthy,1,0,0,0,0,0
b4f40425fbd4f01b.jpg,scab,0,1,0,0,0,0
91ece5c69907362b.jpg,healthy,1,0,0,0,0,0
8ca723999d1f634c.jpg,rust frog_eye_leaf_spot,0,0,1,1,0,0
f1bccbee83dc0098.jpg,healthy,1,0,0,0,0,0
ac548d6b9530b6ec.jpg,rust complex,0,0,0,1,0,1
eeed9095a580cea3.jpg,scab,0,1,0,0,0,0
ba1552fec117c91a.jpg,scab,0,1,0,0,0,0
b89991dd9f48f049.jpg,scab,0,1,0,0,0,0
e8a2f75e316689a4.jpg,frog_eye_leaf_spot,0,0,1,0,0,0
f0b4c3452f56227e.jpg,frog_eye_leaf_spot,0,0,1,0,0,0
b37c82f08faee484.jpg,complex,0,0,0,0,0,1
bdad81298bddfc00.jpg,healthy,1,0,0,0,0,0
c68d1c65b166cb72.jpg,frog_eye_leaf_spot,0,0,1,0,0,0
b1a84eec3e1641db.jpg,frog_eye_leaf_spot complex,0,0,1,0,0,1
e0f197cac8a5b532.jpg,frog_eye_leaf_spot,0,0,1,0,0,0
c9f31eb4f6d804a8.jpg,rust,0,0,0,1,0,0
e471025751bbb9ac.jpg,frog_eye_leaf_spot,0,0,1,0,0,0
f548c425ce429e7e.jpg,scab frog_eye_leaf_spot complex,0,1,1,0,0,1
c707995e62ccce70.jpg,rust,0,0,0,1,0,0
d556355c1bc81be8.jpg,scab,0,1,0,0,0,0
97d46dcb101d6539.jpg,scab,0,1,0,0,0,0
a5b4d28959871dc7.jpg,healthy,1,0,0,0,0,0
e575df8035023b47.jpg,scab,0,1,0,0,0,0
a5591a2a71b541ef.jpg,healthy,1,0,0,0,0,0
86b65aaaa464b7b4.jpg,scab,0,1,0,0,0,0
b3dc8fc0603e8cd6.jpg,frog_eye_leaf_spot,0,0,1,0,0,0
d0e6d04fe727258a.jpg,scab frog_eye_leaf_spot,0,1,1,0,0,0
d199cd6534f42ea8.jpg,healthy,1,0,0,0,0,0
f873218ff80f5a12.jpg,frog_eye_leaf_spot,0,0,1,0,0,0
d0a98e4bfe61c3e0.jpg,rust,0,0,0,1,0,0
e8d6893b7c1a42f2.jpg,scab,0,1,0,0,0,0
dc997480e52d976c.jpg,scab,0,1,0,0,0,0
9c9e9acc643243eb.jpg,complex,0,0,0,0,0,1
f12d8fe4d8e2820f.jpg,scab,0,1,0,0,0,0
b4549a51aadd25da.jpg,powdery_mildew,0,0,0,0,1,0
8b8a705362baeaea.jpg,rust,0,0,0,1,0,0
afbc46caca684e8c.jpg,scab,0,1,0,0,0,0
d0bdf064db1ec831.jpg,frog_eye_leaf_spot,0,0,1,0,0,0
ef5ca3afd4c74080.jpg,rust,0,0,0,1,0,0
e1c1cbdb4ea89a94.jpg,scab,0,1,0,0,0,0
c19bf6662e64d544.jpg,scab,0,1,0,0,0,0
a8de948ad4c9fa0d.jpg,scab,0,1,0,0,0,0
c5f2920bdb653564.jpg,frog_eye_leaf_spot,0,0,1,0,0,0
b5369279d9c1c949.jpg,frog_eye_leaf_spot,0,0,1,0,0,0
c0c66a37fdf58061.jpg,scab,0,1,0,0,0,0
ff02d6ee4a00a9b5.jpg,scab frog_eye_leaf_spot,0,1,1,0,0,0
a4b5f2c2b4c42f1d.jpg,healthy,1,0,0,0,0,0
fa2c8285b4d936bc.jpg,healthy,1,0,0,0,0,0
a79492e90e653ec3.jpg,scab,0,1,0,0,0,0
e2c7f7cde091e402.jpg,healthy,1,0,0,0,0,0
d685d4c728896fb8.jpg,scab,0,1,0,0,0,0
d359c824f6ac02df.jpg,scab,0,1,0,0,0,0
e57254a1dae6d0ca.jpg,rust,0,0,0,1,0,0
f8d0d09f8b3a65c1.jpg,scab,0,1,0,0,0,0
f9a4f2c3007947ae.jpg,frog_eye_leaf_spot,0,0,1,0,0,0
b50dd2a581f2e90f.jpg,scab,0,1,0,0,0,0
c6526ad895a91e5e.jpg,powdery_mildew,0,0,0,0,1,0
cab5a730a79bc238.jpg,healthy,1,0,0,0,0,0
93f070bcd729894e.jpg,powdery_mildew,0,0,0,0,1,0
caa5451abd79e065.jpg,scab,0,1,0,0,0,0
cff833939a8b02e2.jpg,complex,0,0,0,0,0,1
b1c8ae3b3a1462dd.jpg,scab,0,1,0,0,0,0
d86b29b96ec3a2c1.jpg,frog_eye_leaf_spot,0,0,1,0,0,0
d29d372369954d49.jpg,frog_eye_leaf_spot,0,0,1,0,0,0
e1a88352cf8f9f50.jpg,healthy,1,0,0,0,0,0
9463ca296fd425bc.jpg,healthy,1,0,0,0,0,0
b7b5923ed2ca620c.jpg,healthy,1,0,0,0,0,0
94f4d5869bb490f8.jpg,complex,0,0,0,0,0,1
e257f4861f90e21e.jpg,powdery_mildew,0,0,0,0,1,0
97a785795294eb44.jpg,powdery_mildew,0,0,0,0,1,0
9b18e760da4d6ea4.jpg,scab frog_eye_leaf_spot,0,1,1,0,0,0
da69048cdc98ff34.jpg,frog_eye_leaf_spot,0,0,1,0,0,0
8f302a9511b7e74e.jpg,healthy,1,0,0,0,0,0
cb407a8f38dd6368.jpg,rust,0,0,0,1,0,0
a5d314b55c4295bb.jpg,powdery_mildew,0,0,0,0,1,0
ac6d8534cf92cec2.jpg,scab,0,1,0,0,0,0
e9c1c3dafc05150f.jpg,scab,0,1,0,0,0,0
b56d5a6309177153.jpg,frog_eye_leaf_spot,0,0,1,0,0,0
db86794dd294241f.jpg,powdery_mildew,0,0,0,0,1,0
a65f98117faa8466.jpg,frog_eye_leaf_spot,0,0,1,0,0,0
e52e953023d5daac.jpg,healthy,1,0,0,0,0,0
c35dbb01ee0e24da.jpg,powdery_mildew,0,0,0,0,1,0
f481fb460db98cc9.jpg,complex,0,0,0,0,0,1
9be561de7c792420.jpg,healthy,1,0,0,0,0,0
85ec5d142dd3e58a.jpg,frog_eye_leaf_spot,0,0,1,0,0,0
865af4bcebe80a61.jpg,frog_eye_leaf_spot,0,0,1,0,0,0
a86f5ad238666dc2.jpg,complex,0,0,0,0,0,1
fccdc58d5ab13a40.jpg,healthy,1,0,0,0,0,0
e514c77096b396a3.jpg,healthy,1,0,0,0,0,0
b5b7901349e985e5.jpg,scab,0,1,0,0,0,0
e032458d17e5bab5.jpg,healthy,1,0,0,0,0,0
fdb792c058ce6164.jpg,scab,0,1,0,0,0,0
b7cae1c3462c0e37.jpg,healthy,1,0,0,0,0,0
f8bdc0774a036c36.jpg,scab,0,1,0,0,0,0
b5a88ac56dbc2c6a.jpg,complex,0,0,0,0,0,1
8dfb309d029d43cd.jpg,scab frog_eye_leaf_spot complex,0,1,1,0,0,1
be69d29503163f68.jpg,frog_eye_leaf_spot,0,0,1,0,0,0
f784e0f2cb708f0a.jpg,scab,0,1,0,0,0,0
c4e8843569247fcf.jpg,rust,0,0,0,1,0,0
9ef3b4d3d882018f.jpg,scab,0,1,0,0,0,0
eba3c12f62d41c33.jpg,rust,0,0,0,1,0,0
f66bd6d968c51405.jpg,healthy,1,0,0,0,0,0
ff847e06b4476660.jpg,healthy,1,0,0,0,0,0
f4e2ca9a1c553764.jpg,healthy,1,0,0,0,0,0
c7259440e69d387f.jpg,scab,0,1,0,0,0,0
ff04708006f73ef8.jpg,scab,0,1,0,0,0,0
f5a0c20f8f367d42.jpg,powdery_mildew,0,0,0,0,1,0
8ed644869ee5d14b.jpg,scab,0,1,0,0,0,0
83e534c523eebab0.jpg,healthy,1,0,0,0,0,0
f4328feb81c883ad.jpg,scab,0,1,0,0,0,0
853761d1d31c7e89.jpg,healthy,1,0,0,0,0,0
846b3e706ba6698e.jpg,scab,0,1,0,0,0,0
9fe174c9e157850a.jpg,healthy,1,0,0,0,0,0
f469c6471820e9fe.jpg,healthy,1,0,0,0,0,0
b46ac265a56cabb2.jpg,healthy,1,0,0,0,0,0
f48841f46af525d3.jpg,powdery_mildew,0,0,0,0,1,0
8fb2c49a945bb06b.jpg,scab,0,1,0,0,0,0
b5e1b6c9f8383918.jpg,scab,0,1,0,0,0,0
c7d07f6865147668.jpg,complex,0,0,0,0,0,1
96ca2cb56ce31b64.jpg,powdery_mildew,0,0,0,0,1,0
d1974dc371f06b30.jpg,frog_eye_leaf_spot,0,0,1,0,0,0
f13612cfd9d1058e.jpg,powdery_mildew,0,0,0,0,1,0
ff3d8130915bd249.jpg,frog_eye_leaf_spot,0,0,1,0,0,0
ecf5add014421ec7.jpg,scab frog_eye_leaf_spot,0,1,1,0,0,0
bc13a56b5ad648e2.jpg,healthy,1,0,0,0,0,0
f0583c74c1c0edaf.jpg,healthy,1,0,0,0,0,0
cc9ec9d5486d85a5.jpg,rust frog_eye_leaf_spot,0,0,1,1,0,0
ce956445504bbdab.jpg,frog_eye_leaf_spot complex,0,0,1,0,0,1
94b1c98cbc2fa536.jpg,complex,0,0,0,0,0,1
9b6a7a1034e924df.jpg,frog_eye_leaf_spot,0,0,1,0,0,0
bc89c0038b979de7.jpg,complex,0,0,0,0,0,1
b0a3901b244fe3ef.jpg,rust,0,0,0,1,0,0
afa074d04a8d25df.jpg,healthy,1,0,0,0,0,0
bec9fd26e0c34311.jpg,frog_eye_leaf_spot,0,0,1,0,0,0
fa2d94a1b4aba58c.jpg,healthy,1,0,0,0,0,0
fa05966e8c70d82f.jpg,frog_eye_leaf_spot,0,0,1,0,0,0
c6768ce5c0f09f19.jpg,rust,0,0,0,1,0,0
e047d2894ae334ef.jpg,scab,0,1,0,0,0,0
a4b50293cd6bd56c.jpg,frog_eye_leaf_spot,0,0,1,0,0,0
bc471b3027cac8d7.jpg,powdery_mildew,0,0,0,0,1,0
e3a30d1cfb988695.jpg,rust,0,0,0,1,0,0
bc9ec3589f470a25.jpg,scab frog_eye_leaf_spot,0,1,1,0,0,0
8af61aa1f9398ce4.jpg,rust,0,0,0,1,0,0
b3b131c9e0279cd6.jpg,rust,0,0,0,1,0,0
d18f7a9ae8f88d80.jpg,healthy,1,0,0,0,0,0
c0331e70e127f1ee.jpg,healthy,1,0,0,0,0,0
a281c796cf983e69.jpg,scab,0,1,0,0,0,0
dacb69a15c2cb615.jpg,rust,0,0,0,1,0,0
89ea1631ecac73c9.jpg,healthy,1,0,0,0,0,0
a53bc2b0c3db35c8.jpg,healthy,1,0,0,0,0,0
c6790670cee23d87.jpg,rust,0,0,0,1,0,0
a52ed28799851b3b.jpg,healthy,1,0,0,0,0,0
fcab851182f196b5.jpg,frog_eye_leaf_spot,0,0,1,0,0,0
f61cc3524ed6bc0c.jpg,scab frog_eye_leaf_spot,0,1,1,0,0,0
a5dcc148c2f2f3f0.jpg,scab,0,1,0,0,0,0
aba437d04a0997dd.jpg,scab frog_eye_leaf_spot,0,1,1,0,0,0
a381e182876f3dd6.jpg,healthy,1,0,0,0,0,0
bcc6f8d2e44a9929.jpg,rust,0,0,0,1,0,0
ac5385d8d39d57a0.jpg,rust,0,0,0,1,0,0
d1c23a95469d2dbc.jpg,frog_eye_leaf_spot,0,0,1,0,0,0
80ef3f8fc2c0f1e0.jpg,scab frog_eye_leaf_spot,0,1,1,0,0,0
90c9ff43a98a54ae.jpg,powdery_mildew complex,0,0,0,0,1,1
fa3560c19737e90a.jpg,scab,0,1,0,0,0,0
9c240ccd9afdd296.jpg,rust,0,0,0,1,0,0
e88cccacdc702a7e.jpg,scab frog_eye_leaf_spot complex,0,1,1,0,0,1
acdc8d88549873d7.jpg,scab,0,1,0,0,0,0
c4f860fd99337161.jpg,healthy,1,0,0,0,0,0
cfa0545ea175724b.jpg,complex,0,0,0,0,0,1
e0d198611c6c3f7e.jpg,frog_eye_leaf_spot,0,0,1,0,0,0
d5d0a9b8c8fbb809.jpg,healthy,1,0,0,0,0,0
fd7af066068d9c30.jpg,rust,0,0,0,1,0,0
e3bbd9b22d263230.jpg,frog_eye_leaf_spot,0,0,1,0,0,0
be7a0ab468db6489.jpg,scab,0,1,0,0,0,0
c9d0347b2aa916f5.jpg,scab frog_eye_leaf_spot,0,1,1,0,0,0
c357632886cb1a6f.jpg,scab,0,1,0,0,0,0
bdb29857980a4bb6.jpg,healthy,1,0,0,0,0,0
a1f53e88d48d2fa8.jpg,healthy,1,0,0,0,0,0
c3d387b05ab1db82.jpg,complex,0,0,0,0,0,1
c2c21ebef0cdc531.jpg,healthy,1,0,0,0,0,0
ba4a93858b9acccd.jpg,healthy,1,0,0,0,0,0
bd8e91b46954cb94.jpg,powdery_mildew,0,0,0,0,1,0
a48f920f8dce8fc4.jpg,frog_eye_leaf_spot,0,0,1,0,0,0
968b7c87306b550f.jpg,scab,0,1,0,0,0,0
ec83c7c04a1e9db9.jpg,rust,0,0,0,1,0,0
febcf402821ac13f.jpg,rust frog_eye_leaf_spot,0,0,1,1,0,0
f643c2641fa8ba95.jpg,rust,0,0,0,1,0,0
a8457a06b5773726.jpg,powdery_mildew,0,0,0,0,1,0
f0bbc5c81ec7c4c8.jpg,frog_eye_leaf_spot,0,0,1,0,0,0
b48ac9c8edc5e6c2.jpg,healthy,1,0,0,0,0,0
d26b6aa55a97098e.jpg,frog_eye_leaf_spot,0,0,1,0,0,0
ee9d9e52a8311789.jpg,complex,0,0,0,0,0,1
f22d06f28d6b9a45.jpg,complex,0,0,0,0,0,1
8a9ed96e66850ba5.jpg,powdery_mildew,0,0,0,0,1,0
b9af3382921ae770.jpg,scab,0,1,0,0,0,0
cce6b49073684e9e.jpg,frog_eye_leaf_spot,0,0,1,0,0,0
d89d9ede82743229.jpg,rust,0,0,0,1,0,0
e91ed270d8a5e90b.jpg,scab,0,1,0,0,0,0
bf6cc13e4193e00f.jpg,frog_eye_leaf_spot,0,0,1,0,0,0
858ade6ea27592b8.jpg,scab frog_eye_leaf_spot,0,1,1,0,0,0
f7823f4f7f0a1820.jpg,healthy,1,0,0,0,0,0
a9dcdb6d22b91681.jpg,frog_eye_leaf_spot,0,0,1,0,0,0
af4ab2bcc3082f65.jpg,scab,0,1,0,0,0,0
b6cbe7adc2c4888a.jpg,scab frog_eye_leaf_spot,0,1,1,0,0,0
dd590fad6464acc4.jpg,powdery_mildew,0,0,0,0,1,0
a4b58bd21c55f943.jpg,frog_eye_leaf_spot,0,0,1,0,0,0
a581c59e9ed9cd88.jpg,complex,0,0,0,0,0,1
e511d31b8ce339c5.jpg,complex,0,0,0,0,0,1
bfad21a30cea06ba.jpg,frog_eye_leaf_spot,0,0,1,0,0,0
cd2f1851478fd88b.jpg,complex,0,0,0,0,0,1
9a943ee8d39e8c23.jpg,powdery_mildew,0,0,0,0,1,0
83913a1464ed6b7b.jpg,healthy,1,0,0,0,0,0
f844039df3cc6794.jpg,rust,0,0,0,1,0,0
a5666fca9e1a0ab2.jpg,scab,0,1,0,0,0,0
e2e3f6c006ba825f.jpg,scab,0,1,0,0,0,0
80b3a893ed3a2f3c.jpg,scab,0,1,0,0,0,0
fc36c384dd492acc.jpg,frog_eye_leaf_spot,0,0,1,0,0,0
a8afb596d216d2a8.jpg,healthy,1,0,0,0,0,0
c641ff03ddb0c8c3.jpg,powdery_mildew,0,0,0,0,1,0
c5805a8b4574bbaf.jpg,frog_eye_leaf_spot,0,0,1,0,0,0
a065c2f4ca986fdc.jpg,scab frog_eye_leaf_spot,0,1,1,0,0,0
bc40f9e595320dba.jpg,healthy,1,0,0,0,0,0
a7c2efca8b1b882a.jpg,healthy,1,0,0,0,0,0
dd81d8c781272f27.jpg,scab,0,1,0,0,0,0
adc0d033c3379c3b.jpg,scab,0,1,0,0,0,0
c396c68cf8e138f8.jpg,frog_eye_leaf_spot,0,0,1,0,0,0
c8bd2b702d96a758.jpg,powdery_mildew,0,0,0,0,1,0
e1c064ba8ee5f370.jpg,powdery_mildew,0,0,0,0,1,0
bef898894f2fe420.jpg,scab,0,1,0,0,0,0
fbf0cdbe488b0311.jpg,complex,0,0,0,0,0,1
f0ce702b7d9043b3.jpg,healthy,1,0,0,0,0,0
dbb83a9fc564a481.jpg,healthy,1,0,0,0,0,0
d8e061b74b4c9f68.jpg,rust,0,0,0,1,0,0
ea92cd2573a11ccb.jpg,healthy,1,0,0,0,0,0
a5d392d9536da550.jpg,healthy,1,0,0,0,0,0
f2e385e81fb0985c.jpg,rust,0,0,0,1,0,0
de3ae0695d704599.jpg,rust,0,0,0,1,0,0
fc80c00fdf5e7861.jpg,scab frog_eye_leaf_spot complex,0,1,1,0,0,1
aea503cabc71e18e.jpg,healthy,1,0,0,0,0,0
babbdb400d8a7686.jpg,frog_eye_leaf_spot,0,0,1,0,0,0
a9dc815a27b67626.jpg,scab,0,1,0,0,0,0
c1b70bf0ff01806f.jpg,scab,0,1,0,0,0,0
c2593b3f8d277064.jpg,healthy,1,0,0,0,0,0
b8eec07e05726f50.jpg,rust,0,0,0,1,0,0
af3ba5649680caad.jpg,rust,0,0,0,1,0,0
eeca70a9a115563b.jpg,frog_eye_leaf_spot,0,0,1,0,0,0
fc0fc06d0321bf2b.jpg,complex,0,0,0,0,0,1
c8013cef01e0fb5f.jpg,scab,0,1,0,0,0,0
df6f95982d10a163.jpg,scab,0,1,0,0,0,0
f3e9235b50b0a555.jpg,healthy,1,0,0,0,0,0
c5607681fa072d9f.jpg,frog_eye_leaf_spot,0,0,1,0,0,0
c89a4c8d729b945f.jpg,healthy,1,0,0,0,0,0
b5956a6d24472b0f.jpg,healthy,1,0,0,0,0,0
9e0ee52e2094f0f7.jpg,complex,0,0,0,0,0,1
a3a3c2f498da945b.jpg,healthy,1,0,0,0,0,0
dff9d76ac9800984.jpg,scab,0,1,0,0,0,0
b2cc82c18de93d7a.jpg,rust,0,0,0,1,0,0
aaf897529c4b8d4c.jpg,scab,0,1,0,0,0,0
c140deffbcfe0180.jpg,healthy,1,0,0,0,0,0
8ab0e7d97708718e.jpg,healthy,1,0,0,0,0,0
a4ff469c871cc2d4.jpg,scab frog_eye_leaf_spot complex,0,1,1,0,0,1
ab29d1b5859a17d4.jpg,scab,0,1,0,0,0,0
d28c63da22fa8e33.jpg,complex,0,0,0,0,0,1
86ba2995cd745965.jpg,rust,0,0,0,1,0,0
c2d83e639188fc6b.jpg,scab,0,1,0,0,0,0
9484d4cc615a6f7b.jpg,rust,0,0,0,1,0,0
fc2ef831679b4308.jpg,frog_eye_leaf_spot,0,0,1,0,0,0
e3e28f07441477cd.jpg,powdery_mildew,0,0,0,0,1,0
a2aac183e37515af.jpg,frog_eye_leaf_spot,0,0,1,0,0,0
d88fa00783bd87f1.jpg,scab,0,1,0,0,0,0
d48738d807f8c32f.jpg,rust,0,0,0,1,0,0
b9e062d346f4c0f5.jpg,scab,0,1,0,0,0,0
cf3712db29997809.jpg,rust,0,0,0,1,0,0
e84281bfc9b283bb.jpg,scab,0,1,0,0,0,0
aab0a2879dd2ad56.jpg,frog_eye_leaf_spot,0,0,1,0,0,0
fe1f80c0bcc6515e.jpg,scab,0,1,0,0,0,0
87602507e3fddaa8.jpg,frog_eye_leaf_spot,0,0,1,0,0,0
b096a1d258995bed.jpg,scab,0,1,0,0,0,0
e1d3951dc86d0d36.jpg,healthy,1,0,0,0,0,0
96324466df916a3d.jpg,scab,0,1,0,0,0,0
ecb1c412b0fd1dca.jpg,rust,0,0,0,1,0,0
8258bf3ade20f4f0.jpg,healthy,1,0,0,0,0,0
ceb17445d912dea1.jpg,frog_eye_leaf_spot,0,0,1,0,0,0
d49692d6cba56661.jpg,healthy,1,0,0,0,0,0
d9e88f2d91a6903e.jpg,frog_eye_leaf_spot,0,0,1,0,0,0
c476c9ca6f302793.jpg,healthy,1,0,0,0,0,0
82c3830f3bd2d1db.jpg,powdery_mildew complex,0,0,0,0,1,1
c933888f37b9b813.jpg,healthy,1,0,0,0,0,0
929072e6ce199767.jpg,powdery_mildew,0,0,0,0,1,0
b1246d5b6163ea63.jpg,rust,0,0,0,1,0,0
b1f8c1b12cea7256.jpg,healthy,1,0,0,0,0,0
caca3fd5198148eb.jpg,scab,0,1,0,0,0,0
cf632fe04b4a9649.jpg,scab,0,1,0,0,0,0
9167768d56bc9922.jpg,healthy,1,0,0,0,0,0
a17c9256abb7350a.jpg,powdery_mildew complex,0,0,0,0,1,1
a5dd58ca4aad21b6.jpg,scab,0,1,0,0,0,0
ae78a64db62c92a5.jpg,frog_eye_leaf_spot,0,0,1,0,0,0
e0b6771e0beae901.jpg,healthy,1,0,0,0,0,0
f9fdc8c3a8422719.jpg,healthy,1,0,0,0,0,0
bdb7a801c826d9ae.jpg,healthy,1,0,0,0,0,0
fdf1ca21cf1a4a12.jpg,healthy,1,0,0,0,0,0
a46b50cd233dece2.jpg,healthy,1,0,0,0,0,0
c595de0ab038abd3.jpg,scab,0,1,0,0,0,0
e58655bd36640c5b.jpg,rust,0,0,0,1,0,0
f90ed2271a27f194.jpg,rust,0,0,0,1,0,0
d5e61a986ec3d01d.jpg,healthy,1,0,0,0,0,0
f815179781aeb433.jpg,rust,0,0,0,1,0,0
9584b36c8761fc66.jpg,healthy,1,0,0,0,0,0
c1d03ec86a65ecb6.jpg,frog_eye_leaf_spot,0,0,1,0,0,0
bac25a6ac98e6d15.jpg,frog_eye_leaf_spot,0,0,1,0,0,0
ccbd3fc664198076.jpg,scab,0,1,0,0,0,0
9b3648259a994f6d.jpg,powdery_mildew,0,0,0,0,1,0
ca825e57242a7abd.jpg,rust,0,0,0,1,0,0
aa6bca962d8de161.jpg,frog_eye_leaf_spot,0,0,1,0,0,0
8aa2c8cb981bfa3b.jpg,complex,0,0,0,0,0,1
939760c29c3eb5b8.jpg,complex,0,0,0,0,0,1
cdf698e8803857f1.jpg,scab,0,1,0,0,0,0
e5569673d061b067.jpg,healthy,1,0,0,0,0,0
ad65d0b4d592f491.jpg,healthy,1,0,0,0,0,0
a1c2cbf94c4e0f0f.jpg,rust,0,0,0,1,0,0
dbf6740f89911d21.jpg,rust,0,0,0,1,0,0
b02e92ea96dda21d.jpg,healthy,1,0,0,0,0,0
8b2ca5b9639b5899.jpg,rust,0,0,0,1,0,0
c0b80753d90fe93d.jpg,scab,0,1,0,0,0,0
b543d287db8d981a.jpg,frog_eye_leaf_spot,0,0,1,0,0,0
d881fa0ed9c833dc.jpg,complex,0,0,0,0,0,1
aab795904ac6e54d.jpg,healthy,1,0,0,0,0,0
e5fd9a89ce92a092.jpg,frog_eye_leaf_spot,0,0,1,0,0,0
95f569ca0d826dd1.jpg,scab,0,1,0,0,0,0
92e8c955cc7d6c4c.jpg,healthy,1,0,0,0,0,0
d4346b596349d3d4.jpg,rust,0,0,0,1,0,0
87a787abf451224b.jpg,healthy,1,0,0,0,0,0
fd13a02043ffd546.jpg,scab,0,1,0,0,0,0
e18f47cfb5a4a444.jpg,complex,0,0,0,0,0,1
e41b46794bc3f08e.jpg,frog_eye_leaf_spot,0,0,1,0,0,0
d3d736c030349dbc.jpg,scab,0,1,0,0,0,0
f5b7c20f43016b95.jpg,scab,0,1,0,0,0,0
c7b2bcccb04b5ac4.jpg,frog_eye_leaf_spot,0,0,1,0,0,0
b98991366c37073b.jpg,frog_eye_leaf_spot,0,0,1,0,0,0
8f236f8637419e29.jpg,healthy,1,0,0,0,0,0
a44c9e4db572598b.jpg,healthy,1,0,0,0,0,0
fed4966a684d0696.jpg,complex,0,0,0,0,0,1
e38f9438127e19cb.jpg,frog_eye_leaf_spot,0,0,1,0,0,0
f0824a7f5e3d15e0.jpg,frog_eye_leaf_spot,0,0,1,0,0,0
958e186f17977261.jpg,powdery_mildew,0,0,0,0,1,0
f3349f718a23249e.jpg,scab frog_eye_leaf_spot,0,1,1,0,0,0
caa774ba95f08895.jpg,complex,0,0,0,0,0,1
b7a7714d55b94b00.jpg,scab,0,1,0,0,0,0
ab54af5a9c2a5872.jpg,complex,0,0,0,0,0,1
8cf2ee38c423d837.jpg,scab,0,1,0,0,0,0
da006f888f337c8f.jpg,powdery_mildew,0,0,0,0,1,0
b46eda93e8191569.jpg,scab frog_eye_leaf_spot,0,1,1,0,0,0
8a97154acbaadd52.jpg,scab,0,1,0,0,0,0
b0dae5b54d186d70.jpg,scab frog_eye_leaf_spot,0,1,1,0,0,0
95f66940b6d6aac1.jpg,frog_eye_leaf_spot,0,0,1,0,0,0
d0c09d9e21eb6367.jpg,healthy,1,0,0,0,0,0
94d6752b4e6c542d.jpg,frog_eye_leaf_spot,0,0,1,0,0,0
83e7f58c947c4728.jpg,frog_eye_leaf_spot,0,0,1,0,0,0
deab6c70f422cc31.jpg,rust complex,0,0,0,1,0,1
d578edc09203cbc7.jpg,healthy,1,0,0,0,0,0
ea4bc3e536bf0218.jpg,scab frog_eye_leaf_spot,0,1,1,0,0,0
afd21294da4a55cd.jpg,scab frog_eye_leaf_spot,0,1,1,0,0,0
80ffcfe49bc0a6a0.jpg,frog_eye_leaf_spot,0,0,1,0,0,0
f05a9a745b4d4875.jpg,rust frog_eye_leaf_spot,0,0,1,1,0,0
cd1d4288f755f22a.jpg,scab,0,1,0,0,0,0
b0b6d3d3c8d32d88.jpg,frog_eye_leaf_spot,0,0,1,0,0,0
d8b6c53b38833336.jpg,frog_eye_leaf_spot,0,0,1,0,0,0
dee02a8660de357c.jpg,frog_eye_leaf_spot,0,0,1,0,0,0
fb3ec3ca2e0964b0.jpg,healthy,1,0,0,0,0,0
a186c6d87a212fcf.jpg,scab,0,1,0,0,0,0
fff080b2c394cf48.jpg,rust,0,0,0,1,0,0
a80ec3b487507beb.jpg,rust,0,0,0,1,0,0
e003c0b7c1ef2f2e.jpg,scab,0,1,0,0,0,0
9a9f2e6003cb976c.jpg,rust,0,0,0,1,0,0
f037c831ecf2648b.jpg,scab,0,1,0,0,0,0
a4d1cecd9838b273.jpg,complex,0,0,0,0,0,1
88f0d0d5de89b5c5.jpg,healthy,1,0,0,0,0,0
a0b5b556962b93a9.jpg,frog_eye_leaf_spot,0,0,1,0,0,0
ad8ca8a57595cf90.jpg,scab,0,1,0,0,0,0
e17bd2c0c99e0dca.jpg,scab,0,1,0,0,0,0
cac3e5e619f43807.jpg,powdery_mildew,0,0,0,0,1,0
fcaa8b0fd8193564.jpg,complex,0,0,0,0,0,1
c1eccc9d346a3726.jpg,powdery_mildew,0,0,0,0,1,0
a1cec1de0bc37c07.jpg,complex,0,0,0,0,0,1
b9c4949bc0d24f8f.jpg,scab frog_eye_leaf_spot,0,1,1,0,0,0
ccc83bf8cd073c98.jpg,powdery_mildew,0,0,0,0,1,0
e182d549767b3658.jpg,powdery_mildew,0,0,0,0,1,0
aad22b53532a59e9.jpg,scab,0,1,0,0,0,0
eaa9138b03edc336.jpg,healthy,1,0,0,0,0,0
c7453b8f41351be2.jpg,powdery_mildew,0,0,0,0,1,0
aa6c97a8d54205df.jpg,healthy,1,0,0,0,0,0
959f6a48cf2c8be0.jpg,scab,0,1,0,0,0,0
82bbf6da10e42d2d.jpg,scab,0,1,0,0,0,0
895f64725dcc3cb0.jpg,healthy,1,0,0,0,0,0
fae4d6958872d813.jpg,scab,0,1,0,0,0,0
ad69d5918dd20baa.jpg,healthy,1,0,0,0,0,0
96c646c7c93be033.jpg,complex,0,0,0,0,0,1
c6dcb9088d974f16.jpg,scab,0,1,0,0,0,0
d3496356815ea1de.jpg,scab,0,1,0,0,0,0
d5f356c26b0c31cc.jpg,rust,0,0,0,1,0,0
bed0faf460c449a5.jpg,rust,0,0,0,1,0,0
ddcc1586987d7017.jpg,frog_eye_leaf_spot,0,0,1,0,0,0
b087534e87f0e4b9.jpg,frog_eye_leaf_spot,0,0,1,0,0,0
8ec7e5321f0b48ae.jpg,complex,0,0,0,0,0,1
a9e067a55e7a862a.jpg,scab,0,1,0,0,0,0
9e916a3b21bf01b5.jpg,scab,0,1,0,0,0,0
817c36d1603f75b2.jpg,complex,0,0,0,0,0,1
e5834f0c1074bf9b.jpg,complex,0,0,0,0,0,1
ad17c993cd30c61d.jpg,rust,0,0,0,1,0,0
aab096b7030ae3f9.jpg,complex,0,0,0,0,0,1
a14d9525d2b5f83a.jpg,scab frog_eye_leaf_spot,0,1,1,0,0,0
9c51b58bc1e0699f.jpg,frog_eye_leaf_spot,0,0,1,0,0,0
d8e06ac4bf4f5115.jpg,frog_eye_leaf_spot complex,0,0,1,0,0,1
8e6e6591da299c47.jpg,rust,0,0,0,1,0,0
ebd19f9c549a12d0.jpg,rust,0,0,0,1,0,0
a5d0d6689ee59c8c.jpg,healthy,1,0,0,0,0,0
870963e53fb5e023.jpg,healthy,1,0,0,0,0,0
a29ab6629a8196bf.jpg,scab,0,1,0,0,0,0
9aa3243396871eed.jpg,scab,0,1,0,0,0,0
a37bd4a0d8d67648.jpg,rust,0,0,0,1,0,0
e59e94b8c813b873.jpg,healthy,1,0,0,0,0,0
ea99c53b6e58e0c8.jpg,healthy,1,0,0,0,0,0
fe32c8cb412aac5e.jpg,healthy,1,0,0,0,0,0
ab89d542c8cb2dc7.jpg,healthy,1,0,0,0,0,0
812b87c3326c97bb.jpg,rust,0,0,0,1,0,0
83f00b3aafcab28b.jpg,powdery_mildew,0,0,0,0,1,0
cea4b5c20b839f0f.jpg,scab,0,1,0,0,0,0
fe9905220171e3fe.jpg,frog_eye_leaf_spot,0,0,1,0,0,0
febb92314d415c45.jpg,scab,0,1,0,0,0,0
d2533a4bb0ae15bc.jpg,scab,0,1,0,0,0,0
ad8ad1d20aef544e.jpg,healthy,1,0,0,0,0,0
c282f061e9ec5e9e.jpg,rust,0,0,0,1,0,0
85ae9513bb62313d.jpg,rust,0,0,0,1,0,0
d6427a97631b27a8.jpg,complex,0,0,0,0,0,1
da96a68b29893c3e.jpg,frog_eye_leaf_spot,0,0,1,0,0,0
81c0edfce2eab701.jpg,frog_eye_leaf_spot,0,0,1,0,0,0
ebada05b1d8588da.jpg,powdery_mildew,0,0,0,0,1,0
d6a774b7b2d09290.jpg,frog_eye_leaf_spot,0,0,1,0,0,0
d4b02e7b27151759.jpg,rust,0,0,0,1,0,0
cb8609152fdcf651.jpg,healthy,1,0,0,0,0,0
afac71d04350cf59.jpg,scab,0,1,0,0,0,0
8abd9215c1632d3f.jpg,frog_eye_leaf_spot,0,0,1,0,0,0
a54dc86fe63289d1.jpg,scab,0,1,0,0,0,0
a4977f2157550f0c.jpg,scab,0,1,0,0,0,0
f1fb18e018dcb964.jpg,healthy,1,0,0,0,0,0
97cb55ea1a31acb0.jpg,healthy,1,0,0,0,0,0
ac83305fc7412f3e.jpg,scab,0,1,0,0,0,0
c63f4035e51f7027.jpg,healthy,1,0,0,0,0,0
a2a9e296d9da3d48.jpg,frog_eye_leaf_spot,0,0,1,0,0,0
d02a31ff24fba603.jpg,powdery_mildew,0,0,0,0,1,0
c22ec0e68ef6b616.jpg,rust,0,0,0,1,0,0
c2528bb131c1f7cd.jpg,healthy,1,0,0,0,0,0
b866cb37446165c7.jpg,scab,0,1,0,0,0,0
c0e0f81e9f1eaf03.jpg,powdery_mildew,0,0,0,0,1,0
e1f8e272960b5a8d.jpg,scab,0,1,0,0,0,0
fffc94e092a59086.jpg,rust,0,0,0,1,0,0
c0dbcdd3b8ecd030.jpg,scab,0,1,0,0,0,0
a159c0d37fca6a2a.jpg,frog_eye_leaf_spot,0,0,1,0,0,0
adc33b278cb82da4.jpg,powdery_mildew,0,0,0,0,1,0
c0f8ece8af02cb0f.jpg,complex,0,0,0,0,0,1
a0a62786d07b6bb9.jpg,frog_eye_leaf_spot complex,0,0,1,0,0,1
a83a9d788ae57896.jpg,healthy,1,0,0,0,0,0
e02f87d268b402ff.jpg,healthy,1,0,0,0,0,0
cf508fc79ecf1801.jpg,healthy,1,0,0,0,0,0
85bc1ec16d5e444f.jpg,scab frog_eye_leaf_spot,0,1,1,0,0,0
aa889b998ad1f8e6.jpg,rust frog_eye_leaf_spot,0,0,1,1,0,0
d03db9f50dd0435c.jpg,powdery_mildew,0,0,0,0,1,0
c3d0e29e4e0e7a69.jpg,scab,0,1,0,0,0,0
b4bb49412c83f8de.jpg,healthy,1,0,0,0,0,0
b4ff21c89b09cd4c.jpg,complex,0,0,0,0,0,1
bcfd90636aa2658a.jpg,healthy,1,0,0,0,0,0
e0cd96d84bb2eb42.jpg,healthy,1,0,0,0,0,0
abb6922c108f978f.jpg,rust,0,0,0,1,0,0
b6d6db20e206998f.jpg,frog_eye_leaf_spot,0,0,1,0,0,0
f4cac18decac7298.jpg,frog_eye_leaf_spot,0,0,1,0,0,0
c3b56abdbd089660.jpg,frog_eye_leaf_spot,0,0,1,0,0,0
e1ac996d0bb364d1.jpg,complex,0,0,0,0,0,1
f5d2907912213f4f.jpg,rust,0,0,0,1,0,0
f8b6c08387c707ce.jpg,complex,0,0,0,0,0,1
8e716de49c19e12d.jpg,scab,0,1,0,0,0,0
a6d6666a80cd0ebe.jpg,scab frog_eye_leaf_spot,0,1,1,0,0,0
a0281d97c3dadcab.jpg,scab frog_eye_leaf_spot,0,1,1,0,0,0
c3bacd372c2312cb.jpg,complex,0,0,0,0,0,1
a189946c46f4dbf8.jpg,frog_eye_leaf_spot,0,0,1,0,0,0
efe282ba4ba8c13a.jpg,frog_eye_leaf_spot,0,0,1,0,0,0
bd8ed6d4fa680161.jpg,scab frog_eye_leaf_spot complex,0,1,1,0,0,1
d55a38c9e61dd628.jpg,healthy,1,0,0,0,0,0
9d143f83d82b4676.jpg,rust complex,0,0,0,1,0,1
84692433b7d72576.jpg,healthy,1,0,0,0,0,0
d83f10c2937afe09.jpg,complex,0,0,0,0,0,1
fca495f43f00e499.jpg,complex,0,0,0,0,0,1
a9c596c9a065d4f6.jpg,scab,0,1,0,0,0,0
fdaca0609a42b677.jpg,complex,0,0,0,0,0,1
c09f21a433bf3758.jpg,healthy,1,0,0,0,0,0
eb54e725c81f0d19.jpg,healthy,1,0,0,0,0,0
caedc0c08afba4e9.jpg,scab,0,1,0,0,0,0
f8e800070ffe465f.jpg,healthy,1,0,0,0,0,0
848d9f9e82d18e5e.jpg,rust,0,0,0,1,0,0
887a37518ad4cd6d.jpg,rust,0,0,0,1,0,0
f58390dfa8dda484.jpg,complex,0,0,0,0,0,1
94f3be132f07818b.jpg,powdery_mildew,0,0,0,0,1,0
ee97c677a8233822.jpg,scab,0,1,0,0,0,0
f8e1c1b7b324b590.jpg,frog_eye_leaf_spot,0,0,1,0,0,0
8db533ff4e5080a9.jpg,scab,0,1,0,0,0,0
f39e92bd85c70149.jpg,scab,0,1,0,0,0,0
b5d64b45376069e1.jpg,frog_eye_leaf_spot,0,0,1,0,0,0
a8ef34d3b0f14370.jpg,healthy,1,0,0,0,0,0
809795d79fc0991d.jpg,scab,0,1,0,0,0,0
9e74e0ca1f6b5286.jpg,scab,0,1,0,0,0,0
cdec8ff00673cc88.jpg,scab,0,1,0,0,0,0
a0d6c2fa5a9029fb.jpg,rust,0,0,0,1,0,0
c0ac83d7b40b9ed5.jpg,healthy,1,0,0,0,0,0
f7450b96ec49823b.jpg,powdery_mildew,0,0,0,0,1,0
b8260b177cd93789.jpg,healthy,1,0,0,0,0,0
b495d297a54b4aa6.jpg,healthy,1,0,0,0,0,0
b99380f686a69e53.jpg,frog_eye_leaf_spot,0,0,1,0,0,0
ba69ca62cda494ad.jpg,healthy,1,0,0,0,0,0
df0f2ac26509656d.jpg,rust,0,0,0,1,0,0
c5d73e82da2e2750.jpg,rust,0,0,0,1,0,0
8f926bd0150d5dcd.jpg,scab,0,1,0,0,0,0
f8d5527b8f0200fe.jpg,healthy,1,0,0,0,0,0
afa883310e3774ba.jpg,scab,0,1,0,0,0,0
eb9c743e8a8b4315.jpg,scab,0,1,0,0,0,0
a5d82052b5abdf23.jpg,rust,0,0,0,1,0,0
8bfa2552751e70c9.jpg,scab,0,1,0,0,0,0
e5b1c58108df6e78.jpg,scab,0,1,0,0,0,0
ea71872d3ac718d2.jpg,frog_eye_leaf_spot,0,0,1,0,0,0
a0a2c5d64f6cfa68.jpg,healthy,1,0,0,0,0,0
e89f82785f091de1.jpg,complex,0,0,0,0,0,1
9552b13f9bba5920.jpg,scab,0,1,0,0,0,0
c18bb8ee90f609ec.jpg,scab,0,1,0,0,0,0
cba838c9c96db331.jpg,rust,0,0,0,1,0,0
cc612ed9e5107f19.jpg,rust frog_eye_leaf_spot,0,0,1,1,0,0
c02d627b97976551.jpg,rust,0,0,0,1,0,0
a559c8604ef2787b.jpg,frog_eye_leaf_spot,0,0,1,0,0,0
e5f5c6cf9f282030.jpg,frog_eye_leaf_spot,0,0,1,0,0,0
a4dfd41d2892b563.jpg,frog_eye_leaf_spot,0,0,1,0,0,0
c93636c9b636ac13.jpg,healthy,1,0,0,0,0,0
a8f1950e33aacb65.jpg,complex,0,0,0,0,0,1
c4bacf90a979344b.jpg,healthy,1,0,0,0,0,0
bded92e80d4f6118.jpg,scab,0,1,0,0,0,0
d2149a9ee9592eb1.jpg,healthy,1,0,0,0,0,0
c5fb6393f1173012.jpg,frog_eye_leaf_spot,0,0,1,0,0,0
c0f4e8870cdcaff0.jpg,scab,0,1,0,0,0,0
8219aa662e8fd59d.jpg,rust,0,0,0,1,0,0
dc9174bd07b482ea.jpg,healthy,1,0,0,0,0,0
bfa2d0bad0d22959.jpg,frog_eye_leaf_spot,0,0,1,0,0,0
a5ab5f961e1a7031.jpg,healthy,1,0,0,0,0,0
f299a1e1e9c6154b.jpg,complex,0,0,0,0,0,1
caf673b1f4b25410.jpg,scab,0,1,0,0,0,0
adce1acf885c7514.jpg,complex,0,0,0,0,0,1
dfc260433c1774b6.jpg,scab frog_eye_leaf_spot,0,1,1,0,0,0
c0bc3524af35762e.jpg,scab,0,1,0,0,0,0
b9f8d5c0d5c0864f.jpg,healthy,1,0,0,0,0,0
d4a437e742ba8d58.jpg,rust,0,0,0,1,0,0
ade5c9e5c14bd206.jpg,rust frog_eye_leaf_spot,0,0,1,1,0,0
b91b3191e2654ee6.jpg,rust,0,0,0,1,0,0
f41e96fd081b3519.jpg,scab,0,1,0,0,0,0
f09047534b76db29.jpg,scab frog_eye_leaf_spot,0,1,1,0,0,0
d920c19f9fbc70a2.jpg,frog_eye_leaf_spot,0,0,1,0,0,0
9485dfd2c1376338.jpg,frog_eye_leaf_spot,0,0,1,0,0,0
ffa0ad0756929391.jpg,rust,0,0,0,1,0,0
a52794630a8feb1e.jpg,healthy,1,0,0,0,0,0
af1232bbf01a43b9.jpg,rust,0,0,0,1,0,0
fce486fe3a202f24.jpg,frog_eye_leaf_spot,0,0,1,0,0,0
a55e25ca428ffc52.jpg,frog_eye_leaf_spot,0,0,1,0,0,0
fa952bc48883377a.jpg,healthy,1,0,0,0,0,0
a00fe0be0738af7c.jpg,frog_eye_leaf_spot,0,0,1,0,0,0
c11762ca9e073e3b.jpg,scab,0,1,0,0,0,0
d036689b16a6ec6d.jpg,powdery_mildew,0,0,0,0,1,0
8919a918a77ad5bc.jpg,frog_eye_leaf_spot,0,0,1,0,0,0
dd0a33c5c636c2e3.jpg,powdery_mildew,0,0,0,0,1,0
a89ad214cbada5ea.jpg,healthy,1,0,0,0,0,0
d01ec7c269c723f1.jpg,rust,0,0,0,1,0,0
c395a195e171b369.jpg,rust,0,0,0,1,0,0
a86987570f9f6446.jpg,scab,0,1,0,0,0,0
f392f11919991cea.jpg,scab,0,1,0,0,0,0
b4c0c0b7cdd0b4f9.jpg,healthy,1,0,0,0,0,0
de9073918753f438.jpg,powdery_mildew,0,0,0,0,1,0
a8962a4dc29f75a5.jpg,powdery_mildew,0,0,0,0,1,0
819d7d91a7f81664.jpg,frog_eye_leaf_spot,0,0,1,0,0,0
be94326049a979ed.jpg,powdery_mildew,0,0,0,0,1,0
8a0be55d81f4bf0c.jpg,healthy,1,0,0,0,0,0
80cf78c9370bf22e.jpg,scab,0,1,0,0,0,0
98901078eb81b7ff.jpg,rust,0,0,0,1,0,0
add6524ac9ad4a17.jpg,healthy,1,0,0,0,0,0
b5e9596461761695.jpg,scab,0,1,0,0,0,0
bd2bd4e8c9e025ca.jpg,scab,0,1,0,0,0,0
c9eda1909292b3de.jpg,scab,0,1,0,0,0,0
ea942fcf17ec8026.jpg,healthy,1,0,0,0,0,0
90403dfe783db658.jpg,complex,0,0,0,0,0,1
d4c367739964b80e.jpg,scab frog_eye_leaf_spot,0,1,1,0,0,0
c03bdca03fa4d275.jpg,scab,0,1,0,0,0,0
b93dc3b0c496368b.jpg,frog_eye_leaf_spot,0,0,1,0,0,0
e10132bfe90a58ef.jpg,frog_eye_leaf_spot,0,0,1,0,0,0
9a6792be9da2b414.jpg,healthy,1,0,0,0,0,0
fa28d49a096e3be1.jpg,healthy,1,0,0,0,0,0
fcc7a41ec2b013e9.jpg,healthy,1,0,0,0,0,0
b5daccc08a49e4f3.jpg,scab,0,1,0,0,0,0
8f2acfec7cc230c1.jpg,healthy,1,0,0,0,0,0
cb927f8cc06cd952.jpg,complex,0,0,0,0,0,1
d2921353f5683c3e.jpg,scab,0,1,0,0,0,0
b281d20a4f376fd2.jpg,rust,0,0,0,1,0,0
efc074d79efd0020.jpg,complex,0,0,0,0,0,1
b82dd8a68596dc4b.jpg,rust,0,0,0,1,0,0
a0105f6573dba19d.jpg,rust,0,0,0,1,0,0
875c92dbc8a17de0.jpg,scab,0,1,0,0,0,0
c59b650df607e518.jpg,healthy,1,0,0,0,0,0
93b279596c0aa6ad.jpg,frog_eye_leaf_spot,0,0,1,0,0,0
b2fed0ea688e2c52.jpg,complex,0,0,0,0,0,1
9354019c9a33eeb7.jpg,scab,0,1,0,0,0,0
a483da9e316f7807.jpg,healthy,1,0,0,0,0,0
eae891ad829707ba.jpg,scab,0,1,0,0,0,0
b40b87834a4fdb2e.jpg,healthy,1,0,0,0,0,0
bfb0d091ccb6c43a.jpg,frog_eye_leaf_spot,0,0,1,0,0,0
ad9af021c07f8d5a.jpg,scab,0,1,0,0,0,0
b8bb1992da2517e4.jpg,scab,0,1,0,0,0,0
c52c1a7265f13d8e.jpg,healthy,1,0,0,0,0,0
beeeeac9093b60a0.jpg,powdery_mildew,0,0,0,0,1,0
b918d330cfd1e760.jpg,rust,0,0,0,1,0,0
daf741b29ab129b0.jpg,frog_eye_leaf_spot,0,0,1,0,0,0
9ad42c4b87774762.jpg,scab,0,1,0,0,0,0
88e02dc340bee2ff.jpg,healthy,1,0,0,0,0,0
becbc0630d519e33.jpg,frog_eye_leaf_spot,0,0,1,0,0,0
85e7c7ef8a0095b2.jpg,healthy,1,0,0,0,0,0
9676c39f14a9016f.jpg,rust,0,0,0,1,0,0
85e9aa974552ec53.jpg,scab frog_eye_leaf_spot,0,1,1,0,0,0
f0864f45c8fed0e1.jpg,frog_eye_leaf_spot,0,0,1,0,0,0
ffe1c181c097c41f.jpg,frog_eye_leaf_spot,0,0,1,0,0,0
f164536fbb74102a.jpg,frog_eye_leaf_spot,0,0,1,0,0,0
ef0bb580d07978e1.jpg,scab,0,1,0,0,0,0
fa99019da22ee167.jpg,scab,0,1,0,0,0,0
d5183f837846ef60.jpg,healthy,1,0,0,0,0,0
c8e16b710a1e63fc.jpg,powdery_mildew,0,0,0,0,1,0
a5ea31d64934d8e9.jpg,healthy,1,0,0,0,0,0
ddbc6d4b3a58a2c0.jpg,powdery_mildew,0,0,0,0,1,0
a5d59aad5916b28a.jpg,frog_eye_leaf_spot,0,0,1,0,0,0
fc218587788f2b1e.jpg,healthy,1,0,0,0,0,0
bca84c8f9e1ceb48.jpg,scab frog_eye_leaf_spot,0,1,1,0,0,0
dfd32a5a09cec5c0.jpg,scab,0,1,0,0,0,0
b1d594484ef3d196.jpg,complex,0,0,0,0,0,1
e99590ef2257a274.jpg,complex,0,0,0,0,0,1
bc4add3c48295375.jpg,healthy,1,0,0,0,0,0
fdf586c0c063199d.jpg,healthy,1,0,0,0,0,0
d2cf7ab25023870f.jpg,scab,0,1,0,0,0,0
c3e3b09d983d381d.jpg,scab frog_eye_leaf_spot,0,1,1,0,0,0
8ddd5ec1c0de38c4.jpg,healthy,1,0,0,0,0,0
c0f3479e9c333323.jpg,frog_eye_leaf_spot,0,0,1,0,0,0
ae40b40ade35ed71.jpg,rust,0,0,0,1,0,0
d88fea7a12ab44b4.jpg,rust,0,0,0,1,0,0
ad6bb504b2d742ca.jpg,scab,0,1,0,0,0,0
aaa195d2d38a4b9d.jpg,healthy,1,0,0,0,0,0
f69f9a2c0d8c3c16.jpg,scab,0,1,0,0,0,0
b527f2640fcd181e.jpg,healthy,1,0,0,0,0,0
ff91c6f060bb3109.jpg,complex,0,0,0,0,0,1
882d092f9f76f9a0.jpg,scab,0,1,0,0,0,0
f84e938d9e1d50aa.jpg,healthy,1,0,0,0,0,0
f5cb4a7832e1a13c.jpg,rust,0,0,0,1,0,0
8dc98fc12935372d.jpg,healthy,1,0,0,0,0,0
d8a19d97e26158dc.jpg,rust,0,0,0,1,0,0
e029d0c76e2f9e0e.jpg,frog_eye_leaf_spot,0,0,1,0,0,0
a1d7c0c9271e3bd8.jpg,healthy,1,0,0,0,0,0
aa5442c9da6ab93b.jpg,healthy,1,0,0,0,0,0
909310fe6fa88bd9.jpg,scab,0,1,0,0,0,0
ab46cb94089bb43f.jpg,healthy,1,0,0,0,0,0
82a51a4b035f35fe.jpg,rust,0,0,0,1,0,0
a5d40b85ca9dda4d.jpg,frog_eye_leaf_spot,0,0,1,0,0,0
aa7b76cd030b2387.jpg,scab,0,1,0,0,0,0
e8d5975c822aae2d.jpg,healthy,1,0,0,0,0,0
d9ca4dc27645ce15.jpg,healthy,1,0,0,0,0,0
8e6a823cce9ff40c.jpg,healthy,1,0,0,0,0,0
9dda402577d1c8da.jpg,rust,0,0,0,1,0,0
e8e5c38f8f18a05d.jpg,frog_eye_leaf_spot complex,0,0,1,0,0,1
b5865e13f9a0bc07.jpg,rust,0,0,0,1,0,0
8f3bc0f76281e662.jpg,scab,0,1,0,0,0,0
a594161cf1fa7a83.jpg,frog_eye_leaf_spot,0,0,1,0,0,0
9d4179607cb5cd25.jpg,scab,0,1,0,0,0,0
96c03bfc8f8d60a3.jpg,powdery_mildew,0,0,0,0,1,0
f4f03ec0d2d085b7.jpg,healthy,1,0,0,0,0,0
b0dbdb61bc663092.jpg,scab,0,1,0,0,0,0
cdd2061e3e25ccf8.jpg,complex,0,0,0,0,0,1
9a5f6acd4d2045b6.jpg,scab,0,1,0,0,0,0
c2b1aa975047d7f0.jpg,frog_eye_leaf_spot,0,0,1,0,0,0
bfa0b288de70a5c9.jpg,healthy,1,0,0,0,0,0
a5a4d24afafd20b8.jpg,scab,0,1,0,0,0,0
fdbea80e940c8b63.jpg,frog_eye_leaf_spot complex,0,0,1,0,0,1
cfb49f159454b04b.jpg,scab,0,1,0,0,0,0
92d26ba7250b746d.jpg,frog_eye_leaf_spot,0,0,1,0,0,0
b09f1ffd48488786.jpg,frog_eye_leaf_spot complex,0,0,1,0,0,1
96b14bd8d361694b.jpg,healthy,1,0,0,0,0,0
e0e4ddb51df21c90.jpg,complex,0,0,0,0,0,1
ddf1211e98b22f0e.jpg,powdery_mildew,0,0,0,0,1,0
afbe5641896d522a.jpg,scab,0,1,0,0,0,0
d9a0b69d88d7c2e4.jpg,scab,0,1,0,0,0,0
8b55cc9b6815ed23.jpg,scab,0,1,0,0,0,0
8c93719d9d89c9e4.jpg,scab,0,1,0,0,0,0
9aaf6327879458a5.jpg,scab,0,1,0,0,0,0
979e0292c95bc56d.jpg,healthy,1,0,0,0,0,0
b47ad9b3291b3321.jpg,scab frog_eye_leaf_spot,0,1,1,0,0,0
d007233d89f3eaf0.jpg,healthy,1,0,0,0,0,0
99fa7cc040af093f.jpg,frog_eye_leaf_spot,0,0,1,0,0,0
b1c797ef10acd190.jpg,rust,0,0,0,1,0,0
a09ca7d09fc3ad23.jpg,scab,0,1,0,0,0,0
e07e8ac566932cc7.jpg,rust,0,0,0,1,0,0
a8e1bc575f2b0155.jpg,scab,0,1,0,0,0,0
afb2de2e49cd10c4.jpg,healthy,1,0,0,0,0,0
cd3f349dc066c439.jpg,frog_eye_leaf_spot,0,0,1,0,0,0
9220679eb67dca52.jpg,healthy,1,0,0,0,0,0
85a2d29499caf8eb.jpg,frog_eye_leaf_spot,0,0,1,0,0,0
a48c97d6b0933af1.jpg,complex,0,0,0,0,0,1
f42f92438f8349da.jpg,healthy,1,0,0,0,0,0
be556942de260aad.jpg,rust,0,0,0,1,0,0
c4c73e64c71ed843.jpg,powdery_mildew,0,0,0,0,1,0
ed1405bd27f1e321.jpg,healthy,1,0,0,0,0,0
d862f937c7d03720.jpg,healthy,1,0,0,0,0,0
c03fe6a582c2369f.jpg,scab,0,1,0,0,0,0
eca06e87963141fd.jpg,healthy,1,0,0,0,0,0
92cf6f6c4492ed41.jpg,rust,0,0,0,1,0,0
8a6aa690e59795ab.jpg,scab,0,1,0,0,0,0
f0acc1c8e903e0ff.jpg,scab frog_eye_leaf_spot,0,1,1,0,0,0
b4c8d08f0f167cd3.jpg,healthy,1,0,0,0,0,0
f2f80752d53f1d40.jpg,frog_eye_leaf_spot,0,0,1,0,0,0
98b875c816b5f45a.jpg,scab,0,1,0,0,0,0
e1e422dd525277ac.jpg,powdery_mildew complex,0,0,0,0,1,1
d6f5a092758d2a56.jpg,frog_eye_leaf_spot,0,0,1,0,0,0
b5a6c61bab4831ba.jpg,healthy,1,0,0,0,0,0
922f2e971e9219e9.jpg,scab,0,1,0,0,0,0
8dae451c1c69aad7.jpg,scab,0,1,0,0,0,0
949f67652a8a4a7a.jpg,healthy,1,0,0,0,0,0
e4e81a68cb56e3b4.jpg,rust,0,0,0,1,0,0
a5e170e283c3afc9.jpg,healthy,1,0,0,0,0,0
de0429fba069f2b2.jpg,frog_eye_leaf_spot,0,0,1,0,0,0
82dc2fe996bd420b.jpg,healthy,1,0,0,0,0,0
ac7192cb8ba5e1cc.jpg,frog_eye_leaf_spot complex,0,0,1,0,0,1
a9e1d0f4998c5a9d.jpg,frog_eye_leaf_spot,0,0,1,0,0,0
87a7d1d8e4d65254.jpg,healthy,1,0,0,0,0,0
91d981e7c95ebc84.jpg,scab frog_eye_leaf_spot,0,1,1,0,0,0
fe339ee1038c07ac.jpg,healthy,1,0,0,0,0,0
e817d5705889c8fd.jpg,healthy,1,0,0,0,0,0
cdbc6ff8d9111812.jpg,frog_eye_leaf_spot,0,0,1,0,0,0
e18398b9716967e8.jpg,frog_eye_leaf_spot,0,0,1,0,0,0
d261358fe65919b4.jpg,frog_eye_leaf_spot,0,0,1,0,0,0
af31d6b348d32549.jpg,healthy,1,0,0,0,0,0
a99f81cdcf64ae10.jpg,rust,0,0,0,1,0,0
af10cacb6987529b.jpg,scab,0,1,0,0,0,0
eb03d0bb98d5d0e4.jpg,scab,0,1,0,0,0,0
f0e1f322875a853e.jpg,complex,0,0,0,0,0,1
e8f09fbb802035b7.jpg,complex,0,0,0,0,0,1
95cb4b75ad1d842a.jpg,complex,0,0,0,0,0,1
93ada7da8c9c905a.jpg,complex,0,0,0,0,0,1
f5bb9c11caca096a.jpg,scab,0,1,0,0,0,0
f99c193e0a0ce3e5.jpg,healthy,1,0,0,0,0,0
9d318966ec376b50.jpg,rust frog_eye_leaf_spot,0,0,1,1,0,0
c6d037f5c4c5650b.jpg,scab,0,1,0,0,0,0
9ad0614f1f1d2e3a.jpg,complex,0,0,0,0,0,1
f09c8fe11d83223f.jpg,complex,0,0,0,0,0,1
d7d910442f97d856.jpg,frog_eye_leaf_spot,0,0,1,0,0,0
a9be83c26a4e9587.jpg,complex,0,0,0,0,0,1
99e945626073b7c5.jpg,scab,0,1,0,0,0,0
a96a2fe6c583243d.jpg,scab,0,1,0,0,0,0
ddca2303c383d9b9.jpg,powdery_mildew,0,0,0,0,1,0
d6b0c94a41bdaea3.jpg,frog_eye_leaf_spot,0,0,1,0,0,0
bfbbbb8b830a4045.jpg,healthy,1,0,0,0,0,0
bd9a85bac028c6fa.jpg,rust,0,0,0,1,0,0
aa1d1d8132c7979e.jpg,rust,0,0,0,1,0,0
dfffc21494b8b090.jpg,scab,0,1,0,0,0,0
b5bbcac9588d7034.jpg,scab,0,1,0,0,0,0
c08f2cb8beb8389d.jpg,powdery_mildew,0,0,0,0,1,0
d7db95a98fe02860.jpg,healthy,1,0,0,0,0,0
baa766ce84ac158b.jpg,frog_eye_leaf_spot,0,0,1,0,0,0
a80785e0de8774b7.jpg,healthy,1,0,0,0,0,0
dfc468fe45022ca7.jpg,frog_eye_leaf_spot,0,0,1,0,0,0
d6870090fd929f9d.jpg,frog_eye_leaf_spot,0,0,1,0,0,0
f5b0e3c0af8c4b1a.jpg,scab,0,1,0,0,0,0
8be12f01aff65485.jpg,frog_eye_leaf_spot,0,0,1,0,0,0
bba49317683af03a.jpg,powdery_mildew,0,0,0,0,1,0
a5e1940b5e2fd592.jpg,scab frog_eye_leaf_spot,0,1,1,0,0,0
80d76587b00f9d5e.jpg,scab frog_eye_leaf_spot,0,1,1,0,0,0
edf585af80c8aa0e.jpg,healthy,1,0,0,0,0,0
f8b318639e4ab156.jpg,scab,0,1,0,0,0,0
ce2bb63170c835dc.jpg,healthy,1,0,0,0,0,0
a0a182f1cf1c579f.jpg,frog_eye_leaf_spot,0,0,1,0,0,0
a484c1ca4bfdad2d.jpg,healthy,1,0,0,0,0,0
c9976a90d56928db.jpg,frog_eye_leaf_spot,0,0,1,0,0,0
f6a3d74c05a4ae98.jpg,frog_eye_leaf_spot,0,0,1,0,0,0
edb3da49a331388c.jpg,complex,0,0,0,0,0,1
81913ad253daf3b1.jpg,scab,0,1,0,0,0,0
dfd3c973c8c29244.jpg,powdery_mildew,0,0,0,0,1,0
89f491c55b07ea78.jpg,healthy,1,0,0,0,0,0
e170e4c3c18f1d2f.jpg,scab,0,1,0,0,0,0
aa8afc4cc07d1f70.jpg,healthy,1,0,0,0,0,0
c05a6f7fd54ac0e0.jpg,healthy,1,0,0,0,0,0
b5c6cc989a9a9371.jpg,complex,0,0,0,0,0,1
92d46e94560f2fd8.jpg,frog_eye_leaf_spot,0,0,1,0,0,0
aec646ca52b1387d.jpg,scab,0,1,0,0,0,0
92f9ca821c8779f2.jpg,healthy,1,0,0,0,0,0
ea34c69c07ec31f1.jpg,frog_eye_leaf_spot,0,0,1,0,0,0
af82d210ccccdd79.jpg,healthy,1,0,0,0,0,0
e9f468c3029df49a.jpg,frog_eye_leaf_spot,0,0,1,0,0,0
f813e91a910d65de.jpg,healthy,1,0,0,0,0,0
b98b07faf0e221f0.jpg,frog_eye_leaf_spot,0,0,1,0,0,0
82ee15ccbc7470cb.jpg,healthy,1,0,0,0,0,0
9c3f1c10ba54ed56.jpg,healthy,1,0,0,0,0,0
a4e5cae30f0fc887.jpg,scab frog_eye_leaf_spot complex,0,1,1,0,0,1
ad98e04ddcfc7850.jpg,scab,0,1,0,0,0,0
c9f23033c41177f5.jpg,powdery_mildew,0,0,0,0,1,0
b5c1d208d72d967c.jpg,scab,0,1,0,0,0,0
9287c68f9d383c6c.jpg,powdery_mildew,0,0,0,0,1,0
c1e827c06f84fcce.jpg,frog_eye_leaf_spot,0,0,1,0,0,0
baa5b689749b5072.jpg,healthy,1,0,0,0,0,0
f04f8dd499c303b9.jpg,scab,0,1,0,0,0,0
ca903be980fe960f.jpg,frog_eye_leaf_spot,0,0,1,0,0,0
91c14f1efccf81c4.jpg,frog_eye_leaf_spot,0,0,1,0,0,0
e1ca96ad9c94159d.jpg,frog_eye_leaf_spot,0,0,1,0,0,0
cf1a25ce4dd65a30.jpg,scab,0,1,0,0,0,0
a5697ad4da605a6c.jpg,healthy,1,0,0,0,0,0
da0acaa1b8fbf8c0.jpg,scab,0,1,0,0,0,0
83fc76a134125e76.jpg,complex,0,0,0,0,0,1
bca5e0c1c751d4c7.jpg,healthy,1,0,0,0,0,0
df44b87eb3f89080.jpg,frog_eye_leaf_spot,0,0,1,0,0,0
e5ee33f5c4a01631.jpg,rust,0,0,0,1,0,0
c87f6fa53304f580.jpg,frog_eye_leaf_spot,0,0,1,0,0,0
babb880ab4bfb601.jpg,frog_eye_leaf_spot,0,0,1,0,0,0
c4c52e2057dbe4a7.jpg,powdery_mildew,0,0,0,0,1,0
fc88ecbc492806fd.jpg,rust,0,0,0,1,0,0
ea89b58fc3168e8a.jpg,frog_eye_leaf_spot complex,0,0,1,0,0,1
b9c6d24bb05fc81c.jpg,healthy,1,0,0,0,0,0
96cf8012697f3c78.jpg,healthy,1,0,0,0,0,0
ab533e8d0a9c7079.jpg,healthy,1,0,0,0,0,0
ad9806abc2fc4e87.jpg,healthy,1,0,0,0,0,0
b435cafa2cca712c.jpg,healthy,1,0,0,0,0,0
f833b14705f0f2d4.jpg,rust,0,0,0,1,0,0
fd9d97106bc22436.jpg,scab,0,1,0,0,0,0
f4d9cd063e721319.jpg,frog_eye_leaf_spot,0,0,1,0,0,0
c1762b9f4996a459.jpg,powdery_mildew,0,0,0,0,1,0
a89693a28b45ded6.jpg,healthy,1,0,0,0,0,0
f8b5815fda688a2a.jpg,scab frog_eye_leaf_spot,0,1,1,0,0,0
add3e48b11e8d694.jpg,scab,0,1,0,0,0,0
ad6b60a747b4af80.jpg,scab,0,1,0,0,0,0
ada6cc1d29a9332d.jpg,healthy,1,0,0,0,0,0
947b8bb6642d3551.jpg,healthy,1,0,0,0,0,0
bf22e5ce1cc03f05.jpg,scab,0,1,0,0,0,0
8fe88ddd185c4d68.jpg,scab,0,1,0,0,0,0
d2822e3e1b5f1db0.jpg,powdery_mildew,0,0,0,0,1,0
b689ca1e697864e3.jpg,scab frog_eye_leaf_spot,0,1,1,0,0,0
aabfa6318a017dca.jpg,scab,0,1,0,0,0,0
fe62b521d8354956.jpg,scab,0,1,0,0,0,0
c3684a87b81f2dda.jpg,frog_eye_leaf_spot,0,0,1,0,0,0
9168f95b89cc16e6.jpg,rust,0,0,0,1,0,0
e9c49e8f24e36436.jpg,healthy,1,0,0,0,0,0
feb9b7f020d1b440.jpg,scab,0,1,0,0,0,0
a8bd51c78dd1a4cc.jpg,scab,0,1,0,0,0,0
e0189acaf8cf80fd.jpg,scab,0,1,0,0,0,0
c0ad2dad55930adb.jpg,scab frog_eye_leaf_spot,0,1,1,0,0,0
a8b182b55ae3d26b.jpg,healthy,1,0,0,0,0,0
af6980d6ef82c685.jpg,scab frog_eye_leaf_spot,0,1,1,0,0,0
f0d0008a7c5e9bbf.jpg,rust,0,0,0,1,0,0
85d11ed919854f5e.jpg,scab,0,1,0,0,0,0
a16554f4d59bb08b.jpg,healthy,1,0,0,0,0,0
e4d4c58c177a5ab2.jpg,scab,0,1,0,0,0,0
d8c6b98e9c981cf8.jpg,scab,0,1,0,0,0,0
ca1dd4d2ef8c870a.jpg,frog_eye_leaf_spot,0,0,1,0,0,0
bd7fd06581168732.jpg,scab frog_eye_leaf_spot,0,1,1,0,0,0
96955e87649ea43a.jpg,rust,0,0,0,1,0,0
e849f04f662f5a19.jpg,healthy,1,0,0,0,0,0
ac3cd578948f19ca.jpg,scab,0,1,0,0,0,0
81d0d0c77d4762cf.jpg,rust,0,0,0,1,0,0
e4ba93c9c15d5724.jpg,powdery_mildew,0,0,0,0,1,0
ad51d44bd8ed40dc.jpg,scab,0,1,0,0,0,0
92968d2c74e4ed65.jpg,frog_eye_leaf_spot,0,0,1,0,0,0
e905964bbf8d048f.jpg,frog_eye_leaf_spot,0,0,1,0,0,0
acb91a1a6065afb6.jpg,frog_eye_leaf_spot,0,0,1,0,0,0
e0c3e0a8fe49a957.jpg,healthy,1,0,0,0,0,0
857ee07d54003fd6.jpg,frog_eye_leaf_spot,0,0,1,0,0,0
81c56385cf38df19.jpg,scab,0,1,0,0,0,0
b647c9782c742787.jpg,complex,0,0,0,0,0,1
ffc065a5f082b3c1.jpg,frog_eye_leaf_spot,0,0,1,0,0,0
d4796f20efc0a427.jpg,scab,0,1,0,0,0,0
a9e1cd8d8795e189.jpg,complex,0,0,0,0,0,1
8780f1e18d3c1e3f.jpg,healthy,1,0,0,0,0,0
ce6132c865db299d.jpg,healthy,1,0,0,0,0,0
a75893b672f66484.jpg,scab,0,1,0,0,0,0
9e9782773b183790.jpg,healthy,1,0,0,0,0,0
ca2a9880afad077f.jpg,frog_eye_leaf_spot,0,0,1,0,0,0
9591e865203acefe.jpg,frog_eye_leaf_spot,0,0,1,0,0,0
bffb10816192a1fa.jpg,healthy,1,0,0,0,0,0
b5cdd25899a69394.jpg,complex,0,0,0,0,0,1
940c1a0b47bee1fd.jpg,scab,0,1,0,0,0,0
99c2989f3189772d.jpg,scab frog_eye_leaf_spot,0,1,1,0,0,0
c1814fca2a2fff03.jpg,powdery_mildew complex,0,0,0,0,1,1
8ea7b9cc8bd2d809.jpg,rust,0,0,0,1,0,0
ae5074cfc9183763.jpg,complex,0,0,0,0,0,1
cc2e3f9750561c2e.jpg,scab,0,1,0,0,0,0
c53532c8cc5ed0ee.jpg,rust,0,0,0,1,0,0
8ba8649c9974e99b.jpg,rust,0,0,0,1,0,0
dd37c8f39a0003fc.jpg,scab frog_eye_leaf_spot,0,1,1,0,0,0
df38618b63c0c375.jpg,healthy,1,0,0,0,0,0
e48fc33896394739.jpg,healthy,1,0,0,0,0,0
fc686ca704407f1f.jpg,scab,0,1,0,0,0,0
dfa488878aef88e4.jpg,healthy,1,0,0,0,0,0
d5a9c7930b974a86.jpg,complex,0,0,0,0,0,1
f486c7f4c0ad0e6a.jpg,scab,0,1,0,0,0,0
e1640ec0b78fe437.jpg,scab,0,1,0,0,0,0
85626bc3f479a16c.jpg,frog_eye_leaf_spot,0,0,1,0,0,0
88f570d396e01de3.jpg,frog_eye_leaf_spot,0,0,1,0,0,0
a7c49bb31f830a8e.jpg,scab,0,1,0,0,0,0
a8c27797c349c8e6.jpg,complex,0,0,0,0,0,1
feca60e6b08486fa.jpg,scab,0,1,0,0,0,0
9d90616795187aed.jpg,healthy,1,0,0,0,0,0
b4d0d2d089b5d9d5.jpg,frog_eye_leaf_spot,0,0,1,0,0,0
9ce01ba1856fc6ad.jpg,healthy,1,0,0,0,0,0
e4e5d5ca4ae8a24b.jpg,rust complex,0,0,0,1,0,1
e82fd16492b333b2.jpg,frog_eye_leaf_spot complex,0,0,1,0,0,1
e1e2ebc83e1926a3.jpg,healthy,1,0,0,0,0,0
ad909c2f653ed158.jpg,frog_eye_leaf_spot,0,0,1,0,0,0
e384d968b4e72a66.jpg,scab,0,1,0,0,0,0
f5ad2f80693aca62.jpg,healthy,1,0,0,0,0,0
c1dc61d4815b5c7b.jpg,scab,0,1,0,0,0,0
c2812ab8e7dec587.jpg,frog_eye_leaf_spot,0,0,1,0,0,0
c9c31ddfa102c3e3.jpg,scab,0,1,0,0,0,0
b5a551ac8daa5bd0.jpg,scab,0,1,0,0,0,0
dec8fae8f88f00e0.jpg,healthy,1,0,0,0,0,0
d8891858dafaeb23.jpg,complex,0,0,0,0,0,1
a8a8dd99535bc32a.jpg,rust,0,0,0,1,0,0
a0a18afcd93b1dca.jpg,frog_eye_leaf_spot,0,0,1,0,0,0
b362c69eb58d8989.jpg,scab,0,1,0,0,0,0
a9f0d4a5d6d0c6c9.jpg,scab,0,1,0,0,0,0
acf4801c98b8977f.jpg,healthy,1,0,0,0,0,0
92452dddc23a636b.jpg,rust,0,0,0,1,0,0
8d5d348133579b53.jpg,powdery_mildew,0,0,0,0,1,0
b465b1c2c3dad689.jpg,complex,0,0,0,0,0,1
a01fc55a4fe868ad.jpg,frog_eye_leaf_spot,0,0,1,0,0,0
bb878a621c11d2df.jpg,rust,0,0,0,1,0,0
95ba32012b1bbbd6.jpg,complex,0,0,0,0,0,1
a4b48b5a5529776a.jpg,rust complex,0,0,0,1,0,1
c0fe2480de8fdc8e.jpg,scab,0,1,0,0,0,0
d4e82094277f0fcd.jpg,scab,0,1,0,0,0,0
8e79802b3fb770c8.jpg,healthy,1,0,0,0,0,0
bd0ccc76c6306b9a.jpg,frog_eye_leaf_spot,0,0,1,0,0,0
f15ec835feea08a0.jpg,healthy,1,0,0,0,0,0
ed4510f98b88ef85.jpg,healthy,1,0,0,0,0,0
e3f91cc3c3941b94.jpg,healthy,1,0,0,0,0,0
fbf7c12b8590acc0.jpg,frog_eye_leaf_spot,0,0,1,0,0,0
ffe8e0c3c21f00ce.jpg,healthy,1,0,0,0,0,0
d4ac8e2ab7ac311b.jpg,healthy,1,0,0,0,0,0
b0e3cd986d986387.jpg,complex,0,0,0,0,0,1
a0878e5e89c11fdb.jpg,complex,0,0,0,0,0,1
eacad448c8227db7.jpg,frog_eye_leaf_spot complex,0,0,1,0,0,1
c7803afffa4093e0.jpg,scab,0,1,0,0,0,0
e288719ee3cb8e1a.jpg,frog_eye_leaf_spot,0,0,1,0,0,0
e5bb8da06acd3740.jpg,healthy,1,0,0,0,0,0
b0183f78e183d6b3.jpg,scab frog_eye_leaf_spot complex,0,1,1,0,0,1
f8fc50c493b54617.jpg,scab,0,1,0,0,0,0
c1fbb3e9824d9226.jpg,healthy,1,0,0,0,0,0
cb668b3b194bb1c8.jpg,healthy,1,0,0,0,0,0
ceb4e84b3c2343f8.jpg,scab,0,1,0,0,0,0
a161cf93cecda28c.jpg,frog_eye_leaf_spot,0,0,1,0,0,0
93db930ab87564a5.jpg,scab,0,1,0,0,0,0
bce884d5ca33664b.jpg,scab,0,1,0,0,0,0
93b2a2dec65c2b43.jpg,rust complex,0,0,0,1,0,1
b268f1daa1657c45.jpg,healthy,1,0,0,0,0,0
a512d469876ba6b5.jpg,rust complex,0,0,0,1,0,1
afb7f05e80f4032a.jpg,complex,0,0,0,0,0,1
e60bd2b373699344.jpg,healthy,1,0,0,0,0,0
ad8c1e5ac42a6ae7.jpg,scab,0,1,0,0,0,0
d41cc127df83271b.jpg,rust,0,0,0,1,0,0
b6c64db5d0bc486a.jpg,scab frog_eye_leaf_spot,0,1,1,0,0,0
9f9c55656a4592b2.jpg,healthy,1,0,0,0,0,0
af92c3af0ad0dbc0.jpg,frog_eye_leaf_spot,0,0,1,0,0,0
a1459f8899d719ae.jpg,rust complex,0,0,0,1,0,1
9291d9cec42d8e4f.jpg,rust,0,0,0,1,0,0
f0c4c91ec5a4b43f.jpg,healthy,1,0,0,0,0,0
ac6b9a364995f4b0.jpg,scab,0,1,0,0,0,0
adce8b25fa455381.jpg,frog_eye_leaf_spot,0,0,1,0,0,0
80ff66cd84241ef6.jpg,scab,0,1,0,0,0,0
d8d730632abc9e4a.jpg,powdery_mildew,0,0,0,0,1,0
afbc97909cc3581c.jpg,rust,0,0,0,1,0,0
eeb07e6a6a5a8231.jpg,complex,0,0,0,0,0,1
8de3e321b1f96c03.jpg,powdery_mildew,0,0,0,0,1,0
b4fb90d0435bc555.jpg,complex,0,0,0,0,0,1
b495c9b60e63b2b8.jpg,frog_eye_leaf_spot,0,0,1,0,0,0
a4d081e9c38775bb.jpg,scab,0,1,0,0,0,0
fc388a98497835eb.jpg,rust,0,0,0,1,0,0
aff0a76188e71d82.jpg,frog_eye_leaf_spot,0,0,1,0,0,0
f5f803da01c83bce.jpg,scab,0,1,0,0,0,0
e2fa3a23d3cb0d12.jpg,healthy,1,0,0,0,0,0
80df68fa0c30fd95.jpg,complex,0,0,0,0,0,1
86806ac7997b87d5.jpg,scab,0,1,0,0,0,0
adbf9f14858281e5.jpg,frog_eye_leaf_spot,0,0,1,0,0,0
a8745b6b9d62863c.jpg,healthy,1,0,0,0,0,0
b2309fc375662359.jpg,scab,0,1,0,0,0,0
ccb37741278f85a2.jpg,rust,0,0,0,1,0,0
952971ccf890b7b4.jpg,complex,0,0,0,0,0,1
d5adcadc1d312525.jpg,frog_eye_leaf_spot,0,0,1,0,0,0
badc8a6845327d53.jpg,healthy,1,0,0,0,0,0
91db45fc03e53e84.jpg,frog_eye_leaf_spot,0,0,1,0,0,0
d76be28063672d15.jpg,healthy,1,0,0,0,0,0
d1763e1e03e7db00.jpg,frog_eye_leaf_spot,0,0,1,0,0,0
aff094e272313ab1.jpg,rust,0,0,0,1,0,0
8be1e1c75823585f.jpg,scab frog_eye_leaf_spot,0,1,1,0,0,0
ad8c9d988ace55aa.jpg,scab,0,1,0,0,0,0
f104d29f261d3772.jpg,rust,0,0,0,1,0,0
c5d61ce9786a01d7.jpg,powdery_mildew,0,0,0,0,1,0
ad0eda613e86399a.jpg,complex,0,0,0,0,0,1
9d166cddc0b7206b.jpg,scab,0,1,0,0,0,0
dae68ae2dc298639.jpg,rust,0,0,0,1,0,0
f0319011fbd78c9e.jpg,rust complex,0,0,0,1,0,1
e8e4dc2e122273f6.jpg,rust frog_eye_leaf_spot,0,0,1,1,0,0
f5d26591843f5456.jpg,healthy,1,0,0,0,0,0
a682c62b3d7139c7.jpg,frog_eye_leaf_spot,0,0,1,0,0,0
fface8589e804996.jpg,frog_eye_leaf_spot,0,0,1,0,0,0
b404de508fe2dd17.jpg,scab frog_eye_leaf_spot,0,1,1,0,0,0
d1e000973ef4f8f8.jpg,scab,0,1,0,0,0,0
e8f0f4604d291b77.jpg,scab,0,1,0,0,0,0
84f26d8b126fe3a8.jpg,healthy,1,0,0,0,0,0
d2d5f0873f313903.jpg,rust,0,0,0,1,0,0
a57f9781c2f15381.jpg,scab frog_eye_leaf_spot,0,1,1,0,0,0
ddd8d0c20f073c73.jpg,scab,0,1,0,0,0,0
8ffd8581c72286a7.jpg,scab,0,1,0,0,0,0
f1e881ef49a56a07.jpg,complex,0,0,0,0,0,1
ad1a8d2b8ca9cc75.jpg,scab,0,1,0,0,0,0
85171daefb464964.jpg,scab,0,1,0,0,0,0
83a65ed1d28e9d83.jpg,healthy,1,0,0,0,0,0
c9fc39f0c201d4f3.jpg,rust frog_eye_leaf_spot,0,0,1,1,0,0
ce62623318bf5e86.jpg,scab frog_eye_leaf_spot,0,1,1,0,0,0
8ac74a26879f497c.jpg,scab,0,1,0,0,0,0
fe95c360952ec12d.jpg,powdery_mildew,0,0,0,0,1,0
b58af4a95588d52e.jpg,rust frog_eye_leaf_spot,0,0,1,1,0,0
a4f6b817bb0780e6.jpg,scab frog_eye_leaf_spot,0,1,1,0,0,0
8e119c56de8c3b93.jpg,scab,0,1,0,0,0,0
a4b17595b24a5a2f.jpg,rust frog_eye_leaf_spot,0,0,1,1,0,0
cad457ba344c9a74.jpg,scab,0,1,0,0,0,0
b5306acb1af2e52c.jpg,frog_eye_leaf_spot,0,0,1,0,0,0
d5403124daaf9cde.jpg,scab,0,1,0,0,0,0
fb24d2a0cf2acf90.jpg,healthy,1,0,0,0,0,0
fc34d74acd4c0e86.jpg,frog_eye_leaf_spot,0,0,1,0,0,0
dd8730c4a49a63f9.jpg,frog_eye_leaf_spot,0,0,1,0,0,0
fdf30183fe7f0200.jpg,scab,0,1,0,0,0,0
e32938df4d780ea4.jpg,powdery_mildew,0,0,0,0,1,0
8bf8c5a58847956e.jpg,complex,0,0,0,0,0,1
fd20cd3b4d592aa8.jpg,healthy,1,0,0,0,0,0
9832606f88fadcd9.jpg,healthy,1,0,0,0,0,0
eaef9794aada0015.jpg,rust complex,0,0,0,1,0,1
f02787c25f5f043c.jpg,healthy,1,0,0,0,0,0
c0f1155cba5c13fc.jpg,scab,0,1,0,0,0,0
f8e8c91f8d1461f8.jpg,scab,0,1,0,0,0,0
cf7d6b1e5856a021.jpg,scab,0,1,0,0,0,0
caea69954daa4d1a.jpg,scab,0,1,0,0,0,0
82ff47b955d07490.jpg,scab,0,1,0,0,0,0
d0cec08c4bef7632.jpg,scab frog_eye_leaf_spot,0,1,1,0,0,0
8998c78e92ee1bc6.jpg,powdery_mildew,0,0,0,0,1,0
d19775c88e1e7aa0.jpg,frog_eye_leaf_spot,0,0,1,0,0,0
e29ef16e2f0414a7.jpg,scab frog_eye_leaf_spot complex,0,1,1,0,0,1
81b52bcb5295bb68.jpg,scab,0,1,0,0,0,0
ad6d188768f1e62c.jpg,healthy,1,0,0,0,0,0
bcaada046ab023fb.jpg,complex,0,0,0,0,0,1
e3e3d1921af074e4.jpg,frog_eye_leaf_spot,0,0,1,0,0,0
ccfbb5b9407b3090.jpg,complex,0,0,0,0,0,1
ebd4dbb491663064.jpg,healthy,1,0,0,0,0,0
a8c3d085c89e9ff8.jpg,complex,0,0,0,0,0,1
f01fd9f59e4602d0.jpg,healthy,1,0,0,0,0,0
8881bc5abde4c07f.jpg,scab,0,1,0,0,0,0
81473fd07c97c433.jpg,scab,0,1,0,0,0,0
a90d75166b9f48ca.jpg,frog_eye_leaf_spot,0,0,1,0,0,0
af618540992d71df.jpg,healthy,1,0,0,0,0,0
e0d0cdcaffc6290c.jpg,healthy,1,0,0,0,0,0
b1e2db831d1cbe18.jpg,frog_eye_leaf_spot,0,0,1,0,0,0
d341b1758fca471a.jpg,rust,0,0,0,1,0,0
c9e63b7630743474.jpg,scab frog_eye_leaf_spot complex,0,1,1,0,0,1
edd22254c471ab9e.jpg,rust,0,0,0,1,0,0
da1e59f5b1e95480.jpg,scab,0,1,0,0,0,0
eaa3b4b511c07a2f.jpg,scab,0,1,0,0,0,0
87b58bdb956a8164.jpg,scab,0,1,0,0,0,0
c2d6cdfc71c1091e.jpg,healthy,1,0,0,0,0,0
c4ab3f9dbe205512.jpg,healthy,1,0,0,0,0,0
8bdf70c0803feda1.jpg,rust,0,0,0,1,0,0
fdbd17a08643a8c3.jpg,scab,0,1,0,0,0,0
b5f14a88f02d4f96.jpg,rust,0,0,0,1,0,0
f4adc7952c286969.jpg,healthy,1,0,0,0,0,0
fceda5f48a216194.jpg,frog_eye_leaf_spot,0,0,1,0,0,0
8cdcc895ff113913.jpg,scab,0,1,0,0,0,0
c1ad27cde564cce0.jpg,scab,0,1,0,0,0,0
fc098ba6654fb489.jpg,frog_eye_leaf_spot,0,0,1,0,0,0
a7a0378fd036d8d2.jpg,frog_eye_leaf_spot,0,0,1,0,0,0
ade9c6684a255657.jpg,scab,0,1,0,0,0,0
dc6544c83038fecf.jpg,complex,0,0,0,0,0,1
d7c0c7867c497a54.jpg,scab,0,1,0,0,0,0
c1e025b5d2736af2.jpg,rust,0,0,0,1,0,0
c63c8dc47907e2f8.jpg,scab,0,1,0,0,0,0
a029cb9e39d913a7.jpg,scab,0,1,0,0,0,0
c3961dbd0bf4c521.jpg,rust,0,0,0,1,0,0
d0806bfbf9452693.jpg,powdery_mildew,0,0,0,0,1,0
bed2944b2d0db538.jpg,healthy,1,0,0,0,0,0
fb019a1bc9495bd2.jpg,frog_eye_leaf_spot,0,0,1,0,0,0
958a3e3fc16596c2.jpg,complex,0,0,0,0,0,1
a52786f6ca82e0f9.jpg,healthy,1,0,0,0,0,0
d34fe5371ac9c4c0.jpg,rust,0,0,0,1,0,0
d4bba070b39124bf.jpg,scab,0,1,0,0,0,0
8299723bc94df5a8.jpg,powdery_mildew,0,0,0,0,1,0
a587d4df780821f5.jpg,healthy,1,0,0,0,0,0
cf31c33df154a3c0.jpg,powdery_mildew,0,0,0,0,1,0
8ebc94969f1252d9.jpg,healthy,1,0,0,0,0,0
f5f0e18e3828487f.jpg,frog_eye_leaf_spot complex,0,0,1,0,0,1
d38bd1f5d88f6005.jpg,scab,0,1,0,0,0,0
9eea2cf6f0e072a0.jpg,scab,0,1,0,0,0,0
83a56fde95254a91.jpg,scab,0,1,0,0,0,0
809c3fc2796fd84a.jpg,rust,0,0,0,1,0,0
8ec3a78dd5d15216.jpg,rust,0,0,0,1,0,0
e91f41882c0f3d5f.jpg,healthy,1,0,0,0,0,0
e043fca44e7617e1.jpg,rust,0,0,0,1,0,0
956b589d524c63b5.jpg,rust,0,0,0,1,0,0
854abb09cc55978f.jpg,powdery_mildew,0,0,0,0,1,0
846b97a01ebd0bbc.jpg,rust,0,0,0,1,0,0
90aed986c9cfe4c1.jpg,frog_eye_leaf_spot,0,0,1,0,0,0
aa958595ddc2994b.jpg,scab,0,1,0,0,0,0
e2b6d25b81e52bc4.jpg,healthy,1,0,0,0,0,0
fad234cd112ad8d5.jpg,complex,0,0,0,0,0,1
a5bff6008a4719dc.jpg,scab frog_eye_leaf_spot,0,1,1,0,0,0
8faa21bead40b563.jpg,healthy,1,0,0,0,0,0
a9bfd73e09b00cc1.jpg,healthy,1,0,0,0,0,0
ffb4f5a00097944b.jpg,healthy,1,0,0,0,0,0
a1adda96415274ed.jpg,healthy,1,0,0,0,0,0
cac57bc58b1ca8d2.jpg,scab,0,1,0,0,0,0
a2fec51e923c3cc1.jpg,rust,0,0,0,1,0,0
9109afc8f6444ef5.jpg,powdery_mildew,0,0,0,0,1,0
84ed2c342dfd4b0b.jpg,frog_eye_leaf_spot,0,0,1,0,0,0
c2e07e3a426a6b6b.jpg,frog_eye_leaf_spot,0,0,1,0,0,0
dd820abf89ee7103.jpg,powdery_mildew,0,0,0,0,1,0
f197d2cb17a60496.jpg,healthy,1,0,0,0,0,0
a5f965c6c88e099e.jpg,frog_eye_leaf_spot,0,0,1,0,0,0
8def4d91382175c3.jpg,healthy,1,0,0,0,0,0
bc2481723fcbe159.jpg,frog_eye_leaf_spot,0,0,1,0,0,0
e2255e7b71c31e06.jpg,healthy,1,0,0,0,0,0
b0f0e768175ae64c.jpg,rust frog_eye_leaf_spot,0,0,1,1,0,0
bf6b249047c227ba.jpg,healthy,1,0,0,0,0,0
fdcd8708973404fa.jpg,scab,0,1,0,0,0,0
f1c434138ceb6a8f.jpg,complex,0,0,0,0,0,1
978285c3cdebc865.jpg,scab,0,1,0,0,0,0
bb93d0289d3b9169.jpg,scab,0,1,0,0,0,0
c5bd75916890af98.jpg,scab,0,1,0,0,0,0
aa8837d5519f70b8.jpg,scab,0,1,0,0,0,0
82c9deec3e39d8c0.jpg,powdery_mildew,0,0,0,0,1,0
aa683608d268ff3b.jpg,healthy,1,0,0,0,0,0
f2b04abc9e4a9d52.jpg,scab frog_eye_leaf_spot complex,0,1,1,0,0,1
df8a6ca1aae4b702.jpg,scab,0,1,0,0,0,0
fe1c87a12f077198.jpg,healthy,1,0,0,0,0,0
c2ed348632ab759c.jpg,powdery_mildew,0,0,0,0,1,0
91a43f43e27dc383.jpg,powdery_mildew,0,0,0,0,1,0
fce8963918c1629f.jpg,rust,0,0,0,1,0,0
f492c79b1cd9300f.jpg,healthy,1,0,0,0,0,0
d841903f5d9067dd.jpg,healthy,1,0,0,0,0,0
f532f32558e23067.jpg,scab,0,1,0,0,0,0
c5c71a12caeafa61.jpg,scab,0,1,0,0,0,0
87a0f7cbe908cf30.jpg,scab,0,1,0,0,0,0
f470cad238cea56c.jpg,healthy,1,0,0,0,0,0
9ae4c6afb5062a63.jpg,powdery_mildew,0,0,0,0,1,0
bab5cb70a1c2b4c9.jpg,frog_eye_leaf_spot,0,0,1,0,0,0
e73c83e050e3b5f0.jpg,healthy,1,0,0,0,0,0
bb1e4d683c97a44a.jpg,healthy,1,0,0,0,0,0
aa8295f5d7079691.jpg,frog_eye_leaf_spot,0,0,1,0,0,0
cd6632d1438d5a8f.jpg,scab,0,1,0,0,0,0
e4f22703387b3b15.jpg,scab,0,1,0,0,0,0
a2e881adc79f98ca.jpg,scab,0,1,0,0,0,0
f5d2d22597351a38.jpg,healthy,1,0,0,0,0,0
b98ec0286d709dcf.jpg,scab,0,1,0,0,0,0
d44a94353a5337ab.jpg,healthy,1,0,0,0,0,0
bcac96de604b6525.jpg,healthy,1,0,0,0,0,0
dd13ded28a042dec.jpg,scab,0,1,0,0,0,0
f868d6088ffc6c8a.jpg,scab,0,1,0,0,0,0
aaf5e9d2e1bd1410.jpg,healthy,1,0,0,0,0,0
ca026d3e2de66770.jpg,frog_eye_leaf_spot,0,0,1,0,0,0
b8e5c2828d92bf47.jpg,scab,0,1,0,0,0,0
c9241964d0eddbd5.jpg,healthy,1,0,0,0,0,0
c9edb789f2329902.jpg,rust,0,0,0,1,0,0
dcdc31c6474762d2.jpg,frog_eye_leaf_spot,0,0,1,0,0,0
e9c1c32b5479e8b1.jpg,healthy,1,0,0,0,0,0
abda897069356696.jpg,complex,0,0,0,0,0,1
851edcf908ed2e1c.jpg,rust,0,0,0,1,0,0
80bc7d353e163e85.jpg,powdery_mildew,0,0,0,0,1,0
ad9695d6ce4a892c.jpg,frog_eye_leaf_spot,0,0,1,0,0,0
d407f19d346ec662.jpg,scab,0,1,0,0,0,0
e2760b9a8e1cc6e9.jpg,rust,0,0,0,1,0,0
cd8b4ada5c36341d.jpg,frog_eye_leaf_spot,0,0,1,0,0,0
b83882d59fb86956.jpg,frog_eye_leaf_spot,0,0,1,0,0,0
b926598733cd33e0.jpg,scab,0,1,0,0,0,0
c9486f707fd4f014.jpg,frog_eye_leaf_spot,0,0,1,0,0,0
ba5f90c993a156d4.jpg,scab frog_eye_leaf_spot complex,0,1,1,0,0,1
89f45ad03b59a85b.jpg,powdery_mildew,0,0,0,0,1,0
d5ea3fa46084b19d.jpg,scab frog_eye_leaf_spot,0,1,1,0,0,0
e0c0173bf735ccc4.jpg,healthy,1,0,0,0,0,0
f08fd70495ed8343.jpg,scab,0,1,0,0,0,0
a59e9ee1f88470e2.jpg,scab frog_eye_leaf_spot,0,1,1,0,0,0
e5c2c69cd652ae92.jpg,complex,0,0,0,0,0,1
ec9df9de548504a1.jpg,healthy,1,0,0,0,0,0
e3789a85710b3976.jpg,rust,0,0,0,1,0,0
b0cdd97259636742.jpg,complex,0,0,0,0,0,1
d68a41f6ea2239d5.jpg,healthy,1,0,0,0,0,0
d1dec0973c2cf4a1.jpg,rust frog_eye_leaf_spot,0,0,1,1,0,0
83e63d86a17b16e1.jpg,scab,0,1,0,0,0,0
a5b2da4bc9cc6cd0.jpg,complex,0,0,0,0,0,1
ee38d05f98429b4e.jpg,frog_eye_leaf_spot complex,0,0,1,0,0,1
df1212eb40a52dd7.jpg,scab,0,1,0,0,0,0
ee003ef59486acb6.jpg,complex,0,0,0,0,0,1
d59a9af3dbc14841.jpg,scab,0,1,0,0,0,0
bca7909cdb6d2530.jpg,scab,0,1,0,0,0,0
da3d82601e653afc.jpg,scab,0,1,0,0,0,0
d5da590d28eda45a.jpg,powdery_mildew,0,0,0,0,1,0
bd0f77a894458ea2.jpg,powdery_mildew,0,0,0,0,1,0
bdd0906a93ed0975.jpg,scab,0,1,0,0,0,0
e6d2949e6a8d8596.jpg,complex,0,0,0,0,0,1
86eec849f0b46976.jpg,rust,0,0,0,1,0,0
84f81ac3c5ed6566.jpg,healthy,1,0,0,0,0,0
d03b68c1b41b66af.jpg,healthy,1,0,0,0,0,0
ed38a594dad54b81.jpg,powdery_mildew,0,0,0,0,1,0
c336345e5e594e43.jpg,scab frog_eye_leaf_spot complex,0,1,1,0,0,1
b5f6d0eccdc2e012.jpg,scab,0,1,0,0,0,0
aeb5b7cb500f94a0.jpg,scab,0,1,0,0,0,0
8fba5c92d60b4c99.jpg,scab,0,1,0,0,0,0
f5911bdc49aca8d2.jpg,frog_eye_leaf_spot,0,0,1,0,0,0
cf8d2dd6605a604f.jpg,scab,0,1,0,0,0,0
c9a66ddfd4555404.jpg,powdery_mildew,0,0,0,0,1,0
8cc3b3785847669e.jpg,scab,0,1,0,0,0,0
e0c88ede1579a03f.jpg,rust,0,0,0,1,0,0
d0e9d0546f93b295.jpg,scab,0,1,0,0,0,0
d6e047eea05c69a9.jpg,powdery_mildew,0,0,0,0,1,0
f44bda383c867586.jpg,frog_eye_leaf_spot,0,0,1,0,0,0
c4d1ba91d0fad03b.jpg,scab,0,1,0,0,0,0
94433b7de4f60646.jpg,powdery_mildew,0,0,0,0,1,0
e4fec7a81e51030f.jpg,rust,0,0,0,1,0,0
8a34b9fccba0fa88.jpg,scab,0,1,0,0,0,0
bbede9c091850f0d.jpg,scab frog_eye_leaf_spot complex,0,1,1,0,0,1
d4d9c23dd29b6530.jpg,powdery_mildew,0,0,0,0,1,0
98e14ebd3192ed16.jpg,powdery_mildew,0,0,0,0,1,0
eac515df55d60312.jpg,scab,0,1,0,0,0,0
ceaa1670d321d765.jpg,scab,0,1,0,0,0,0
c39b006c6774a767.jpg,healthy,1,0,0,0,0,0
b8ee944b8c6d9661.jpg,frog_eye_leaf_spot,0,0,1,0,0,0
87fd0994f6618ba2.jpg,rust,0,0,0,1,0,0
e4e1c35e1e893656.jpg,healthy,1,0,0,0,0,0
fcb342b3847a8cf0.jpg,scab frog_eye_leaf_spot complex,0,1,1,0,0,1
d7a19c4dc5b39854.jpg,rust,0,0,0,1,0,0
da90a29892fed4ae.jpg,powdery_mildew,0,0,0,0,1,0
9aa9e8aef742a1c8.jpg,powdery_mildew,0,0,0,0,1,0
bad0c3be98246e4e.jpg,rust,0,0,0,1,0,0
929e97c808d7fe82.jpg,rust,0,0,0,1,0,0
fe28c2f085817b8f.jpg,complex,0,0,0,0,0,1
f59ad11bf1034d8a.jpg,healthy,1,0,0,0,0,0
8aa7d6526ba664b2.jpg,rust,0,0,0,1,0,0
eb0f9f8e106260b7.jpg,complex,0,0,0,0,0,1
b8572f41970fe0f0.jpg,healthy,1,0,0,0,0,0
a1711f853583873f.jpg,healthy,1,0,0,0,0,0
916e8270ad96dcd3.jpg,scab frog_eye_leaf_spot complex,0,1,1,0,0,1
e2b3d270da6b78c0.jpg,healthy,1,0,0,0,0,0
f252928b5fb528b2.jpg,frog_eye_leaf_spot,0,0,1,0,0,0
b9f2d7c620c15a2d.jpg,frog_eye_leaf_spot,0,0,1,0,0,0
bd1108df9c9bd80d.jpg,rust,0,0,0,1,0,0
86da92c9249ccfd3.jpg,scab,0,1,0,0,0,0
8fbd27b078a0b0d5.jpg,scab,0,1,0,0,0,0
c0fec97669942aa9.jpg,frog_eye_leaf_spot,0,0,1,0,0,0
8b94cbb0cd7cc570.jpg,healthy,1,0,0,0,0,0
c5899c363a9e9b91.jpg,scab,0,1,0,0,0,0
ae4a76c197653156.jpg,scab,0,1,0,0,0,0
c0b175c783bb6f08.jpg,rust,0,0,0,1,0,0
8b7569be32192c1e.jpg,powdery_mildew,0,0,0,0,1,0
d9096bd4a497b493.jpg,complex,0,0,0,0,0,1
aef386c05ace31ac.jpg,healthy,1,0,0,0,0,0
ffc0e7c0c0c3f0ca.jpg,healthy,1,0,0,0,0,0
f083d29eb9fe6024.jpg,healthy,1,0,0,0,0,0
f31b83fb9383006e.jpg,healthy,1,0,0,0,0,0
e308eb9479a5545b.jpg,rust,0,0,0,1,0,0
ed11c0719e4b34eb.jpg,scab,0,1,0,0,0,0
f9f0c188506dba57.jpg,healthy,1,0,0,0,0,0
fef4e0b9c3b8c088.jpg,frog_eye_leaf_spot,0,0,1,0,0,0
cf8536d2a19aed84.jpg,scab,0,1,0,0,0,0
f9fac091ca9a5e14.jpg,scab,0,1,0,0,0,0
81c8d2be1abfaa92.jpg,frog_eye_leaf_spot,0,0,1,0,0,0
c0073faf087e0f95.jpg,scab,0,1,0,0,0,0
a7a1929bae27c5b0.jpg,rust,0,0,0,1,0,0
9a71889a93779996.jpg,healthy,1,0,0,0,0,0
9e501ca1739f9fc0.jpg,rust,0,0,0,1,0,0
c5e6708f660b47c5.jpg,powdery_mildew,0,0,0,0,1,0
8bc7b160da67d225.jpg,healthy,1,0,0,0,0,0
f4c5db81692b269a.jpg,healthy,1,0,0,0,0,0
bf17e585853e8461.jpg,scab,0,1,0,0,0,0
f7bac4c1c99292c3.jpg,frog_eye_leaf_spot,0,0,1,0,0,0
95076ec69f783a30.jpg,complex,0,0,0,0,0,1
8fff36e8301139b0.jpg,scab,0,1,0,0,0,0
e1c13e72a41e6d8e.jpg,rust complex,0,0,0,1,0,1
f01dc0f06cc27e5b.jpg,healthy,1,0,0,0,0,0
9219f571f4c221fc.jpg,scab,0,1,0,0,0,0
f5a0a3d55f298529.jpg,powdery_mildew,0,0,0,0,1,0
b6f48968b991958e.jpg,healthy,1,0,0,0,0,0
84716ec589edc9b4.jpg,healthy,1,0,0,0,0,0
81e13ecde4a6f22a.jpg,scab,0,1,0,0,0,0
bfbbc8082d21bca5.jpg,scab,0,1,0,0,0,0
de85e0a587f0fc28.jpg,frog_eye_leaf_spot,0,0,1,0,0,0
ede18ca58c033e7a.jpg,healthy,1,0,0,0,0,0
98ac649f9fa8035d.jpg,frog_eye_leaf_spot,0,0,1,0,0,0
f42b60dfa3765460.jpg,healthy,1,0,0,0,0,0
e0cf416d8ff23a81.jpg,healthy,1,0,0,0,0,0
e1b11f231ccfc07c.jpg,healthy,1,0,0,0,0,0
b9bfc0c9846c6cf0.jpg,powdery_mildew,0,0,0,0,1,0
c83d0eb3629d3965.jpg,rust,0,0,0,1,0,0
bb9ac1444c2ecb3b.jpg,healthy,1,0,0,0,0,0
f4edc092864b7e8c.jpg,healthy,1,0,0,0,0,0
9c16d6696af1211f.jpg,rust,0,0,0,1,0,0
eea0d5d1067b426b.jpg,complex,0,0,0,0,0,1
f2b0ccdccbac6807.jpg,rust complex,0,0,0,1,0,1
e739712c1c37b1c1.jpg,powdery_mildew,0,0,0,0,1,0
aaeae5c2908ba2db.jpg,scab,0,1,0,0,0,0
a05587dd535c2b6a.jpg,healthy,1,0,0,0,0,0
ce8830b568669d7e.jpg,scab frog_eye_leaf_spot,0,1,1,0,0,0
d0ded7a58d837540.jpg,healthy,1,0,0,0,0,0
c39a3feca4a6de00.jpg,complex,0,0,0,0,0,1
f087971601ffc915.jpg,healthy,1,0,0,0,0,0
b68d8d1c396c1f86.jpg,complex,0,0,0,0,0,1
aca3265863af6e1c.jpg,rust,0,0,0,1,0,0
b4274b8fdfb014a8.jpg,scab,0,1,0,0,0,0
aaabb570d0d0eb15.jpg,rust,0,0,0,1,0,0
d54aadde341292b3.jpg,rust,0,0,0,1,0,0
df98c83c4d383c2d.jpg,scab,0,1,0,0,0,0
e0d27dd08e95e199.jpg,scab,0,1,0,0,0,0
dc0535c50eceecca.jpg,complex,0,0,0,0,0,1
bfe29090cb0b6f38.jpg,rust,0,0,0,1,0,0
dbc5d38e3ca1c4c2.jpg,healthy,1,0,0,0,0,0
b52d65c1ee320337.jpg,rust frog_eye_leaf_spot,0,0,1,1,0,0
d0eb67e0ebc2a10e.jpg,scab frog_eye_leaf_spot,0,1,1,0,0,0
f49bcb4f513c2318.jpg,healthy,1,0,0,0,0,0
f21b4aad83604f4f.jpg,rust,0,0,0,1,0,0
f32a82871ace9f70.jpg,frog_eye_leaf_spot,0,0,1,0,0,0
a8d4351a75f7c20b.jpg,rust,0,0,0,1,0,0
de13663b6c92fe00.jpg,scab frog_eye_leaf_spot,0,1,1,0,0,0
f318a567c225dae1.jpg,scab,0,1,0,0,0,0
ab6361c15d955d2a.jpg,rust,0,0,0,1,0,0
9fd0e6e39041e897.jpg,powdery_mildew,0,0,0,0,1,0
c8cd3cd8c26b971a.jpg,complex,0,0,0,0,0,1
a54bd4b85d9885d9.jpg,healthy,1,0,0,0,0,0
d1826b6a9797b8a1.jpg,scab,0,1,0,0,0,0
ada6c294ce4a9b35.jpg,healthy,1,0,0,0,0,0
8fba25d912583ba6.jpg,powdery_mildew,0,0,0,0,1,0
9e1ec87cda862297.jpg,rust,0,0,0,1,0,0
af012a859edf9a29.jpg,rust,0,0,0,1,0,0
d6c9931e28d31b66.jpg,healthy,1,0,0,0,0,0
d50d6e4a463706b7.jpg,scab,0,1,0,0,0,0
f0238f860f9efc18.jpg,complex,0,0,0,0,0,1
daf3308ba32d6b22.jpg,healthy,1,0,0,0,0,0
e1f59dc570897099.jpg,frog_eye_leaf_spot,0,0,1,0,0,0
beb542f99608d2ac.jpg,complex,0,0,0,0,0,1
bcf4cfa40698331d.jpg,scab,0,1,0,0,0,0
ad8084ecee24e6be.jpg,frog_eye_leaf_spot,0,0,1,0,0,0
bf36c6426a8e1359.jpg,rust,0,0,0,1,0,0
ae9ad06d6ba13227.jpg,rust,0,0,0,1,0,0
916060cbc51f477f.jpg,scab,0,1,0,0,0,0
9414b26503ce97bf.jpg,scab frog_eye_leaf_spot,0,1,1,0,0,0
b0f2c7c342cc5bcc.jpg,frog_eye_leaf_spot,0,0,1,0,0,0
e007da8a3d88a3fe.jpg,scab,0,1,0,0,0,0
df12622e774c8999.jpg,healthy,1,0,0,0,0,0
d4b5a5f178e16303.jpg,powdery_mildew,0,0,0,0,1,0
fca249f12dc3f038.jpg,scab,0,1,0,0,0,0
d84995ff0211c7ba.jpg,frog_eye_leaf_spot,0,0,1,0,0,0
9d96dc7a5de5e000.jpg,scab,0,1,0,0,0,0
daab83b07943495d.jpg,scab frog_eye_leaf_spot,0,1,1,0,0,0
9f23ef65613e8031.jpg,frog_eye_leaf_spot,0,0,1,0,0,0
fe92e53ec86cc320.jpg,complex,0,0,0,0,0,1
af9f979948682174.jpg,complex,0,0,0,0,0,1
e9dc9f288cc5508f.jpg,powdery_mildew,0,0,0,0,1,0
848e3ebfc16fc844.jpg,frog_eye_leaf_spot,0,0,1,0,0,0
82493fc17237a975.jpg,frog_eye_leaf_spot,0,0,1,0,0,0
d22bca926d9a7e60.jpg,healthy,1,0,0,0,0,0
d4a3d60d0d6e7296.jpg,healthy,1,0,0,0,0,0
faad029e75b14193.jpg,complex,0,0,0,0,0,1
ac7f81b41bc17c92.jpg,frog_eye_leaf_spot,0,0,1,0,0,0
b9e2dd8769e442a1.jpg,frog_eye_leaf_spot,0,0,1,0,0,0
90f28407fd9ebcd0.jpg,healthy,1,0,0,0,0,0
c0ff18bfb811e503.jpg,rust complex,0,0,0,1,0,1
cea794b9743985c8.jpg,healthy,1,0,0,0,0,0
f59c9395cb4a1b42.jpg,frog_eye_leaf_spot,0,0,1,0,0,0
b9ea9bc11be42e28.jpg,healthy,1,0,0,0,0,0
fe81989bc9ca20be.jpg,scab frog_eye_leaf_spot complex,0,1,1,0,0,1
ccd230e047ff1475.jpg,healthy,1,0,0,0,0,0
857d7e0090ff1f60.jpg,scab,0,1,0,0,0,0
fe4e14887b69c878.jpg,rust,0,0,0,1,0,0
e529adb8c61cca5c.jpg,complex,0,0,0,0,0,1
e4788fd45aad16a8.jpg,powdery_mildew,0,0,0,0,1,0
bcc3c8cf90ce80ee.jpg,frog_eye_leaf_spot,0,0,1,0,0,0
be6bd160cd52d498.jpg,scab,0,1,0,0,0,0
b7c37cad2d4458c2.jpg,frog_eye_leaf_spot,0,0,1,0,0,0
98a49d86dfcee0e0.jpg,frog_eye_leaf_spot,0,0,1,0,0,0
c9c4e8dfcf0a341c.jpg,powdery_mildew,0,0,0,0,1,0
94793fc5b0ce7248.jpg,healthy,1,0,0,0,0,0
fd8b069cd267e680.jpg,rust,0,0,0,1,0,0
eda3c29758f1a24a.jpg,rust frog_eye_leaf_spot,0,0,1,1,0,0
b6f6e1a0a5291e71.jpg,frog_eye_leaf_spot,0,0,1,0,0,0
b2afc6117171e5c1.jpg,complex,0,0,0,0,0,1
b5e8c0eed02d62b5.jpg,healthy,1,0,0,0,0,0
9dd6e871109407ef.jpg,healthy,1,0,0,0,0,0
9cc62996799866b3.jpg,powdery_mildew,0,0,0,0,1,0
da0279d62ab7129d.jpg,frog_eye_leaf_spot,0,0,1,0,0,0
a5e5db6960b4c683.jpg,scab frog_eye_leaf_spot complex,0,1,1,0,0,1
cd18a7b9792c1b4c.jpg,frog_eye_leaf_spot,0,0,1,0,0,0
c7d4ce184d793c31.jpg,scab,0,1,0,0,0,0
db6067d944836ea3.jpg,healthy,1,0,0,0,0,0
a52bdfd2504b0cbc.jpg,complex,0,0,0,0,0,1
cdcaf0b8375c6154.jpg,rust,0,0,0,1,0,0
ebf49a2e4f217085.jpg,scab,0,1,0,0,0,0
fcc4c4d2daf01bd0.jpg,healthy,1,0,0,0,0,0
f70792617c14f48e.jpg,scab,0,1,0,0,0,0
bb6a36dcc829ac23.jpg,rust,0,0,0,1,0,0
ffa8d5410c2f454d.jpg,healthy,1,0,0,0,0,0
d4b7ea94e1c509e2.jpg,healthy,1,0,0,0,0,0
baa2ddb051246bb5.jpg,complex,0,0,0,0,0,1
a7d81692c155eccd.jpg,scab,0,1,0,0,0,0
a8a9d5991e180f3f.jpg,healthy,1,0,0,0,0,0
f282871f787a089f.jpg,rust,0,0,0,1,0,0
f610d8adc9c207fa.jpg,healthy,1,0,0,0,0,0
924c6573e599e346.jpg,scab,0,1,0,0,0,0
c0a3e1e98755fd44.jpg,healthy,1,0,0,0,0,0
9c32cd7db230ba26.jpg,scab frog_eye_leaf_spot,0,1,1,0,0,0
82fb3ecab8e0b08d.jpg,complex,0,0,0,0,0,1
d2c592d39f7b3018.jpg,scab,0,1,0,0,0,0
a083c761ac7f02df.jpg,powdery_mildew complex,0,0,0,0,1,1
b5e11248e1333fce.jpg,complex,0,0,0,0,0,1
bc0ad0f8db49a8ad.jpg,healthy,1,0,0,0,0,0
e8bf851f8bec0298.jpg,healthy,1,0,0,0,0,0
ab83d29f12732e70.jpg,frog_eye_leaf_spot complex,0,0,1,0,0,1
fd2deae1c5c64488.jpg,frog_eye_leaf_spot,0,0,1,0,0,0
efbcc09086859ebc.jpg,healthy,1,0,0,0,0,0
fa3f80ea9c4b1a58.jpg,rust,0,0,0,1,0,0
fd33dc2e3d640027.jpg,scab,0,1,0,0,0,0
e1cb9dd81a916327.jpg,healthy,1,0,0,0,0,0
d4d8c2f98c81dcd5.jpg,frog_eye_leaf_spot,0,0,1,0,0,0
feb2051b85e00bee.jpg,rust,0,0,0,1,0,0
a56292dadb618d95.jpg,complex,0,0,0,0,0,1
90f99ee1c1132bb6.jpg,rust,0,0,0,1,0,0
af7885c15ac3275a.jpg,scab,0,1,0,0,0,0
f927c1d51269786c.jpg,healthy,1,0,0,0,0,0
99f3639158699cd8.jpg,rust,0,0,0,1,0,0
deae658f864292d8.jpg,powdery_mildew,0,0,0,0,1,0
94b531898979f38b.jpg,healthy,1,0,0,0,0,0
c03fd7f10fd3c808.jpg,frog_eye_leaf_spot,0,0,1,0,0,0
dadbb38611356354.jpg,rust,0,0,0,1,0,0
ae9c947c78c2f08e.jpg,healthy,1,0,0,0,0,0
eae5826b91c1731e.jpg,scab,0,1,0,0,0,0
e3959c9331543b1e.jpg,scab,0,1,0,0,0,0
880c3f24f0aec6df.jpg,healthy,1,0,0,0,0,0
85a5a0257f17fd12.jpg,healthy,1,0,0,0,0,0
cf822dcf01eec076.jpg,complex,0,0,0,0,0,1
e2b535c80d26bd2b.jpg,frog_eye_leaf_spot,0,0,1,0,0,0
c4f61f82bc397099.jpg,scab frog_eye_leaf_spot,0,1,1,0,0,0
cc926dca93ee134c.jpg,scab,0,1,0,0,0,0
c0311c836f956ff8.jpg,scab,0,1,0,0,0,0
feb401c5bd17514a.jpg,healthy,1,0,0,0,0,0
95dbb7c9c0f08a43.jpg,scab,0,1,0,0,0,0
876e87159db1f0a8.jpg,scab,0,1,0,0,0,0
c6c7ead3888a99a5.jpg,scab,0,1,0,0,0,0
94b42695f24dad36.jpg,complex,0,0,0,0,0,1
f4c2827d8d500efd.jpg,healthy,1,0,0,0,0,0
ad91921adb98ed92.jpg,scab frog_eye_leaf_spot,0,1,1,0,0,0
f0f007e1fc4f0969.jpg,scab,0,1,0,0,0,0
cac069d670dea725.jpg,frog_eye_leaf_spot,0,0,1,0,0,0
91984ef0262f3377.jpg,scab,0,1,0,0,0,0
ef80753a1b853e07.jpg,healthy,1,0,0,0,0,0
98f4ab9c8ea8dc2c.jpg,frog_eye_leaf_spot,0,0,1,0,0,0
fab6c199830ce1f8.jpg,complex,0,0,0,0,0,1
b1958b9d4a656665.jpg,frog_eye_leaf_spot,0,0,1,0,0,0
ef6890d5c0028fdf.jpg,rust,0,0,0,1,0,0
cd73219686dfb40c.jpg,frog_eye_leaf_spot,0,0,1,0,0,0
de16845a1f7054f6.jpg,scab,0,1,0,0,0,0
ed26d2939cda3185.jpg,frog_eye_leaf_spot,0,0,1,0,0,0
d88d6c451ed64f4c.jpg,scab,0,1,0,0,0,0
972cc9929ad6a5b2.jpg,scab,0,1,0,0,0,0
c5c29587a48e0f7e.jpg,healthy,1,0,0,0,0,0
d0364dc6ad1c6cba.jpg,scab,0,1,0,0,0,0
a89fc0503e7c29bd.jpg,rust,0,0,0,1,0,0
f8ca9fa31a35212b.jpg,healthy,1,0,0,0,0,0
97a9ee615cd53098.jpg,scab,0,1,0,0,0,0
c9a8c1d797d24aca.jpg,complex,0,0,0,0,0,1
d3e323c1d2393b61.jpg,scab,0,1,0,0,0,0
b0f8d5b4ca09955e.jpg,healthy,1,0,0,0,0,0
bcc481e6c5cef44a.jpg,frog_eye_leaf_spot,0,0,1,0,0,0
f00d97ec8a62c7e2.jpg,frog_eye_leaf_spot,0,0,1,0,0,0
ff3180f01eeb4985.jpg,scab,0,1,0,0,0,0
868779dc928db4b8.jpg,scab,0,1,0,0,0,0
b0a5c2facf442e17.jpg,healthy,1,0,0,0,0,0
adf45b87c8e1c0e8.jpg,frog_eye_leaf_spot,0,0,1,0,0,0
b4a3c8859bd25b3a.jpg,healthy,1,0,0,0,0,0
fc900b4d8bbd9551.jpg,scab,0,1,0,0,0,0
8ff5b4938181c59d.jpg,frog_eye_leaf_spot,0,0,1,0,0,0
e034d6f038ba395b.jpg,rust complex,0,0,0,1,0,1
8be8264e0dfce985.jpg,scab,0,1,0,0,0,0
d1fb5aa662b425d0.jpg,scab,0,1,0,0,0,0
8054952d7a8bacbf.jpg,complex,0,0,0,0,0,1
a270d2939fc5c19e.jpg,scab,0,1,0,0,0,0
e8b1dc2d251cd38e.jpg,rust,0,0,0,1,0,0
f381130bc85faf86.jpg,frog_eye_leaf_spot,0,0,1,0,0,0
deee221a00ffbd04.jpg,healthy,1,0,0,0,0,0
958d56cee2e485b2.jpg,scab,0,1,0,0,0,0
d4337000e09fb7bd.jpg,healthy,1,0,0,0,0,0
906e960e94f4d8d7.jpg,frog_eye_leaf_spot,0,0,1,0,0,0
c29e2f3f878380cb.jpg,scab,0,1,0,0,0,0
c47992ca2b13c56f.jpg,healthy,1,0,0,0,0,0
add793c1434d3496.jpg,frog_eye_leaf_spot,0,0,1,0,0,0
b4694b526dad249d.jpg,healthy,1,0,0,0,0,0
ab05b4e7d02a92fc.jpg,healthy,1,0,0,0,0,0
85c490c309eddf7a.jpg,scab,0,1,0,0,0,0
91c04a6fbb25b6e4.jpg,frog_eye_leaf_spot,0,0,1,0,0,0
fc8507d0e89b22bb.jpg,healthy,1,0,0,0,0,0
e117ca201ff07a2f.jpg,healthy,1,0,0,0,0,0
c5ec474e87945e58.jpg,healthy,1,0,0,0,0,0
af029b097a21b7d6.jpg,healthy,1,0,0,0,0,0
a1c9944a4bbcede2.jpg,healthy,1,0,0,0,0,0
e2f0d61691dc73a1.jpg,healthy,1,0,0,0,0,0
eec1c4c8178f313e.jpg,scab,0,1,0,0,0,0
e43c82e61d86e97a.jpg,scab,0,1,0,0,0,0
c7fc86c4a505936e.jpg,complex,0,0,0,0,0,1
cd3872109c36f5cb.jpg,healthy,1,0,0,0,0,0
9fb6c6dedac00306.jpg,frog_eye_leaf_spot complex,0,0,1,0,0,1
c0368d6668ff209f.jpg,healthy,1,0,0,0,0,0
a7b91490d7de5a82.jpg,healthy,1,0,0,0,0,0
fb90a2d38a48e3e5.jpg,powdery_mildew,0,0,0,0,1,0
b47199950ddf268c.jpg,healthy,1,0,0,0,0,0
b298d1d374552f86.jpg,frog_eye_leaf_spot,0,0,1,0,0,0
d5e990d29b124f17.jpg,healthy,1,0,0,0,0,0
d035d965296f6899.jpg,complex,0,0,0,0,0,1
adac93cac1b57a12.jpg,frog_eye_leaf_spot complex,0,0,1,0,0,1
d6901fddc8b78c06.jpg,rust,0,0,0,1,0,0
b96acb0f4dd8068d.jpg,scab,0,1,0,0,0,0
a4319a4358adbdd9.jpg,rust,0,0,0,1,0,0
cfd9b1c23922e70c.jpg,healthy,1,0,0,0,0,0
fb943c40cbd8742e.jpg,healthy,1,0,0,0,0,0
a162cb9728d966e9.jpg,healthy,1,0,0,0,0,0
a5ea1cd7cacad025.jpg,frog_eye_leaf_spot,0,0,1,0,0,0
d049f84969657ba6.jpg,scab,0,1,0,0,0,0
c4bd277cd8838a2b.jpg,powdery_mildew,0,0,0,0,1,0
d422c997fe9d9340.jpg,scab,0,1,0,0,0,0
eb91c18a5d5ea865.jpg,healthy,1,0,0,0,0,0
9509cd594073b3f5.jpg,rust,0,0,0,1,0,0
90da32919d3679f4.jpg,healthy,1,0,0,0,0,0
dd8652f81dc2588f.jpg,scab,0,1,0,0,0,0
fb9760c05a6c8f16.jpg,scab frog_eye_leaf_spot,0,1,1,0,0,0
e8bb74101bac4f4e.jpg,powdery_mildew,0,0,0,0,1,0
a28076f05d797971.jpg,healthy,1,0,0,0,0,0
f871938c5bcc4ae4.jpg,frog_eye_leaf_spot,0,0,1,0,0,0
ca782c131f5ce0fc.jpg,complex,0,0,0,0,0,1
bcd28d8f242f3730.jpg,powdery_mildew,0,0,0,0,1,0
8f89a47c698933cb.jpg,frog_eye_leaf_spot,0,0,1,0,0,0
956a14cd75279a74.jpg,healthy,1,0,0,0,0,0
80c190d95bf963f6.jpg,healthy,1,0,0,0,0,0
e8b8f8f58983c545.jpg,frog_eye_leaf_spot complex,0,0,1,0,0,1
9d94e38360edc719.jpg,powdery_mildew,0,0,0,0,1,0
c0d91da6b3b891cd.jpg,healthy,1,0,0,0,0,0
cd8a3c80aea8afe3.jpg,scab frog_eye_leaf_spot,0,1,1,0,0,0
b03f9c264e216f99.jpg,healthy,1,0,0,0,0,0
976f38907b872f80.jpg,frog_eye_leaf_spot,0,0,1,0,0,0
c383671fc2aae6e0.jpg,scab,0,1,0,0,0,0
c446f7dd0348ce47.jpg,scab,0,1,0,0,0,0
ffbd81e197614083.jpg,healthy,1,0,0,0,0,0
9689ceb16e779086.jpg,frog_eye_leaf_spot,0,0,1,0,0,0
b5d5508f3c64b525.jpg,scab frog_eye_leaf_spot,0,1,1,0,0,0
f6fe83344d272494.jpg,complex,0,0,0,0,0,1
b2a2b59f8d6d1017.jpg,scab,0,1,0,0,0,0
c080fa92ada17fa7.jpg,complex,0,0,0,0,0,1
8a16276936ea7aca.jpg,complex,0,0,0,0,0,1
c5b4359dcc688967.jpg,rust frog_eye_leaf_spot,0,0,1,1,0,0
e968d6e6e89c8558.jpg,healthy,1,0,0,0,0,0
c75a25d0cbcde630.jpg,scab,0,1,0,0,0,0
a8d1ce897ca46367.jpg,scab,0,1,0,0,0,0
e51485651d273779.jpg,powdery_mildew,0,0,0,0,1,0
f15ab14f3a2a7e04.jpg,frog_eye_leaf_spot,0,0,1,0,0,0
e899d44d97092b6d.jpg,healthy,1,0,0,0,0,0
aef2c24a45edcb84.jpg,frog_eye_leaf_spot,0,0,1,0,0,0
8740c92af12b55df.jpg,healthy,1,0,0,0,0,0
a158872f4a725b6e.jpg,healthy,1,0,0,0,0,0
94d93de209b27a72.jpg,scab,0,1,0,0,0,0
80707683b3df0f1b.jpg,healthy,1,0,0,0,0,0
a2f2b5db3cc42d48.jpg,complex,0,0,0,0,0,1
b1c69f4b18051bb7.jpg,scab,0,1,0,0,0,0
85e53e8786664a9d.jpg,scab,0,1,0,0,0,0
b1e4c7830f1b5a72.jpg,healthy,1,0,0,0,0,0
c83915e48b5c21ff.jpg,scab,0,1,0,0,0,0
9185e58ff11ed158.jpg,scab,0,1,0,0,0,0
c5f0ab41623dbf14.jpg,scab,0,1,0,0,0,0
b9802bdf905fc239.jpg,complex,0,0,0,0,0,1
e1c5fafb48fcc100.jpg,healthy,1,0,0,0,0,0
de96253c36da40c7.jpg,complex,0,0,0,0,0,1
e1b0c1bc9fcf3105.jpg,healthy,1,0,0,0,0,0
e53b9026b9a29fc1.jpg,frog_eye_leaf_spot,0,0,1,0,0,0
b8c083f6159fe15a.jpg,scab,0,1,0,0,0,0
e9bc9590f04253fa.jpg,frog_eye_leaf_spot,0,0,1,0,0,0
c0c7c3dcd8f8d0f0.jpg,scab,0,1,0,0,0,0
822b8eb73a27e8cc.jpg,frog_eye_leaf_spot,0,0,1,0,0,0
f5981cc463361a7e.jpg,rust,0,0,0,1,0,0
c3ea3de0b503c237.jpg,scab,0,1,0,0,0,0
9e61cd2b456525b5.jpg,rust,0,0,0,1,0,0
eb4661555a3daa45.jpg,scab,0,1,0,0,0,0
ba9ee28481257773.jpg,scab,0,1,0,0,0,0
84936b111763f6ab.jpg,powdery_mildew,0,0,0,0,1,0
fce0003f189f0d9f.jpg,rust frog_eye_leaf_spot,0,0,1,1,0,0
a5ce4a5e45957ea0.jpg,scab frog_eye_leaf_spot,0,1,1,0,0,0
8a9f2f485e20ade9.jpg,frog_eye_leaf_spot,0,0,1,0,0,0
ad71c0dd3155a19b.jpg,healthy,1,0,0,0,0,0
cfe1c6c3e882703e.jpg,healthy,1,0,0,0,0,0
a5dec1984966f331.jpg,healthy,1,0,0,0,0,0
b2e3c7d3028db1ac.jpg,healthy,1,0,0,0,0,0
8a0d7cad7053f18d.jpg,rust,0,0,0,1,0,0
e268d54a4f061f1f.jpg,rust,0,0,0,1,0,0
a1bfa1d697808bd2.jpg,frog_eye_leaf_spot complex,0,0,1,0,0,1
86e3c61f2b3d21c5.jpg,scab,0,1,0,0,0,0
a9d992642cd69cd3.jpg,frog_eye_leaf_spot complex,0,0,1,0,0,1
f48bb89795a01df0.jpg,frog_eye_leaf_spot,0,0,1,0,0,0
d5e89b7c031b9652.jpg,healthy,1,0,0,0,0,0
f0c68bc61d812bfc.jpg,powdery_mildew,0,0,0,0,1,0
e0b46a936d8299de.jpg,powdery_mildew,0,0,0,0,1,0
a54c8292ee99d6f8.jpg,healthy,1,0,0,0,0,0
c1c4f92f6d261792.jpg,frog_eye_leaf_spot,0,0,1,0,0,0
94964a6dad12c8f7.jpg,frog_eye_leaf_spot,0,0,1,0,0,0
a8469cafcc95cda1.jpg,healthy,1,0,0,0,0,0
ac11d5f888cff88a.jpg,frog_eye_leaf_spot,0,0,1,0,0,0
b498824ddd3cf236.jpg,complex,0,0,0,0,0,1
ebf8b6e8e0b84445.jpg,rust,0,0,0,1,0,0
fc8580e85eecb938.jpg,rust,0,0,0,1,0,0
ed93f0fac0f84c21.jpg,scab,0,1,0,0,0,0
f48790e25bc568f8.jpg,healthy,1,0,0,0,0,0
f063cdf84a08ceae.jpg,frog_eye_leaf_spot complex,0,0,1,0,0,1
8598673a92b3ad4b.jpg,frog_eye_leaf_spot,0,0,1,0,0,0
f0fccab82aa97d02.jpg,healthy,1,0,0,0,0,0
98c93272a7cee646.jpg,complex,0,0,0,0,0,1
ed72c432a99ac92d.jpg,frog_eye_leaf_spot,0,0,1,0,0,0
d3c96892b78e4674.jpg,rust,0,0,0,1,0,0
df9490df98492cb1.jpg,scab,0,1,0,0,0,0
98b039a386bbde07.jpg,healthy,1,0,0,0,0,0
adfda6444642cd8e.jpg,scab,0,1,0,0,0,0
a4fd8719595b6145.jpg,healthy,1,0,0,0,0,0
8646661781979f9b.jpg,frog_eye_leaf_spot,0,0,1,0,0,0
a4f856d64149ef1c.jpg,healthy,1,0,0,0,0,0
fda42b619098cecd.jpg,healthy,1,0,0,0,0,0
f0f21b8aeb9981b4.jpg,powdery_mildew,0,0,0,0,1,0
effed020db1462a1.jpg,scab,0,1,0,0,0,0
d6f40940d86f4b7a.jpg,frog_eye_leaf_spot,0,0,1,0,0,0
e53fdc724be05844.jpg,healthy,1,0,0,0,0,0
af78c28a0afbfd00.jpg,scab,0,1,0,0,0,0
abf623805e9d4b8c.jpg,frog_eye_leaf_spot,0,0,1,0,0,0
f98383651e757131.jpg,frog_eye_leaf_spot,0,0,1,0,0,0
fc37f485000b0fcf.jpg,scab,0,1,0,0,0,0
8a7513a0bbe451f5.jpg,scab,0,1,0,0,0,0
81be3593928bb798.jpg,frog_eye_leaf_spot,0,0,1,0,0,0
901013753f0e36ff.jpg,frog_eye_leaf_spot,0,0,1,0,0,0
aaff3ba4f8924092.jpg,healthy,1,0,0,0,0,0
dd003efd0a2f43a5.jpg,frog_eye_leaf_spot,0,0,1,0,0,0
a90a95e0dac37ada.jpg,scab,0,1,0,0,0,0
c2152b766fc1d392.jpg,healthy,1,0,0,0,0,0
cc6338e137a9a34d.jpg,scab frog_eye_leaf_spot,0,1,1,0,0,0
e92c7b30528b8f1e.jpg,powdery_mildew,0,0,0,0,1,0
ff81979e494038d3.jpg,rust,0,0,0,1,0,0
8ddaa5a5caa5caa8.jpg,healthy,1,0,0,0,0,0
af23b07f32793508.jpg,scab,0,1,0,0,0,0
b53ecb92c4ba7144.jpg,healthy,1,0,0,0,0,0
e0eac165b2c1576b.jpg,healthy,1,0,0,0,0,0
8ff4c30acbc09f8a.jpg,scab,0,1,0,0,0,0
85806940f76d779e.jpg,rust,0,0,0,1,0,0
b2cbe09212dad795.jpg,complex,0,0,0,0,0,1
e03698e21f2f1f25.jpg,scab,0,1,0,0,0,0
80d3d90ae89717fc.jpg,scab,0,1,0,0,0,0
c0bd68dad79507a2.jpg,scab,0,1,0,0,0,0
bd2e8680df9fe410.jpg,scab frog_eye_leaf_spot,0,1,1,0,0,0
b7c7c926cc309273.jpg,scab,0,1,0,0,0,0
9db07f4d938388e4.jpg,rust,0,0,0,1,0,0
9096c3cacacb4bf8.jpg,scab,0,1,0,0,0,0
f9c44e2d40b792b6.jpg,scab,0,1,0,0,0,0
e56ad2368f397121.jpg,healthy,1,0,0,0,0,0
b493968f79ac8ab0.jpg,powdery_mildew,0,0,0,0,1,0
fefc858a1e1f0849.jpg,rust,0,0,0,1,0,0
b232d939c8c9b6c5.jpg,scab,0,1,0,0,0,0
93fce6b50df12a01.jpg,scab,0,1,0,0,0,0
80e73692da7da790.jpg,frog_eye_leaf_spot,0,0,1,0,0,0
e04471b9863b3db6.jpg,powdery_mildew,0,0,0,0,1,0
cd0bce16308f732d.jpg,healthy,1,0,0,0,0,0
e8d587dac1e2612b.jpg,frog_eye_leaf_spot,0,0,1,0,0,0
b02d33b5e45ac669.jpg,healthy,1,0,0,0,0,0
84eea29c8198ed7d.jpg,scab,0,1,0,0,0,0
df89cd86c0ed05ca.jpg,healthy,1,0,0,0,0,0
c7eac4fae0d22133.jpg,powdery_mildew,0,0,0,0,1,0
b0c9d2b06da6f46c.jpg,complex,0,0,0,0,0,1
859b5d802ded92e5.jpg,rust,0,0,0,1,0,0
f1e3ab95b0ac88aa.jpg,frog_eye_leaf_spot,0,0,1,0,0,0
9907d4c9ca9b525e.jpg,healthy,1,0,0,0,0,0
fc90c7f580cd856c.jpg,powdery_mildew complex,0,0,0,0,1,1
fff5d8c2801ec40e.jpg,healthy,1,0,0,0,0,0
bd813ed613f0c929.jpg,healthy,1,0,0,0,0,0
b796b6f8718411d4.jpg,frog_eye_leaf_spot,0,0,1,0,0,0
a58fe466e5781178.jpg,frog_eye_leaf_spot,0,0,1,0,0,0
f9aeeb94d2104395.jpg,healthy,1,0,0,0,0,0
d1da6378e5c3cc05.jpg,scab,0,1,0,0,0,0
b5ab42c50ff8a487.jpg,frog_eye_leaf_spot,0,0,1,0,0,0
d068e6321fad9cc9.jpg,rust,0,0,0,1,0,0
f4f4c0122279fccd.jpg,healthy,1,0,0,0,0,0
e0b79a1a0da47dcc.jpg,scab,0,1,0,0,0,0
a4dc8bbb1a693543.jpg,healthy,1,0,0,0,0,0
9a9075e42e8f9ab1.jpg,healthy,1,0,0,0,0,0
c9d421cc72ed77a0.jpg,scab,0,1,0,0,0,0
fad0d2536b65b098.jpg,powdery_mildew complex,0,0,0,0,1,1
8720263af6f5a0fc.jpg,frog_eye_leaf_spot,0,0,1,0,0,0
d16d728f367d2444.jpg,rust complex,0,0,0,1,0,1
92ad0adbb54922f6.jpg,frog_eye_leaf_spot,0,0,1,0,0,0
e2d4bb51b1449d63.jpg,frog_eye_leaf_spot,0,0,1,0,0,0
d4f0f174b13520b7.jpg,healthy,1,0,0,0,0,0
f8bda700f2fc0607.jpg,frog_eye_leaf_spot,0,0,1,0,0,0
ab6543c3461bf68c.jpg,frog_eye_leaf_spot,0,0,1,0,0,0
dbcdf2693870e405.jpg,powdery_mildew,0,0,0,0,1,0
e13dd2594b49ad85.jpg,healthy,1,0,0,0,0,0
ad3fc52207701fca.jpg,rust,0,0,0,1,0,0
d9c2b023a6ecdd83.jpg,powdery_mildew,0,0,0,0,1,0
b33dc2a41f9b38d0.jpg,scab,0,1,0,0,0,0
d596b5d3d96a9c00.jpg,frog_eye_leaf_spot,0,0,1,0,0,0
b2969a8dca1bc51e.jpg,healthy,1,0,0,0,0,0
f1d09aaacb9c40f9.jpg,scab,0,1,0,0,0,0
dab34ede54434aa8.jpg,scab,0,1,0,0,0,0
b00ff8c27b6c239a.jpg,rust,0,0,0,1,0,0
c1e0281d2fbf0eb6.jpg,scab,0,1,0,0,0,0
f549da302a3237b3.jpg,healthy,1,0,0,0,0,0
c258c0979eb9f075.jpg,healthy,1,0,0,0,0,0
cdd8c0f404bacbbc.jpg,frog_eye_leaf_spot,0,0,1,0,0,0
eac591536af44596.jpg,frog_eye_leaf_spot complex,0,0,1,0,0,1
cdd4b812709761f3.jpg,scab frog_eye_leaf_spot,0,1,1,0,0,0
cf8274bf1bd0e182.jpg,scab,0,1,0,0,0,0
dc4edc25c882e55b.jpg,rust,0,0,0,1,0,0
d0619f2ff0d3c382.jpg,scab,0,1,0,0,0,0
e001d24f6f3e74a9.jpg,healthy,1,0,0,0,0,0
e10287d7529c87fc.jpg,frog_eye_leaf_spot,0,0,1,0,0,0
b6aa89830b8f0eed.jpg,scab,0,1,0,0,0,0
999e3ec01a2f7315.jpg,scab frog_eye_leaf_spot,0,1,1,0,0,0
8913cdea8f756426.jpg,scab,0,1,0,0,0,0
f18de132264a997e.jpg,complex,0,0,0,0,0,1
c8cd7094369ab3b9.jpg,scab,0,1,0,0,0,0
c538c6d3943fd294.jpg,scab,0,1,0,0,0,0
cc31c6cb2e25eb19.jpg,healthy,1,0,0,0,0,0
ff60c1b106523cbb.jpg,scab,0,1,0,0,0,0
85b5c98f1a9227a7.jpg,scab frog_eye_leaf_spot complex,0,1,1,0,0,1
de81defbc0516512.jpg,frog_eye_leaf_spot,0,0,1,0,0,0
ad859555ca6dc8a5.jpg,scab,0,1,0,0,0,0
c1e2bf8bc6940a9e.jpg,frog_eye_leaf_spot,0,0,1,0,0,0
cbe07785217f4760.jpg,frog_eye_leaf_spot,0,0,1,0,0,0
b40f94750b927aad.jpg,scab,0,1,0,0,0,0
956291ca4b7ad758.jpg,healthy,1,0,0,0,0,0
c08777977a45ab30.jpg,scab,0,1,0,0,0,0
e004d1da9e915f9b.jpg,healthy,1,0,0,0,0,0
af8d425715a535c5.jpg,complex,0,0,0,0,0,1
c6e53fca10b1731c.jpg,scab frog_eye_leaf_spot,0,1,1,0,0,0
b1bd5b405ae45a2d.jpg,frog_eye_leaf_spot,0,0,1,0,0,0
9598d27a2caa0e3f.jpg,scab frog_eye_leaf_spot,0,1,1,0,0,0
b4bdce088b9601ef.jpg,powdery_mildew,0,0,0,0,1,0
a50fd73100b37a7c.jpg,rust,0,0,0,1,0,0
f5cec7ee854411a4.jpg,healthy,1,0,0,0,0,0
a387e73e38353c50.jpg,frog_eye_leaf_spot,0,0,1,0,0,0
dff2bf11bd0b0c00.jpg,scab,0,1,0,0,0,0
a5d8924f7fad18a0.jpg,healthy,1,0,0,0,0,0
8f9b3a381388ad9d.jpg,rust,0,0,0,1,0,0
dd7c499ded232190.jpg,frog_eye_leaf_spot,0,0,1,0,0,0
ac163630d2769cf6.jpg,powdery_mildew,0,0,0,0,1,0
a8b1d0aacd2fb546.jpg,healthy,1,0,0,0,0,0
b45eca682876f0e3.jpg,frog_eye_leaf_spot,0,0,1,0,0,0
8b9c25c9ac739a87.jpg,frog_eye_leaf_spot,0,0,1,0,0,0
839f36383b70463e.jpg,healthy,1,0,0,0,0,0
ccfe6ac9b5004da6.jpg,healthy,1,0,0,0,0,0
8a993a71634e7327.jpg,scab,0,1,0,0,0,0
af2d9468d8e552d4.jpg,healthy,1,0,0,0,0,0
bac0dac7d82585b6.jpg,frog_eye_leaf_spot,0,0,1,0,0,0
f4ddd2f2c9830ac1.jpg,healthy,1,0,0,0,0,0
b1bac120cf77cf10.jpg,frog_eye_leaf_spot,0,0,1,0,0,0
948bcdf456b47226.jpg,healthy,1,0,0,0,0,0
e1259b2b6ef74203.jpg,scab frog_eye_leaf_spot,0,1,1,0,0,0
81a063b69c99ed9e.jpg,rust,0,0,0,1,0,0
a611b48e1abc4b9f.jpg,healthy,1,0,0,0,0,0
f6d9005a9e4683be.jpg,scab,0,1,0,0,0,0
a59dd22dc9a67612.jpg,scab frog_eye_leaf_spot,0,1,1,0,0,0
d4c56a8535da1ed8.jpg,powdery_mildew,0,0,0,0,1,0
d5f4c6c2ec84b9a8.jpg,healthy,1,0,0,0,0,0
cf2bdc3010b0f6d6.jpg,scab,0,1,0,0,0,0
9df81f99bd296041.jpg,scab,0,1,0,0,0,0
87ccf92cac2565f0.jpg,frog_eye_leaf_spot,0,0,1,0,0,0
e7b609f506a215b9.jpg,scab,0,1,0,0,0,0
bce8f697820acb70.jpg,scab,0,1,0,0,0,0
90ee3bc6896517b8.jpg,healthy,1,0,0,0,0,0
adfc75ca5818c496.jpg,scab,0,1,0,0,0,0
e14f90e19d7e9825.jpg,healthy,1,0,0,0,0,0
c783b3ca61cfc3c0.jpg,frog_eye_leaf_spot,0,0,1,0,0,0
d5928febfc2cc090.jpg,scab,0,1,0,0,0,0
fccac8f84f85b405.jpg,healthy,1,0,0,0,0,0
dec2c0ec76393a31.jpg,powdery_mildew,0,0,0,0,1,0
e3e2869f9cb03259.jpg,scab,0,1,0,0,0,0
e890c71f66323ec5.jpg,complex,0,0,0,0,0,1
fcd5e4bec81ac818.jpg,healthy,1,0,0,0,0,0
a1e83a8a8d61cd3f.jpg,complex,0,0,0,0,0,1
949437f0688be73a.jpg,rust,0,0,0,1,0,0
bcb5665e1aa21e38.jpg,complex,0,0,0,0,0,1
f8246081ef3f31d6.jpg,scab,0,1,0,0,0,0
b4c586dcd973268c.jpg,frog_eye_leaf_spot,0,0,1,0,0,0
87fb9c6d9f182054.jpg,frog_eye_leaf_spot,0,0,1,0,0,0
d09f8c6134b2d79a.jpg,healthy,1,0,0,0,0,0
a89097fa5afb011b.jpg,healthy,1,0,0,0,0,0
9631cb0f8ed839c6.jpg,scab,0,1,0,0,0,0
ada2539a8b51fa38.jpg,scab,0,1,0,0,0,0
dccac8c6939037ba.jpg,healthy,1,0,0,0,0,0
d8e897d53e507823.jpg,frog_eye_leaf_spot,0,0,1,0,0,0
d1c0c4df0eeccd2c.jpg,complex,0,0,0,0,0,1
926d3ef2654c9638.jpg,rust,0,0,0,1,0,0
b5e74997954a9609.jpg,rust,0,0,0,1,0,0
b4cdd7a9255ad310.jpg,frog_eye_leaf_spot,0,0,1,0,0,0
e5334ac3595a3699.jpg,healthy,1,0,0,0,0,0
b4ba97508bd588e5.jpg,healthy,1,0,0,0,0,0
adb8c1098d6f4667.jpg,scab,0,1,0,0,0,0
e5f4d3e960ae5086.jpg,rust,0,0,0,1,0,0
a1af86c47d08fc71.jpg,healthy,1,0,0,0,0,0
b49c9bdacdc9480e.jpg,scab,0,1,0,0,0,0
9fa164c3e14ca79c.jpg,complex,0,0,0,0,0,1
ebc09db8db31b902.jpg,scab frog_eye_leaf_spot,0,1,1,0,0,0
d7826acca9bcb862.jpg,frog_eye_leaf_spot,0,0,1,0,0,0
d8e439c4a39e05bd.jpg,complex,0,0,0,0,0,1
8ebe60843fd8b18b.jpg,frog_eye_leaf_spot,0,0,1,0,0,0
cb5a6d859c2b906e.jpg,healthy,1,0,0,0,0,0
f0cad26ccca8e8b3.jpg,frog_eye_leaf_spot,0,0,1,0,0,0
95f565a7c849634c.jpg,powdery_mildew,0,0,0,0,1,0
c05f368311f83e2f.jpg,healthy,1,0,0,0,0,0
8cabacfdc2893859.jpg,scab,0,1,0,0,0,0
da915f88e03fb24c.jpg,frog_eye_leaf_spot,0,0,1,0,0,0
c13ac1d89f438ccf.jpg,scab,0,1,0,0,0,0
f8278d078975f0d4.jpg,rust complex,0,0,0,1,0,1
d3e2c3e2c8a7ae24.jpg,frog_eye_leaf_spot,0,0,1,0,0,0
9392d0fcd8c1c0fd.jpg,scab,0,1,0,0,0,0
e9c995606c25763e.jpg,scab frog_eye_leaf_spot,0,1,1,0,0,0
dcdae8b072b1ce30.jpg,healthy,1,0,0,0,0,0
e79fd1781e21209e.jpg,frog_eye_leaf_spot,0,0,1,0,0,0
920e33d67f8b01b3.jpg,rust,0,0,0,1,0,0
d0fe91c042a1f5f6.jpg,healthy,1,0,0,0,0,0
94d552dd0b286ceb.jpg,scab,0,1,0,0,0,0
f1c41fc3e083c7e1.jpg,healthy,1,0,0,0,0,0
d0f007cbe5c1c59e.jpg,scab,0,1,0,0,0,0
8faf6f2330589c68.jpg,frog_eye_leaf_spot,0,0,1,0,0,0
edc0cfc8da9c0969.jpg,healthy,1,0,0,0,0,0
81f497994a696f16.jpg,scab frog_eye_leaf_spot,0,1,1,0,0,0
d3d02ed452fd211b.jpg,frog_eye_leaf_spot,0,0,1,0,0,0
85321fc53ce5e172.jpg,healthy,1,0,0,0,0,0
fca5c1d0e6fc1914.jpg,frog_eye_leaf_spot,0,0,1,0,0,0
ad93e28fbc0c11ce.jpg,powdery_mildew,0,0,0,0,1,0
c8fa8e8b9ab0b685.jpg,healthy,1,0,0,0,0,0
fab0b25f94430be1.jpg,scab,0,1,0,0,0,0
fd05c11e0fa88f8d.jpg,rust,0,0,0,1,0,0
98f27d93d8292b0e.jpg,frog_eye_leaf_spot,0,0,1,0,0,0
fa8a7aa901a50bee.jpg,healthy,1,0,0,0,0,0
921dc07a99c5fcc3.jpg,scab,0,1,0,0,0,0
b99416e07cf1ed88.jpg,healthy,1,0,0,0,0,0
e0ee44c7173a3d32.jpg,complex,0,0,0,0,0,1
95f76ac2bdc0cc82.jpg,frog_eye_leaf_spot,0,0,1,0,0,0
c5a1309e4bb8bf19.jpg,complex,0,0,0,0,0,1
ddd51cd069b8130f.jpg,scab,0,1,0,0,0,0
b7e4e18223c61b1f.jpg,scab,0,1,0,0,0,0
fac4c0c9db40e3d3.jpg,scab,0,1,0,0,0,0
fd9dc08c83a9caa9.jpg,healthy,1,0,0,0,0,0
d1e1fa8701ef00db.jpg,powdery_mildew,0,0,0,0,1,0
d36cc3c8c9e22ca7.jpg,scab,0,1,0,0,0,0
b7e37390903d1f44.jpg,healthy,1,0,0,0,0,0
8af8a0c2beca90ef.jpg,healthy,1,0,0,0,0,0
98eb956d06766692.jpg,scab frog_eye_leaf_spot,0,1,1,0,0,0
b4a5e89a872d1c6e.jpg,complex,0,0,0,0,0,1
add8f582da685345.jpg,complex,0,0,0,0,0,1
dfc0328c3876e1f1.jpg,rust,0,0,0,1,0,0
ebb09732ca43a9d4.jpg,healthy,1,0,0,0,0,0
aa9cc64b58e538b6.jpg,frog_eye_leaf_spot complex,0,0,1,0,0,1
ebd095f2942d86d4.jpg,healthy,1,0,0,0,0,0
89953d7b00f1a3ad.jpg,frog_eye_leaf_spot,0,0,1,0,0,0
eeac26f6024e8e4b.jpg,frog_eye_leaf_spot,0,0,1,0,0,0
9f802f3f8a603cb5.jpg,powdery_mildew,0,0,0,0,1,0
d246b1c6e06f40bf.jpg,scab,0,1,0,0,0,0
c7f00b736c8943b3.jpg,complex,0,0,0,0,0,1
d4484e8d7bd8b34a.jpg,complex,0,0,0,0,0,1
c7e31f2378cb6019.jpg,scab,0,1,0,0,0,0
f780db27183309f3.jpg,frog_eye_leaf_spot,0,0,1,0,0,0
ebc4883fdc31c313.jpg,complex,0,0,0,0,0,1
acd58c4b65a533d1.jpg,healthy,1,0,0,0,0,0
a1bdc7e09ec1cc86.jpg,scab,0,1,0,0,0,0
aaa90ec1c5694efa.jpg,frog_eye_leaf_spot,0,0,1,0,0,0
ec4e83201ffb6896.jpg,scab frog_eye_leaf_spot,0,1,1,0,0,0
8282c0bddf3ecd4a.jpg,healthy,1,0,0,0,0,0
b498c269bc25badc.jpg,complex,0,0,0,0,0,1
dff06d00029ffb0a.jpg,scab,0,1,0,0,0,0
fcf82ac08b0edbd0.jpg,scab,0,1,0,0,0,0
a847f9a3993169b1.jpg,frog_eye_leaf_spot,0,0,1,0,0,0
8a1b387a99311bf5.jpg,scab,0,1,0,0,0,0
db17f3e581a1aca0.jpg,rust,0,0,0,1,0,0
c39ae21ae1dde5c0.jpg,healthy,1,0,0,0,0,0
dae5d3228f92069e.jpg,healthy,1,0,0,0,0,0
d5f0c2feb3942590.jpg,scab,0,1,0,0,0,0
dab4e58d892c8e2e.jpg,healthy,1,0,0,0,0,0
9499603eb54af786.jpg,rust,0,0,0,1,0,0
f82403271fee0e7a.jpg,frog_eye_leaf_spot,0,0,1,0,0,0
bd5225a644a76e96.jpg,healthy,1,0,0,0,0,0
d29fe09992ec61f0.jpg,scab,0,1,0,0,0,0
f54e5a10f9b347c0.jpg,frog_eye_leaf_spot,0,0,1,0,0,0
96aa20cbd3aceaa5.jpg,scab,0,1,0,0,0,0
a94383b2ad331f5c.jpg,scab,0,1,0,0,0,0
b6a0941a8afdc9ad.jpg,healthy,1,0,0,0,0,0
a18bcd5d54347c74.jpg,scab,0,1,0,0,0,0
a9f4de3e81c0a5cc.jpg,frog_eye_leaf_spot,0,0,1,0,0,0
bd36c036dc3ac871.jpg,scab,0,1,0,0,0,0
e03ffd208ce08d76.jpg,scab,0,1,0,0,0,0
dd4ae495cace9509.jpg,scab,0,1,0,0,0,0
894f34daad6d3621.jpg,rust,0,0,0,1,0,0
c9f492e3cd114aa7.jpg,scab frog_eye_leaf_spot,0,1,1,0,0,0
f3e5c3c41e0f22d4.jpg,healthy,1,0,0,0,0,0
b625695a2ad416e7.jpg,healthy,1,0,0,0,0,0
c12c3c76a772f113.jpg,frog_eye_leaf_spot,0,0,1,0,0,0
b8f08391de9f9099.jpg,rust,0,0,0,1,0,0
a167986549b46ed9.jpg,rust frog_eye_leaf_spot,0,0,1,1,0,0
cfb8e0b68362db03.jpg,frog_eye_leaf_spot,0,0,1,0,0,0
acf79443606527f8.jpg,scab,0,1,0,0,0,0
c3a2b8eff8e06093.jpg,healthy,1,0,0,0,0,0
a953ca8d81db7619.jpg,rust,0,0,0,1,0,0
9e1f7cd66c1260ac.jpg,powdery_mildew,0,0,0,0,1,0
8a1f1cdc4f283d33.jpg,scab,0,1,0,0,0,0
da1bc2d29a137674.jpg,powdery_mildew,0,0,0,0,1,0
bedb606832556ab8.jpg,rust,0,0,0,1,0,0
b1a5929298ef0dcd.jpg,powdery_mildew,0,0,0,0,1,0
911e91388fcb8c7b.jpg,frog_eye_leaf_spot,0,0,1,0,0,0
a246d2a68a374df3.jpg,scab frog_eye_leaf_spot,0,1,1,0,0,0
979fc059c945e2a3.jpg,complex,0,0,0,0,0,1
e694c4f2258b333d.jpg,healthy,1,0,0,0,0,0
a1b0d2d51d5f1a95.jpg,rust,0,0,0,1,0,0
be80d450dac87d7c.jpg,frog_eye_leaf_spot complex,0,0,1,0,0,1
b56a25ef40b553a4.jpg,scab,0,1,0,0,0,0
ff19c19c8f841a1e.jpg,frog_eye_leaf_spot,0,0,1,0,0,0
9ebe7010caaabd07.jpg,scab,0,1,0,0,0,0
e1b496d28bd11d55.jpg,frog_eye_leaf_spot,0,0,1,0,0,0
c4c168cbb5cdc66c.jpg,scab,0,1,0,0,0,0
901f704f717817b9.jpg,scab,0,1,0,0,0,0
ed0778000fe5c7f2.jpg,healthy,1,0,0,0,0,0
f8ab8597dc92d411.jpg,healthy,1,0,0,0,0,0
f8f90721378f03c6.jpg,scab,0,1,0,0,0,0
ddaa399eca78c221.jpg,scab,0,1,0,0,0,0
d57f8e26261a361a.jpg,frog_eye_leaf_spot,0,0,1,0,0,0
82b6f2f81183b19f.jpg,scab,0,1,0,0,0,0
c2cb9e149a356a75.jpg,scab frog_eye_leaf_spot,0,1,1,0,0,0
82b0bf43b916eb38.jpg,scab,0,1,0,0,0,0
e3e28ac011bd372f.jpg,healthy,1,0,0,0,0,0
af5c1f91f272284a.jpg,healthy,1,0,0,0,0,0
cef59750decf00c0.jpg,scab,0,1,0,0,0,0
f571df500b9470b4.jpg,healthy,1,0,0,0,0,0
f820d495c7fcc5d0.jpg,rust,0,0,0,1,0,0
c0d298a9dace33b9.jpg,healthy,1,0,0,0,0,0
fda5b5458a960f84.jpg,healthy,1,0,0,0,0,0
cda83f98426734d5.jpg,frog_eye_leaf_spot,0,0,1,0,0,0
f8898f133e1ec0ce.jpg,scab frog_eye_leaf_spot,0,1,1,0,0,0
a995264e9f53a391.jpg,powdery_mildew,0,0,0,0,1,0
c9d43b9652ac935c.jpg,scab,0,1,0,0,0,0
a6b1944391edd66a.jpg,healthy,1,0,0,0,0,0
d33c94dee0947d0c.jpg,scab,0,1,0,0,0,0
ef2580343f9a36ca.jpg,healthy,1,0,0,0,0,0
dbe1b3846e06b86a.jpg,rust,0,0,0,1,0,0
e8210ddefc024fec.jpg,rust,0,0,0,1,0,0
818bba9d38f8bc54.jpg,healthy,1,0,0,0,0,0
abb582178a5f78c8.jpg,frog_eye_leaf_spot,0,0,1,0,0,0
a5cda58d45ce54cc.jpg,scab frog_eye_leaf_spot complex,0,1,1,0,0,1
aa6284e75eb56d50.jpg,healthy,1,0,0,0,0,0
d0038fc70833bdd7.jpg,powdery_mildew,0,0,0,0,1,0
bd8292bb8fd808d9.jpg,healthy,1,0,0,0,0,0
a1f7889c1e7d4329.jpg,complex,0,0,0,0,0,1
ade19a01c33d66da.jpg,scab,0,1,0,0,0,0
a035bcca8fb65aa8.jpg,scab,0,1,0,0,0,0
a087da68597743f4.jpg,scab,0,1,0,0,0,0
d4b23e167dd6c290.jpg,scab,0,1,0,0,0,0
8de4948fd9ed3805.jpg,complex,0,0,0,0,0,1
dcf880760b8b2d9e.jpg,scab,0,1,0,0,0,0
ebd46190c4abda6c.jpg,rust,0,0,0,1,0,0
b450c27ade59ab2c.jpg,frog_eye_leaf_spot,0,0,1,0,0,0
f56ac13526a8baa5.jpg,rust frog_eye_leaf_spot,0,0,1,1,0,0
fb3ff1824d4d4421.jpg,healthy,1,0,0,0,0,0
a54283eb3f3090f7.jpg,rust,0,0,0,1,0,0
d99bcab5256223b1.jpg,rust frog_eye_leaf_spot,0,0,1,1,0,0
b5c90d2fc2823f4e.jpg,powdery_mildew,0,0,0,0,1,0
ecdd8c9a3d713224.jpg,complex,0,0,0,0,0,1
a2cac0c2e9bbf12d.jpg,healthy,1,0,0,0,0,0
b8a6d9dc86e0cc63.jpg,frog_eye_leaf_spot,0,0,1,0,0,0
9583cadf870e7132.jpg,rust,0,0,0,1,0,0
f67cf4f0f0c082e2.jpg,scab,0,1,0,0,0,0
aa8142751a4bbf5b.jpg,frog_eye_leaf_spot,0,0,1,0,0,0
e66096d0de6931bc.jpg,complex,0,0,0,0,0,1
818a15d52bb75f0e.jpg,healthy,1,0,0,0,0,0
e1a1d5da9bc1ad22.jpg,complex,0,0,0,0,0,1
c9b016f94de6b512.jpg,scab,0,1,0,0,0,0
d6e447ca1f967842.jpg,healthy,1,0,0,0,0,0
c13a1f375c3e4456.jpg,scab,0,1,0,0,0,0
f0180f0b3dde16b6.jpg,scab,0,1,0,0,0,0
c1e4b1668d4eb65c.jpg,scab,0,1,0,0,0,0
89b16870f68786be.jpg,scab,0,1,0,0,0,0
e4d6c63746ca24cb.jpg,complex,0,0,0,0,0,1
88b87f405db0fd15.jpg,frog_eye_leaf_spot,0,0,1,0,0,0
ff5b94e0070e4762.jpg,rust,0,0,0,1,0,0
a815cbb7ab8baa28.jpg,rust,0,0,0,1,0,0
d3b93f692c27e480.jpg,powdery_mildew,0,0,0,0,1,0
e3f4c72c5c462339.jpg,healthy,1,0,0,0,0,0
dc91ff381f2c80e1.jpg,scab,0,1,0,0,0,0
babc4108fbdda303.jpg,frog_eye_leaf_spot complex,0,0,1,0,0,1
f88283878381bbfd.jpg,scab,0,1,0,0,0,0
b5f0c4859e55da98.jpg,scab,0,1,0,0,0,0
8cc713b04bb158fe.jpg,frog_eye_leaf_spot,0,0,1,0,0,0
a7e613159fb22859.jpg,rust complex,0,0,0,1,0,1
c4c11d3cfc3248f7.jpg,powdery_mildew,0,0,0,0,1,0
f0f0f4596caa9cd0.jpg,rust frog_eye_leaf_spot,0,0,1,1,0,0
f415c4344dad3b8d.jpg,healthy,1,0,0,0,0,0
95f001e87e7562e3.jpg,healthy,1,0,0,0,0,0
ce6184572932777a.jpg,scab,0,1,0,0,0,0
e0e2dad2c8df4d88.jpg,complex,0,0,0,0,0,1
a49d9e8c4936a573.jpg,healthy,1,0,0,0,0,0
8d1fca964b98453d.jpg,healthy,1,0,0,0,0,0
94b73fc4299c3652.jpg,frog_eye_leaf_spot,0,0,1,0,0,0
b2aa71ebc7dac480.jpg,complex,0,0,0,0,0,1
e987c85d05a1fe25.jpg,scab frog_eye_leaf_spot,0,1,1,0,0,0
e63d86c19ceec9c0.jpg,scab,0,1,0,0,0,0
c743de9e516b6070.jpg,frog_eye_leaf_spot,0,0,1,0,0,0
8ae5c88ec78eef80.jpg,healthy,1,0,0,0,0,0
d3933ec48e863d58.jpg,scab,0,1,0,0,0,0
dc258c789d4f709c.jpg,scab,0,1,0,0,0,0
d1a0a392cadb196f.jpg,powdery_mildew,0,0,0,0,1,0
d8dad1d5c1eac2c4.jpg,frog_eye_leaf_spot,0,0,1,0,0,0
c0bc389f69927d83.jpg,frog_eye_leaf_spot,0,0,1,0,0,0
8bf3886c5eb64994.jpg,frog_eye_leaf_spot,0,0,1,0,0,0
970b3ef068916ace.jpg,frog_eye_leaf_spot,0,0,1,0,0,0
c1838c30e6af3f39.jpg,scab,0,1,0,0,0,0
bd635a9584f9c381.jpg,rust,0,0,0,1,0,0
f4b2d64141076a7f.jpg,frog_eye_leaf_spot,0,0,1,0,0,0
c30c3f1f3cc07875.jpg,scab,0,1,0,0,0,0
f50a6d96487aeb81.jpg,rust,0,0,0,1,0,0
af52f7299a250a27.jpg,healthy,1,0,0,0,0,0
a99e4b68c8b59a96.jpg,frog_eye_leaf_spot,0,0,1,0,0,0
b1711ad0e56e0f0f.jpg,complex,0,0,0,0,0,1
e1dee4124f2155b3.jpg,complex,0,0,0,0,0,1
8e517c86b81b539d.jpg,frog_eye_leaf_spot,0,0,1,0,0,0
81f93115d0deb6a3.jpg,healthy,1,0,0,0,0,0
ac8fcb9d84ee4454.jpg,healthy,1,0,0,0,0,0
c0c63b4d38f8c69e.jpg,powdery_mildew,0,0,0,0,1,0
b7c0d2960d3a616f.jpg,healthy,1,0,0,0,0,0
eaa5f4ac8a8acad1.jpg,complex,0,0,0,0,0,1
b4dc49c886cdcd5a.jpg,healthy,1,0,0,0,0,0
b0a180da5f6e7a65.jpg,healthy,1,0,0,0,0,0
ca14efc18dd6a91a.jpg,healthy,1,0,0,0,0,0
a93dd4251f07b15c.jpg,frog_eye_leaf_spot,0,0,1,0,0,0
9980d3d4c9c7cbc6.jpg,healthy,1,0,0,0,0,0
c7ddc6e0ab2b3920.jpg,frog_eye_leaf_spot,0,0,1,0,0,0
ca994a3acd5bd451.jpg,frog_eye_leaf_spot complex,0,0,1,0,0,1
bf52c0fa56747089.jpg,frog_eye_leaf_spot complex,0,0,1,0,0,1
ab9d63636cd39481.jpg,rust,0,0,0,1,0,0
f1d7886e4fe27018.jpg,scab,0,1,0,0,0,0
f3cc9379c98b8a03.jpg,powdery_mildew,0,0,0,0,1,0
9699cc311d39bc8e.jpg,powdery_mildew,0,0,0,0,1,0
b2e28b93e4e06c9b.jpg,rust,0,0,0,1,0,0
923386b28db31bce.jpg,healthy,1,0,0,0,0,0
db15ebaac07cd0a8.jpg,healthy,1,0,0,0,0,0
818ad34b7a6ab59c.jpg,healthy,1,0,0,0,0,0
a69cd66ad42d522d.jpg,frog_eye_leaf_spot,0,0,1,0,0,0
b416cddcdab30970.jpg,complex,0,0,0,0,0,1
c4e97291cf71a2ac.jpg,powdery_mildew,0,0,0,0,1,0
edb149d9308ced0b.jpg,rust,0,0,0,1,0,0
e87f6a7584710473.jpg,rust,0,0,0,1,0,0
bb3f9bc0c87520b2.jpg,scab,0,1,0,0,0,0
c9b0a95a9e38f4e1.jpg,scab,0,1,0,0,0,0
a59f84904bc5736b.jpg,scab,0,1,0,0,0,0
fac585974a982b69.jpg,scab,0,1,0,0,0,0
f13a85309e971cda.jpg,healthy,1,0,0,0,0,0
e027c790fc0a5edc.jpg,scab,0,1,0,0,0,0
f506c2b1ae623e4b.jpg,scab,0,1,0,0,0,0
a4ba528c9d596f2c.jpg,rust,0,0,0,1,0,0
956ad89e32ba1363.jpg,frog_eye_leaf_spot,0,0,1,0,0,0
f596d3422b789e18.jpg,rust,0,0,0,1,0,0
abf2c4a71d683307.jpg,frog_eye_leaf_spot complex,0,0,1,0,0,1
b0f6a1c974ad91cc.jpg,powdery_mildew,0,0,0,0,1,0
c8619db972479936.jpg,healthy,1,0,0,0,0,0
9217c53da18de1ae.jpg,healthy,1,0,0,0,0,0
9c62dc37c5ba4709.jpg,scab,0,1,0,0,0,0
df7ce0e1041f1e86.jpg,scab,0,1,0,0,0,0
fa9ad2b09dd554c0.jpg,complex,0,0,0,0,0,1
be80bf620006fcf7.jpg,frog_eye_leaf_spot,0,0,1,0,0,0
c0db009bff7f0921.jpg,scab,0,1,0,0,0,0
e3919e95387a5256.jpg,rust,0,0,0,1,0,0
f4a5e018fe318ec3.jpg,healthy,1,0,0,0,0,0
8a832536921ecbfd.jpg,scab,0,1,0,0,0,0
cf0b283930b2bb5b.jpg,powdery_mildew,0,0,0,0,1,0
80ca8fea677591d1.jpg,scab frog_eye_leaf_spot,0,1,1,0,0,0
ceed2f9588525742.jpg,scab,0,1,0,0,0,0
f909db508fe0867c.jpg,healthy,1,0,0,0,0,0
a59cc38ec50ee05f.jpg,scab,0,1,0,0,0,0
fe9e82c25e4624b6.jpg,healthy,1,0,0,0,0,0
9ec3bb24f28c4d8c.jpg,powdery_mildew,0,0,0,0,1,0
e745c31e7ac0059f.jpg,rust,0,0,0,1,0,0
dc1e0d7429983c3f.jpg,scab,0,1,0,0,0,0
d8a020e2e7fffe00.jpg,frog_eye_leaf_spot,0,0,1,0,0,0
b4ec4589e7206cee.jpg,frog_eye_leaf_spot,0,0,1,0,0,0
bd3dd07d58400d9e.jpg,scab frog_eye_leaf_spot,0,1,1,0,0,0
ef63844b2ccf1926.jpg,complex,0,0,0,0,0,1
fb9e63c399d20710.jpg,scab,0,1,0,0,0,0
ff7cf9ca80419095.jpg,rust,0,0,0,1,0,0
b388c19ac993ed8e.jpg,healthy,1,0,0,0,0,0
a5b2c7857d3e428a.jpg,frog_eye_leaf_spot,0,0,1,0,0,0
ad9dc05d997856e0.jpg,scab,0,1,0,0,0,0
abb6d1b68080afd3.jpg,scab,0,1,0,0,0,0
96d6c0c11f7b3a13.jpg,frog_eye_leaf_spot complex,0,0,1,0,0,1
d4f4403ed3b4a5d8.jpg,healthy,1,0,0,0,0,0
ea15c4d0caa5ed4b.jpg,scab,0,1,0,0,0,0
99cb11c3c754c74e.jpg,scab,0,1,0,0,0,0
8cc32cc7f82f81f8.jpg,complex,0,0,0,0,0,1
95b25680aa1f69dd.jpg,frog_eye_leaf_spot,0,0,1,0,0,0
c439cab682df990d.jpg,scab,0,1,0,0,0,0
ffde86c09c943891.jpg,healthy,1,0,0,0,0,0
97868c9f139b1a0f.jpg,powdery_mildew complex,0,0,0,0,1,1
f52d8b20c3b0adc7.jpg,frog_eye_leaf_spot,0,0,1,0,0,0
f0ebc75c98d303c2.jpg,rust,0,0,0,1,0,0
d2fb7286221e969c.jpg,rust complex,0,0,0,1,0,1
a5ea0212bbd6ef81.jpg,frog_eye_leaf_spot,0,0,1,0,0,0
d52997d22a342de6.jpg,frog_eye_leaf_spot,0,0,1,0,0,0
f1c101833b377be2.jpg,frog_eye_leaf_spot,0,0,1,0,0,0
f58f42171bb497c0.jpg,rust,0,0,0,1,0,0
a86b8d805995ddad.jpg,powdery_mildew,0,0,0,0,1,0
95bc383078d273b3.jpg,scab,0,1,0,0,0,0
c5a485d4bdc47b45.jpg,scab frog_eye_leaf_spot,0,1,1,0,0,0
c49ef0625f1eaca8.jpg,frog_eye_leaf_spot,0,0,1,0,0,0
b1a752d558d25e85.jpg,frog_eye_leaf_spot,0,0,1,0,0,0
9e6bb0c0733e33c8.jpg,rust,0,0,0,1,0,0
ff1dd5748e020a8e.jpg,healthy,1,0,0,0,0,0
d085401b6f7f3c63.jpg,healthy,1,0,0,0,0,0
ab8ec09b4a7d2533.jpg,scab,0,1,0,0,0,0
ecc545ca960e2abd.jpg,scab,0,1,0,0,0,0
85cabe9456f1ea11.jpg,scab,0,1,0,0,0,0
ad6f7db50183611c.jpg,frog_eye_leaf_spot,0,0,1,0,0,0
e51690d8ad307dcb.jpg,complex,0,0,0,0,0,1
aff0cab9cf303411.jpg,rust,0,0,0,1,0,0
a86d9d1f99b04a96.jpg,complex,0,0,0,0,0,1
b0dfa7548cda0dd0.jpg,complex,0,0,0,0,0,1
b1a4b748b59db492.jpg,frog_eye_leaf_spot,0,0,1,0,0,0
a1530f317c77d720.jpg,rust,0,0,0,1,0,0
8ba621d67f964392.jpg,scab,0,1,0,0,0,0
db08e9d3254d332d.jpg,healthy,1,0,0,0,0,0
af08a3a0ff35c0c7.jpg,frog_eye_leaf_spot,0,0,1,0,0,0
d59d05ec4afa0b4a.jpg,scab,0,1,0,0,0,0
d46dd6eca9709483.jpg,healthy,1,0,0,0,0,0
e354cc69fc2b1163.jpg,frog_eye_leaf_spot,0,0,1,0,0,0
f3fe70d8658ae00a.jpg,complex,0,0,0,0,0,1
c0823cfe953b4cda.jpg,complex,0,0,0,0,0,1
fb1c7299bce53090.jpg,scab,0,1,0,0,0,0
af80b4d6560afa4d.jpg,healthy,1,0,0,0,0,0
800edef467d27c15.jpg,healthy,1,0,0,0,0,0
e8b385855ed87299.jpg,scab frog_eye_leaf_spot,0,1,1,0,0,0
e0a0c39f0e9e8c9f.jpg,frog_eye_leaf_spot,0,0,1,0,0,0
d7b2c32299c61f8a.jpg,scab,0,1,0,0,0,0
c2249ada9d6cc59e.jpg,healthy,1,0,0,0,0,0
a51bc01b316b6a5f.jpg,healthy,1,0,0,0,0,0
a24391d7c6ef223a.jpg,frog_eye_leaf_spot,0,0,1,0,0,0
facda492459656d4.jpg,powdery_mildew,0,0,0,0,1,0
fcc43fe032fac206.jpg,complex,0,0,0,0,0,1
e1afdf604b2ea2c0.jpg,rust,0,0,0,1,0,0
99e898b7c61743ac.jpg,scab,0,1,0,0,0,0
838f710fe0b06db6.jpg,scab,0,1,0,0,0,0
fe87a28b94b4945a.jpg,healthy,1,0,0,0,0,0
e84fd50dca289b78.jpg,scab frog_eye_leaf_spot,0,1,1,0,0,0
a1f852940f525f9e.jpg,frog_eye_leaf_spot,0,0,1,0,0,0
ca4835dc6de52372.jpg,powdery_mildew,0,0,0,0,1,0
c793708cb0d2cbb5.jpg,powdery_mildew,0,0,0,0,1,0
95b80762eec6193e.jpg,frog_eye_leaf_spot,0,0,1,0,0,0
95245ac6495adceb.jpg,frog_eye_leaf_spot,0,0,1,0,0,0
922f0ad59f43588f.jpg,healthy,1,0,0,0,0,0
8596d2abd935c835.jpg,frog_eye_leaf_spot,0,0,1,0,0,0
f0478bcb08947f1e.jpg,healthy,1,0,0,0,0,0
c8ce8d2f1de23dc0.jpg,healthy,1,0,0,0,0,0
cde12b82c8799cc7.jpg,healthy,1,0,0,0,0,0
ae94dae8c448e64f.jpg,rust,0,0,0,1,0,0
83c5b3ab0bbc98c6.jpg,powdery_mildew complex,0,0,0,0,1,1
d0e9cb972d0e3664.jpg,healthy,1,0,0,0,0,0
ca695ca3e4f5c2e0.jpg,frog_eye_leaf_spot,0,0,1,0,0,0
b7ae8302ca92596f.jpg,scab,0,1,0,0,0,0
fae7c0a28d2218ef.jpg,healthy,1,0,0,0,0,0
f8f8e9e49b850c43.jpg,complex,0,0,0,0,0,1
c2a4349c0e8ffed2.jpg,scab,0,1,0,0,0,0
f1f4c23283b524f9.jpg,healthy,1,0,0,0,0,0
d9f3a4cd32678c30.jpg,healthy,1,0,0,0,0,0
f12c4eb60dbc394a.jpg,scab,0,1,0,0,0,0
a5ee4b14a5aa9a59.jpg,frog_eye_leaf_spot,0,0,1,0,0,0
f23ddbc8f580508e.jpg,scab,0,1,0,0,0,0
94dac92d3eb3b0c1.jpg,scab frog_eye_leaf_spot,0,1,1,0,0,0
81c6cfc6c8dc9ad8.jpg,healthy,1,0,0,0,0,0
b0f8838fc5ba341b.jpg,healthy,1,0,0,0,0,0
f8d58c1d5e287863.jpg,frog_eye_leaf_spot,0,0,1,0,0,0
97f33fda98d82802.jpg,scab,0,1,0,0,0,0
e33f7d08e6f1001b.jpg,powdery_mildew,0,0,0,0,1,0
f57062ca4abd9474.jpg,healthy,1,0,0,0,0,0
f2a0c0defe9c30d8.jpg,rust,0,0,0,1,0,0
ef98c2794475ed04.jpg,scab,0,1,0,0,0,0
e4ec94a99b95499a.jpg,healthy,1,0,0,0,0,0
c5c074b96e653e2c.jpg,scab,0,1,0,0,0,0
c56170c02bdf57b1.jpg,scab,0,1,0,0,0,0
bbb0b0c00aedef85.jpg,healthy,1,0,0,0,0,0
ce8a78d3354bb047.jpg,rust,0,0,0,1,0,0
a88d95da65b46b62.jpg,scab,0,1,0,0,0,0
df1026c0dc7f36c4.jpg,healthy,1,0,0,0,0,0
8f90e6bbd782c911.jpg,healthy,1,0,0,0,0,0
f5719792e2c98a25.jpg,frog_eye_leaf_spot,0,0,1,0,0,0
a64e4fce8cae4c54.jpg,healthy,1,0,0,0,0,0
819e1fd0933b4f43.jpg,rust,0,0,0,1,0,0
cdcd1608fe6a3d48.jpg,scab,0,1,0,0,0,0
f49ab56b4f920b21.jpg,scab,0,1,0,0,0,0
ea2b927bde3088b2.jpg,complex,0,0,0,0,0,1
fdc0d59e382469e4.jpg,complex,0,0,0,0,0,1
90f4db6502133bdd.jpg,scab,0,1,0,0,0,0
e796832990c28ffc.jpg,healthy,1,0,0,0,0,0
ff83c0ad387a00cf.jpg,scab,0,1,0,0,0,0
fe860dff043e3818.jpg,powdery_mildew,0,0,0,0,1,0
bd9cc2d4c1d844eb.jpg,frog_eye_leaf_spot,0,0,1,0,0,0
96bdbf818007436f.jpg,scab,0,1,0,0,0,0
c83b2dd123f827a9.jpg,frog_eye_leaf_spot,0,0,1,0,0,0
e9c295cf9d328833.jpg,scab,0,1,0,0,0,0
fa0eb466e1acb4e0.jpg,healthy,1,0,0,0,0,0
ad16c91be15586e9.jpg,rust,0,0,0,1,0,0
8e82b1a51bd11afe.jpg,healthy,1,0,0,0,0,0
e055bac5ff241b12.jpg,complex,0,0,0,0,0,1
fa7eaa508162952f.jpg,scab,0,1,0,0,0,0
a85ac87ff1571c90.jpg,scab frog_eye_leaf_spot,0,1,1,0,0,0
b6da85c1cb3d2474.jpg,healthy,1,0,0,0,0,0
acf29ac1c9ce2792.jpg,scab frog_eye_leaf_spot,0,1,1,0,0,0
d4786593d96d7284.jpg,scab,0,1,0,0,0,0
9b9b69663666c324.jpg,frog_eye_leaf_spot,0,0,1,0,0,0
8ba9299cb0bd2bd8.jpg,complex,0,0,0,0,0,1
92fc63e5931f108e.jpg,complex,0,0,0,0,0,1
e1d812de84af5c56.jpg,healthy,1,0,0,0,0,0
a1c2faea525554f1.jpg,frog_eye_leaf_spot,0,0,1,0,0,0
af63d2078b1b568c.jpg,scab,0,1,0,0,0,0
85633ac2f32c13de.jpg,powdery_mildew,0,0,0,0,1,0
f06a85646fd66389.jpg,scab,0,1,0,0,0,0
a5b4e68b8e3d44d8.jpg,healthy,1,0,0,0,0,0
b4f483545d875bc8.jpg,healthy,1,0,0,0,0,0
fe94b191b02d8ae6.jpg,complex,0,0,0,0,0,1
b26940fda49f1b1c.jpg,healthy,1,0,0,0,0,0
92878c3d6c99a9cb.jpg,healthy,1,0,0,0,0,0
e1b8f8b158b37942.jpg,frog_eye_leaf_spot,0,0,1,0,0,0
f4c07f844bb448fc.jpg,rust,0,0,0,1,0,0
adc483b3eab562a1.jpg,powdery_mildew,0,0,0,0,1,0
80e0754ad0ef1f1f.jpg,rust,0,0,0,1,0,0
b7d8c3f16c9ace00.jpg,complex,0,0,0,0,0,1
dae32098ffc2fa20.jpg,scab,0,1,0,0,0,0
88ddc1bf69786162.jpg,complex,0,0,0,0,0,1
eac5c0d28b8a7ada.jpg,complex,0,0,0,0,0,1
de96e4bfc233014a.jpg,scab,0,1,0,0,0,0
8792e61ec2da634b.jpg,frog_eye_leaf_spot,0,0,1,0,0,0
c8c34ca626977772.jpg,healthy,1,0,0,0,0,0
a2bdc029ec0b46fd.jpg,frog_eye_leaf_spot,0,0,1,0,0,0
daa3559ae348da45.jpg,rust complex,0,0,0,1,0,1
ff22c28d99f0d312.jpg,complex,0,0,0,0,0,1
9dda4e94908b3769.jpg,frog_eye_leaf_spot,0,0,1,0,0,0
c7934438adf060fd.jpg,scab,0,1,0,0,0,0
b8cf1acafc310873.jpg,healthy,1,0,0,0,0,0
b58ac089edbd2eb0.jpg,healthy,1,0,0,0,0,0
b3b1984e84d6eacc.jpg,scab,0,1,0,0,0,0
fc8bf4f87e6a3000.jpg,healthy,1,0,0,0,0,0
c2937c2e02d0ebcf.jpg,healthy,1,0,0,0,0,0
c9543b92c3cacf16.jpg,complex,0,0,0,0,0,1
ad90949302ef3b3d.jpg,rust frog_eye_leaf_spot,0,0,1,1,0,0
84a15c97cc9cff48.jpg,healthy,1,0,0,0,0,0
bd9873e3c9c69490.jpg,rust,0,0,0,1,0,0
b0e0c497be6269c7.jpg,scab frog_eye_leaf_spot,0,1,1,0,0,0
c61f3648264d978f.jpg,complex,0,0,0,0,0,1
f89bc8e4ccc289c7.jpg,healthy,1,0,0,0,0,0
dcc53c07b8cf00f9.jpg,scab,0,1,0,0,0,0
94da81a42fac2fb5.jpg,scab,0,1,0,0,0,0
c2d4be074b53ab61.jpg,scab,0,1,0,0,0,0
85e735b57ce8b410.jpg,complex,0,0,0,0,0,1
d4f085698f399c3a.jpg,healthy,1,0,0,0,0,0
918132e1f343f93e.jpg,rust,0,0,0,1,0,0
9635c94268cdc7ae.jpg,frog_eye_leaf_spot,0,0,1,0,0,0
bd14f1838a65b6c9.jpg,complex,0,0,0,0,0,1
dc2f66d78ea45144.jpg,scab,0,1,0,0,0,0
f1ecd4c7c88ecc18.jpg,frog_eye_leaf_spot,0,0,1,0,0,0
a10a934fdc357ab2.jpg,scab frog_eye_leaf_spot,0,1,1,0,0,0
a6da180e03fce94f.jpg,scab frog_eye_leaf_spot,0,1,1,0,0,0
fd7b82b8c3cf8180.jpg,complex,0,0,0,0,0,1
c5e4c69d861d2733.jpg,rust,0,0,0,1,0,0
a9f39543cc256cf0.jpg,healthy,1,0,0,0,0,0
c30c17ec5ab7074b.jpg,scab,0,1,0,0,0,0
cc0b10fcf8b0fa1b.jpg,frog_eye_leaf_spot,0,0,1,0,0,0
ee6e84723a8d55b0.jpg,rust,0,0,0,1,0,0
aff096b4c122d2d5.jpg,scab frog_eye_leaf_spot,0,1,1,0,0,0
d6e422338d67d9c8.jpg,frog_eye_leaf_spot,0,0,1,0,0,0
d49ccce41ec5609f.jpg,healthy,1,0,0,0,0,0
c3b261d742bba0d5.jpg,scab,0,1,0,0,0,0
9ac2b54ca3e968d3.jpg,rust,0,0,0,1,0,0
e1bf65ec0470cad1.jpg,scab,0,1,0,0,0,0
81a38b724bf23e93.jpg,scab,0,1,0,0,0,0
f0dbc1f4358b548c.jpg,powdery_mildew complex,0,0,0,0,1,1
b30dcbe48e83a5e2.jpg,frog_eye_leaf_spot,0,0,1,0,0,0
b14dc0eacf6aa615.jpg,complex,0,0,0,0,0,1
83bfd78dc80c2b19.jpg,rust,0,0,0,1,0,0
a800df0ad9578df3.jpg,frog_eye_leaf_spot,0,0,1,0,0,0
f0bada34c90989e7.jpg,scab,0,1,0,0,0,0
85918f9ed25d58c5.jpg,scab,0,1,0,0,0,0
86c379b3a3a191b5.jpg,powdery_mildew,0,0,0,0,1,0
deb43c6e849c61a9.jpg,healthy,1,0,0,0,0,0
9ad1dad5e545602b.jpg,scab,0,1,0,0,0,0
a0332affc291d3d2.jpg,frog_eye_leaf_spot,0,0,1,0,0,0
93b5a90abc1e4ca7.jpg,complex,0,0,0,0,0,1
d98be0cd8dbc058d.jpg,complex,0,0,0,0,0,1
ccce687c013fe0f2.jpg,scab,0,1,0,0,0,0
a4f1c2aba595245f.jpg,scab,0,1,0,0,0,0
f490d8eb45a7f150.jpg,healthy,1,0,0,0,0,0
8afe8088de0a7f78.jpg,scab,0,1,0,0,0,0
96cb92d45c96ada2.jpg,frog_eye_leaf_spot,0,0,1,0,0,0
ff5a244214e530fb.jpg,scab,0,1,0,0,0,0
a55ac55278a5709f.jpg,healthy,1,0,0,0,0,0
ddc46be69706d228.jpg,healthy,1,0,0,0,0,0
f0d0828f5364df87.jpg,frog_eye_leaf_spot,0,0,1,0,0,0
f95c31e8bde0dc20.jpg,rust,0,0,0,1,0,0
ffe1e03542661f22.jpg,complex,0,0,0,0,0,1
b8afa0aa8e671a17.jpg,healthy,1,0,0,0,0,0
e90e3df0163827b5.jpg,powdery_mildew,0,0,0,0,1,0
b497cbde944c1a62.jpg,healthy,1,0,0,0,0,0
e9f512ba1a75c2d0.jpg,frog_eye_leaf_spot,0,0,1,0,0,0
a9b91181170a9ffd.jpg,scab,0,1,0,0,0,0
a9d495c0c9cd5db4.jpg,complex,0,0,0,0,0,1
eca0345203f9adaf.jpg,scab,0,1,0,0,0,0
b09b1a90948fecdd.jpg,powdery_mildew,0,0,0,0,1,0
ed0ac179c8d0b5e5.jpg,powdery_mildew,0,0,0,0,1,0
e4e88fc4851ab6f4.jpg,complex,0,0,0,0,0,1
a9e081f6db4a2c9d.jpg,frog_eye_leaf_spot,0,0,1,0,0,0
ad3650d0cd63d9c5.jpg,scab frog_eye_leaf_spot,0,1,1,0,0,0
a8858df4e4fe3618.jpg,scab frog_eye_leaf_spot,0,1,1,0,0,0
f58fc06940689eaf.jpg,frog_eye_leaf_spot,0,0,1,0,0,0
aa389e7bd8ab1198.jpg,healthy,1,0,0,0,0,0
ff7a80c082edc6d4.jpg,scab,0,1,0,0,0,0
8af52f087f712a0d.jpg,healthy,1,0,0,0,0,0
d8f3df81d09670d0.jpg,scab,0,1,0,0,0,0
dc6b7a9d1596a025.jpg,rust,0,0,0,1,0,0
a8dbcb8c3125269f.jpg,scab frog_eye_leaf_spot complex,0,1,1,0,0,1
ff25803a1b1a65c7.jpg,healthy,1,0,0,0,0,0
c6e3f29803fc462d.jpg,powdery_mildew,0,0,0,0,1,0
f8e889289aa579d5.jpg,healthy,1,0,0,0,0,0
dfd4202a43f4f0f8.jpg,scab,0,1,0,0,0,0
d0d0229f1fc9295f.jpg,healthy,1,0,0,0,0,0
8ecad4966fa592c8.jpg,frog_eye_leaf_spot,0,0,1,0,0,0
f4c5cfa6c056a970.jpg,healthy,1,0,0,0,0,0
fe0dc06eba3f1228.jpg,scab,0,1,0,0,0,0
b2bad2682d9d0d65.jpg,powdery_mildew,0,0,0,0,1,0
b7f449bd9488a8a5.jpg,frog_eye_leaf_spot,0,0,1,0,0,0
d4a73d03c93d453c.jpg,scab,0,1,0,0,0,0
9184e95b85633f5a.jpg,scab,0,1,0,0,0,0
a5bc4ee11ca7919c.jpg,frog_eye_leaf_spot,0,0,1,0,0,0
a0b295d2a96aedb4.jpg,healthy,1,0,0,0,0,0
b515c1d076cb60be.jpg,healthy,1,0,0,0,0,0
d795392c59332746.jpg,powdery_mildew,0,0,0,0,1,0
b4a2d0adcb05abae.jpg,frog_eye_leaf_spot,0,0,1,0,0,0
f1139381aa27cdb6.jpg,rust,0,0,0,1,0,0
dc66f89aa549c9a4.jpg,scab,0,1,0,0,0,0
d3c66ac935d183a6.jpg,rust,0,0,0,1,0,0
d67825d0f7d60155.jpg,scab,0,1,0,0,0,0
f8f4c3f00783ec8a.jpg,healthy,1,0,0,0,0,0
bd14c2e9d72256b1.jpg,frog_eye_leaf_spot complex,0,0,1,0,0,1
cec8d564e8774992.jpg,scab,0,1,0,0,0,0
c1f8b3393e411cc7.jpg,scab,0,1,0,0,0,0
dda495cc021d1d7e.jpg,powdery_mildew,0,0,0,0,1,0
fd289d97492b2127.jpg,frog_eye_leaf_spot,0,0,1,0,0,0
f1ee8db40b87c941.jpg,powdery_mildew,0,0,0,0,1,0
b4bbb596e3809253.jpg,healthy,1,0,0,0,0,0
c6051ebf7db0c81a.jpg,scab,0,1,0,0,0,0
8ba39acfc4b06c4e.jpg,powdery_mildew,0,0,0,0,1,0
c189963c7e61273e.jpg,healthy,1,0,0,0,0,0
8bc9c28acf7f2530.jpg,healthy,1,0,0,0,0,0
e19e50da3d350ae9.jpg,healthy,1,0,0,0,0,0
f4cfd1cd8af0d005.jpg,frog_eye_leaf_spot,0,0,1,0,0,0
f1d662b85a2dac43.jpg,complex,0,0,0,0,0,1
b5d5d2c78d2e6026.jpg,frog_eye_leaf_spot,0,0,1,0,0,0
9dec7e9244d26932.jpg,scab,0,1,0,0,0,0
a9a64a70926a5ff2.jpg,healthy,1,0,0,0,0,0
d686f694c4daa4aa.jpg,frog_eye_leaf_spot,0,0,1,0,0,0
bd8c944c991365fa.jpg,scab,0,1,0,0,0,0
f80c362713f4533d.jpg,powdery_mildew,0,0,0,0,1,0
908749cd1f2be553.jpg,rust,0,0,0,1,0,0
9dc13034c7ab6aad.jpg,scab frog_eye_leaf_spot,0,1,1,0,0,0
c5e2cb21fd5232b1.jpg,frog_eye_leaf_spot,0,0,1,0,0,0
8c6f5954c05db9a5.jpg,scab,0,1,0,0,0,0
a8e875e83a5f5249.jpg,scab,0,1,0,0,0,0
e143438d836bd51f.jpg,healthy,1,0,0,0,0,0
e535968b499c6c35.jpg,frog_eye_leaf_spot,0,0,1,0,0,0
95f1ea92663864b5.jpg,healthy,1,0,0,0,0,0
a53bd1a7c9aa0d8a.jpg,scab,0,1,0,0,0,0
853fb699a1810dbb.jpg,healthy,1,0,0,0,0,0
fc19d0f8df8908d8.jpg,scab,0,1,0,0,0,0
f780a50fbd6c00ee.jpg,healthy,1,0,0,0,0,0
b39f8081dee76306.jpg,complex,0,0,0,0,0,1
ff2c71e29a815057.jpg,powdery_mildew,0,0,0,0,1,0
94e048c6ef5f54d4.jpg,frog_eye_leaf_spot,0,0,1,0,0,0
c2b5275f2907b878.jpg,healthy,1,0,0,0,0,0
8f784d61708e6e33.jpg,complex,0,0,0,0,0,1
e5a5aad6919294da.jpg,frog_eye_leaf_spot,0,0,1,0,0,0
f409aec157cd12e6.jpg,scab,0,1,0,0,0,0
9aa9d0db8cfa6d02.jpg,scab,0,1,0,0,0,0
d5ff988ee9e40482.jpg,scab,0,1,0,0,0,0
cf4ebb99510b0aa9.jpg,rust,0,0,0,1,0,0
8dbb1ad3b44b684a.jpg,healthy,1,0,0,0,0,0
f5ab93c4ca585c98.jpg,powdery_mildew,0,0,0,0,1,0
b09fe145c6f3a152.jpg,scab,0,1,0,0,0,0
ea95c7482f7562c2.jpg,complex,0,0,0,0,0,1
f148c6fc0e71fa50.jpg,scab,0,1,0,0,0,0
9317e216e11aadf2.jpg,frog_eye_leaf_spot,0,0,1,0,0,0
883fc03fd4239baa.jpg,scab,0,1,0,0,0,0
b56180f6fd9223c6.jpg,healthy,1,0,0,0,0,0
a857c9c2d4e6c3aa.jpg,healthy,1,0,0,0,0,0
d89fc424df921a56.jpg,healthy,1,0,0,0,0,0
a1ccdad316326f70.jpg,rust,0,0,0,1,0,0
85ec3f0705065df9.jpg,powdery_mildew,0,0,0,0,1,0
aab034e1aa03f3cf.jpg,scab,0,1,0,0,0,0
d04dc3904bdba75a.jpg,frog_eye_leaf_spot,0,0,1,0,0,0
d49e96f13096e11d.jpg,healthy,1,0,0,0,0,0
aa8be10dc702c7f6.jpg,frog_eye_leaf_spot,0,0,1,0,0,0
e26ec8d234e92b33.jpg,scab,0,1,0,0,0,0
dc6419bb6ad9a432.jpg,scab,0,1,0,0,0,0
c738629df8159c36.jpg,scab,0,1,0,0,0,0
c0f315ade21deb48.jpg,frog_eye_leaf_spot,0,0,1,0,0,0
9cf960956f1724b8.jpg,scab,0,1,0,0,0,0
aaa9d194cbd69ac8.jpg,healthy,1,0,0,0,0,0
9e21c4da3336bd52.jpg,healthy,1,0,0,0,0,0
b612c8ee354a7335.jpg,scab,0,1,0,0,0,0
94a58c6d7bcbe046.jpg,frog_eye_leaf_spot,0,0,1,0,0,0
f817c77ac8118772.jpg,complex,0,0,0,0,0,1
cfdd1c663b9e3004.jpg,frog_eye_leaf_spot,0,0,1,0,0,0
d8519f13c5a862dd.jpg,scab,0,1,0,0,0,0
fd3d9f43880d9d40.jpg,scab,0,1,0,0,0,0
999a727c94646cae.jpg,scab,0,1,0,0,0,0
a663c3f61f02237c.jpg,scab,0,1,0,0,0,0
81b17182cf9327db.jpg,scab,0,1,0,0,0,0
ffb49264717c2831.jpg,rust,0,0,0,1,0,0
b548faf2d4e0c983.jpg,healthy,1,0,0,0,0,0
c8dee6e0f4883837.jpg,powdery_mildew,0,0,0,0,1,0
c7986fe4a50a66c5.jpg,powdery_mildew,0,0,0,0,1,0
aa698db35c91724e.jpg,rust,0,0,0,1,0,0
d8c63a98cf26956a.jpg,healthy,1,0,0,0,0,0
b6b12ac9ce619e61.jpg,powdery_mildew,0,0,0,0,1,0
ff32821f4d34b4d0.jpg,complex,0,0,0,0,0,1
f0fd90185af1aaa9.jpg,healthy,1,0,0,0,0,0
b8b8d01f4b662d74.jpg,frog_eye_leaf_spot,0,0,1,0,0,0
bdf040a1ffa681c6.jpg,frog_eye_leaf_spot,0,0,1,0,0,0
9c8363f810aeafca.jpg,scab,0,1,0,0,0,0
bd7ac0a58eb0da92.jpg,complex,0,0,0,0,0,1
af2930b5d2525b53.jpg,frog_eye_leaf_spot,0,0,1,0,0,0
989f07228ef6c13b.jpg,complex,0,0,0,0,0,1
85b67a4d69783a4a.jpg,scab frog_eye_leaf_spot,0,1,1,0,0,0
c0823b900feef49f.jpg,scab,0,1,0,0,0,0
84959ed96ee96c60.jpg,scab,0,1,0,0,0,0
a6e0962a8bb3ed98.jpg,frog_eye_leaf_spot,0,0,1,0,0,0
ceee14f9db12c290.jpg,frog_eye_leaf_spot complex,0,0,1,0,0,1
ede1918a5c3893c7.jpg,powdery_mildew,0,0,0,0,1,0
98e9668666ce3e92.jpg,scab,0,1,0,0,0,0
c5b861cb93d64f0a.jpg,scab,0,1,0,0,0,0
e182b63d8f51516d.jpg,healthy,1,0,0,0,0,0
d26286cd1f9f22e4.jpg,frog_eye_leaf_spot,0,0,1,0,0,0
b5f8fd8683871305.jpg,scab frog_eye_leaf_spot,0,1,1,0,0,0
ceb3549483f06d4d.jpg,complex,0,0,0,0,0,1
85e36e1b30afca61.jpg,rust,0,0,0,1,0,0
d89534b08feb4a0f.jpg,scab,0,1,0,0,0,0
b43c90132fcbd2f4.jpg,healthy,1,0,0,0,0,0
94a873d2895adda5.jpg,scab,0,1,0,0,0,0
8d37caa695c9329a.jpg,healthy,1,0,0,0,0,0
80eb96948bd68f9a.jpg,healthy,1,0,0,0,0,0
d4a097a54ec52be3.jpg,healthy,1,0,0,0,0,0
d4ec6790299925f5.jpg,rust,0,0,0,1,0,0
b301d22c55d26adf.jpg,healthy,1,0,0,0,0,0
80dd5ee13c50b78d.jpg,scab,0,1,0,0,0,0
e10b6216f01ff476.jpg,healthy,1,0,0,0,0,0
9030fa489b73dcd9.jpg,complex,0,0,0,0,0,1
baa48e75eaa38352.jpg,rust,0,0,0,1,0,0
c12f3de83ae891c5.jpg,scab,0,1,0,0,0,0
b40fd0b78bc0dd86.jpg,healthy,1,0,0,0,0,0
bb25c169c5476e85.jpg,healthy,1,0,0,0,0,0
9c9af6de6421a463.jpg,rust,0,0,0,1,0,0
e4d4f69e9692b0a8.jpg,healthy,1,0,0,0,0,0
aba765c0564ad2ce.jpg,scab,0,1,0,0,0,0
ed1c415fa300a1ff.jpg,scab,0,1,0,0,0,0
87b516b8b82169d7.jpg,powdery_mildew,0,0,0,0,1,0
aa97de4ae12351e2.jpg,healthy,1,0,0,0,0,0
9a895aa38db8b972.jpg,powdery_mildew complex,0,0,0,0,1,1
b5b5d28ac29a7a92.jpg,frog_eye_leaf_spot,0,0,1,0,0,0
a9d735c2a0c5f057.jpg,scab,0,1,0,0,0,0
ada5969615809efa.jpg,rust,0,0,0,1,0,0
8a3534d322cd34bf.jpg,frog_eye_leaf_spot,0,0,1,0,0,0
d4f3a1ac85d8d9c8.jpg,frog_eye_leaf_spot,0,0,1,0,0,0
f0fbf9cf0180b894.jpg,scab,0,1,0,0,0,0
87fe1965b448b546.jpg,scab frog_eye_leaf_spot,0,1,1,0,0,0
b6959a4b0bc9c9e8.jpg,scab frog_eye_leaf_spot,0,1,1,0,0,0
e1bb93ab92825ac6.jpg,healthy,1,0,0,0,0,0
f795c38ada87450a.jpg,healthy,1,0,0,0,0,0
891cfb68a5a0e597.jpg,scab frog_eye_leaf_spot,0,1,1,0,0,0
9e6878856b9cd1d8.jpg,frog_eye_leaf_spot,0,0,1,0,0,0
8c9d60e4b1e5cf0b.jpg,rust,0,0,0,1,0,0
d8d6a5a6ae8e160e.jpg,scab,0,1,0,0,0,0
8b852f9d801f3c3b.jpg,scab,0,1,0,0,0,0
92f22e07d63e6c8c.jpg,rust,0,0,0,1,0,0
bd7295320036eafc.jpg,rust,0,0,0,1,0,0
f9338587079a163b.jpg,powdery_mildew,0,0,0,0,1,0
ce93e68e9c7003f8.jpg,scab frog_eye_leaf_spot complex,0,1,1,0,0,1
c8232d72e49307df.jpg,healthy,1,0,0,0,0,0
b7c07f098cf74650.jpg,healthy,1,0,0,0,0,0
b3fe0390d50bc4c7.jpg,rust,0,0,0,1,0,0
deea3c5160586557.jpg,rust,0,0,0,1,0,0
fbdbc381f94c3420.jpg,healthy,1,0,0,0,0,0
d08bc189ef9cbd90.jpg,scab,0,1,0,0,0,0
df241594bbd2649a.jpg,healthy,1,0,0,0,0,0
d6b57d7648ca1a06.jpg,powdery_mildew,0,0,0,0,1,0
da3f9a971817601e.jpg,frog_eye_leaf_spot,0,0,1,0,0,0
e231c5c59f3b48d8.jpg,healthy,1,0,0,0,0,0
b8b5944a6b2d3a9a.jpg,rust complex,0,0,0,1,0,1
9e004fca3675d63c.jpg,healthy,1,0,0,0,0,0
b4b0d4f98a459da6.jpg,scab,0,1,0,0,0,0
92995f677e48660a.jpg,frog_eye_leaf_spot,0,0,1,0,0,0
879869f1e105eb47.jpg,frog_eye_leaf_spot,0,0,1,0,0,0
e157d0703fc3e09c.jpg,rust,0,0,0,1,0,0
e88abb9f98d552c0.jpg,scab,0,1,0,0,0,0
acf89cc5d5a5029d.jpg,complex,0,0,0,0,0,1
bdeaa054ca1459fa.jpg,frog_eye_leaf_spot,0,0,1,0,0,0
9f17329e5243907d.jpg,scab,0,1,0,0,0,0
9deb08a136da61b9.jpg,rust,0,0,0,1,0,0
faf0cc1c8ce40d5d.jpg,healthy,1,0,0,0,0,0
e82ec25f1c667466.jpg,scab,0,1,0,0,0,0
e0f598b48b3c9a74.jpg,frog_eye_leaf_spot,0,0,1,0,0,0
f01f90810fe1fdac.jpg,complex,0,0,0,0,0,1
a85bf529dea1e805.jpg,healthy,1,0,0,0,0,0
b5984a650ee6ba27.jpg,complex,0,0,0,0,0,1
d698c7e1b1491e2b.jpg,powdery_mildew,0,0,0,0,1,0
d9de818c329f143b.jpg,frog_eye_leaf_spot,0,0,1,0,0,0
ecd02d0685adfa33.jpg,powdery_mildew,0,0,0,0,1,0
dc938f99cc6a9524.jpg,scab,0,1,0,0,0,0
a0bdd5846289f5da.jpg,complex,0,0,0,0,0,1
c0e0b0b83c7c1edf.jpg,rust,0,0,0,1,0,0
a4f7c6aa6850cdb2.jpg,scab,0,1,0,0,0,0
8376c2577ea0627a.jpg,scab,0,1,0,0,0,0
e714d79881ad60af.jpg,healthy,1,0,0,0,0,0
b41b1fc1bc1f41b4.jpg,scab,0,1,0,0,0,0
ad3b246e94b550a7.jpg,healthy,1,0,0,0,0,0
b6bec12546131dd5.jpg,scab frog_eye_leaf_spot,0,1,1,0,0,0
847f15c0fa187aab.jpg,scab,0,1,0,0,0,0
d28d8dc9a45a63ea.jpg,frog_eye_leaf_spot,0,0,1,0,0,0
d0e4c3de2a8e34d3.jpg,scab,0,1,0,0,0,0
edc9cbea84e94294.jpg,scab,0,1,0,0,0,0
a9b665c8d285b1e5.jpg,healthy,1,0,0,0,0,0
aba0d5b0d2cad85d.jpg,healthy,1,0,0,0,0,0
8dfae9d78cc32089.jpg,healthy,1,0,0,0,0,0
c0fc90877d04fc5e.jpg,scab frog_eye_leaf_spot,0,1,1,0,0,0
c06d02d4ca4af5df.jpg,healthy,1,0,0,0,0,0
85a16b9d71518f36.jpg,scab frog_eye_leaf_spot,0,1,1,0,0,0
ad983ccd2d5e4685.jpg,scab,0,1,0,0,0,0
ddff4bc0a5a45818.jpg,frog_eye_leaf_spot,0,0,1,0,0,0
de953624919e8277.jpg,scab,0,1,0,0,0,0
fd87c63ec8318538.jpg,frog_eye_leaf_spot,0,0,1,0,0,0
a8d4b5d68acacc69.jpg,scab,0,1,0,0,0,0
8a2d598f2ec436e6.jpg,powdery_mildew,0,0,0,0,1,0
c6211e96687bf662.jpg,healthy,1,0,0,0,0,0
85b5d996605d1e0f.jpg,scab,0,1,0,0,0,0
efb0c6b3888b0ccb.jpg,frog_eye_leaf_spot,0,0,1,0,0,0
fdb780c19f091f09.jpg,scab,0,1,0,0,0,0
c41eb23fe3711370.jpg,scab,0,1,0,0,0,0
dd6c4283c7067da6.jpg,scab,0,1,0,0,0,0
dca4c59705fc9ad0.jpg,healthy,1,0,0,0,0,0
be6dd6c0ded88508.jpg,healthy,1,0,0,0,0,0
81f98780ca8fcaed.jpg,healthy,1,0,0,0,0,0
d09dd8ce7dd00333.jpg,healthy,1,0,0,0,0,0
a85394d39ee5594a.jpg,rust,0,0,0,1,0,0
a29bb2398fed840e.jpg,rust,0,0,0,1,0,0
cd9fc2a9994fe810.jpg,healthy,1,0,0,0,0,0
81fc34b140c5fb73.jpg,complex,0,0,0,0,0,1
b74b903b4158be9c.jpg,frog_eye_leaf_spot,0,0,1,0,0,0
ffaf411c4fc8007a.jpg,frog_eye_leaf_spot,0,0,1,0,0,0
da6dc3833d3c50b4.jpg,healthy,1,0,0,0,0,0
9e7e6b6d459c9808.jpg,rust,0,0,0,1,0,0
8a86d49f916a2b6d.jpg,healthy,1,0,0,0,0,0
b47e47811794b2d9.jpg,scab frog_eye_leaf_spot,0,1,1,0,0,0
951f63af3c3052d4.jpg,scab frog_eye_leaf_spot complex,0,1,1,0,0,1
d90d6f120dab2ec3.jpg,complex,0,0,0,0,0,1
a0f4d2abc5f18ac5.jpg,scab frog_eye_leaf_spot,0,1,1,0,0,0
9187bc815e755a9c.jpg,rust,0,0,0,1,0,0
bbc0b40696eec4b5.jpg,frog_eye_leaf_spot,0,0,1,0,0,0
d8eeca049f688ed4.jpg,healthy,1,0,0,0,0,0
e53116d682ca24ff.jpg,scab frog_eye_leaf_spot,0,1,1,0,0,0
d5890ad21bcc8bb7.jpg,powdery_mildew complex,0,0,0,0,1,1
a8dffc18070de1b1.jpg,frog_eye_leaf_spot,0,0,1,0,0,0
bae44a17ce0438bf.jpg,powdery_mildew,0,0,0,0,1,0
9e4a89cf5a4945b3.jpg,healthy,1,0,0,0,0,0
fae9d575ce304a10.jpg,healthy,1,0,0,0,0,0
f7e389d452142aae.jpg,rust,0,0,0,1,0,0
c2b79f82c04391bf.jpg,powdery_mildew,0,0,0,0,1,0
d36026b7df487138.jpg,powdery_mildew,0,0,0,0,1,0
df0492cfb4c2317c.jpg,scab,0,1,0,0,0,0
b09680d669957f1e.jpg,scab,0,1,0,0,0,0
99229c7f906c768d.jpg,rust,0,0,0,1,0,0
c03ad89827dea96e.jpg,rust frog_eye_leaf_spot,0,0,1,1,0,0
c1e0d943f5256a9b.jpg,complex,0,0,0,0,0,1
91cd70f93719843e.jpg,rust,0,0,0,1,0,0
bf91d0eb480987ad.jpg,healthy,1,0,0,0,0,0
fd14c0d4c33e0f78.jpg,healthy,1,0,0,0,0,0
b8b6e66cda8911d2.jpg,frog_eye_leaf_spot,0,0,1,0,0,0
f1a52387be72a518.jpg,frog_eye_leaf_spot,0,0,1,0,0,0
8fe8be8196599169.jpg,complex,0,0,0,0,0,1
c1df50ceab227e18.jpg,frog_eye_leaf_spot,0,0,1,0,0,0
ca7005c78cdbb8c7.jpg,frog_eye_leaf_spot,0,0,1,0,0,0
e9f9a450d5d80799.jpg,frog_eye_leaf_spot,0,0,1,0,0,0
d4e82c8c98fce327.jpg,scab,0,1,0,0,0,0
b4d883d0cf974da4.jpg,frog_eye_leaf_spot,0,0,1,0,0,0
b6990974b496e89d.jpg,frog_eye_leaf_spot,0,0,1,0,0,0
c9b087c7aa7cd2c8.jpg,rust,0,0,0,1,0,0
dee2bd94d74a1441.jpg,rust,0,0,0,1,0,0
b5b492facd413545.jpg,healthy,1,0,0,0,0,0
f07f309c603c87f8.jpg,scab,0,1,0,0,0,0
a98b9096da3bd915.jpg,scab frog_eye_leaf_spot,0,1,1,0,0,0
d86ac244e1bafb68.jpg,complex,0,0,0,0,0,1
a5359191799dc9d4.jpg,scab,0,1,0,0,0,0
9aad2e04b56c5755.jpg,scab frog_eye_leaf_spot,0,1,1,0,0,0
f8914f671cda90c6.jpg,healthy,1,0,0,0,0,0
f89897d89ce90d2c.jpg,healthy,1,0,0,0,0,0
da979553d822352e.jpg,scab,0,1,0,0,0,0
a8f4d4159a8ac779.jpg,scab,0,1,0,0,0,0
bad9386066974d1d.jpg,healthy,1,0,0,0,0,0
f59f8628927d9a05.jpg,frog_eye_leaf_spot complex,0,0,1,0,0,1
cf04e49f16a26b27.jpg,scab,0,1,0,0,0,0
e49dc5bdcd040c76.jpg,frog_eye_leaf_spot,0,0,1,0,0,0
85c26b555eadd4a4.jpg,scab,0,1,0,0,0,0
9edb7fbd50d1a000.jpg,scab,0,1,0,0,0,0
e121243e7e44ea6f.jpg,healthy,1,0,0,0,0,0
ffc5a24283c5a56a.jpg,scab,0,1,0,0,0,0
9567c55e16cc94a5.jpg,healthy,1,0,0,0,0,0
ad53c34bda20e1e9.jpg,healthy,1,0,0,0,0,0
d52c3f813b4b5a1a.jpg,complex,0,0,0,0,0,1
ffbd4286a134e8e0.jpg,healthy,1,0,0,0,0,0
fff318cc803cb059.jpg,scab,0,1,0,0,0,0
f891d3fc12f7210c.jpg,healthy,1,0,0,0,0,0
f8e289a98187afb8.jpg,healthy,1,0,0,0,0,0
bd9014a3a1df3d34.jpg,scab,0,1,0,0,0,0
fc83199793998d8c.jpg,rust,0,0,0,1,0,0
c3334ad5899f701b.jpg,scab,0,1,0,0,0,0
b5cad2a88b903f93.jpg,healthy,1,0,0,0,0,0
c2a8d74db00f35f8.jpg,healthy,1,0,0,0,0,0
ae25c70dea0ef027.jpg,scab,0,1,0,0,0,0
cde12319eea806ee.jpg,frog_eye_leaf_spot,0,0,1,0,0,0
b5f0e041970bfe2c.jpg,scab,0,1,0,0,0,0
d0de2d16c3f1c81d.jpg,scab,0,1,0,0,0,0
e0bbf620c7c0ce87.jpg,scab,0,1,0,0,0,0
e1c14afb0b45b764.jpg,frog_eye_leaf_spot,0,0,1,0,0,0
9df49586a56e2c98.jpg,rust,0,0,0,1,0,0
9987460a83f7c3e6.jpg,scab,0,1,0,0,0,0
e99eddc8c10d443e.jpg,scab,0,1,0,0,0,0
fa49aa4383550fb6.jpg,rust,0,0,0,1,0,0
bcf8ec0f0f3e9048.jpg,scab frog_eye_leaf_spot,0,1,1,0,0,0
e3f2b5cc7807a384.jpg,frog_eye_leaf_spot,0,0,1,0,0,0
d7d8c6cbc818c33c.jpg,healthy,1,0,0,0,0,0
b18bc96dd8265752.jpg,frog_eye_leaf_spot,0,0,1,0,0,0
87e5be5080617f6a.jpg,healthy,1,0,0,0,0,0
ca3825d84b09eddd.jpg,scab,0,1,0,0,0,0
a8af94cacae5a586.jpg,scab frog_eye_leaf_spot complex,0,1,1,0,0,1
d5612bb74f523432.jpg,frog_eye_leaf_spot,0,0,1,0,0,0
9fd08acafc84e664.jpg,healthy,1,0,0,0,0,0
fd1fa7f0040be03a.jpg,healthy,1,0,0,0,0,0
bc87388e942dc5f4.jpg,scab,0,1,0,0,0,0
d2c9e5973a2a986a.jpg,scab,0,1,0,0,0,0
8ac5b5cbd05b7838.jpg,scab,0,1,0,0,0,0
ea4a254af7f840f1.jpg,healthy,1,0,0,0,0,0
fc97d283889597a8.jpg,healthy,1,0,0,0,0,0
f0d2d273d2139e83.jpg,healthy,1,0,0,0,0,0
fb64b2c14d21fe12.jpg,healthy,1,0,0,0,0,0
d6cd36db8098e964.jpg,rust,0,0,0,1,0,0
e0c369127b26bd36.jpg,healthy,1,0,0,0,0,0
b0a183de19bb96c3.jpg,rust frog_eye_leaf_spot,0,0,1,1,0,0
aaaa35a59b30e9b8.jpg,scab,0,1,0,0,0,0
e6e29a1cc99ea40f.jpg,frog_eye_leaf_spot,0,0,1,0,0,0
aaa1c35e1ad53a95.jpg,scab,0,1,0,0,0,0
b6bf00916ba0fd70.jpg,scab,0,1,0,0,0,0
e3835dcf0ae9700b.jpg,scab,0,1,0,0,0,0
c27e63fc0801fe65.jpg,scab,0,1,0,0,0,0
b412753927e14ad7.jpg,frog_eye_leaf_spot,0,0,1,0,0,0
9dbb23caa562905d.jpg,frog_eye_leaf_spot,0,0,1,0,0,0
b69eccd84398e153.jpg,scab frog_eye_leaf_spot,0,1,1,0,0,0
cbd22f823e2f9461.jpg,healthy,1,0,0,0,0,0
ff8043a7860f879c.jpg,scab,0,1,0,0,0,0
e0c48514f0f5f763.jpg,scab,0,1,0,0,0,0
b9c6db98881927f2.jpg,frog_eye_leaf_spot,0,0,1,0,0,0
e5d742694436d8cd.jpg,complex,0,0,0,0,0,1
fd9c9048496f3873.jpg,rust,0,0,0,1,0,0
c7892d78322c8cfd.jpg,complex,0,0,0,0,0,1
c49cc9c3d3051f73.jpg,healthy,1,0,0,0,0,0
98b221287bab7b6a.jpg,powdery_mildew,0,0,0,0,1,0
fd954872dd390472.jpg,scab frog_eye_leaf_spot,0,1,1,0,0,0
bec195ea920390fd.jpg,scab,0,1,0,0,0,0
c03f6a3ad3c4358d.jpg,scab,0,1,0,0,0,0
f8f682828dde8b4c.jpg,frog_eye_leaf_spot,0,0,1,0,0,0
88f61237cc354c9f.jpg,powdery_mildew,0,0,0,0,1,0
efb0862a1efab882.jpg,healthy,1,0,0,0,0,0
849a2c135edf7c15.jpg,scab,0,1,0,0,0,0
84e18e9f9d130bf1.jpg,scab,0,1,0,0,0,0
f7902e0ef8210f6e.jpg,scab,0,1,0,0,0,0
f8fad7136b8a2103.jpg,rust,0,0,0,1,0,0
f04593e39ba539a4.jpg,scab frog_eye_leaf_spot,0,1,1,0,0,0
c870074767f6e871.jpg,rust,0,0,0,1,0,0
ba91919fda5f00f0.jpg,rust,0,0,0,1,0,0
8683996d49fe24b6.jpg,frog_eye_leaf_spot,0,0,1,0,0,0
8d3a35c93883e5dc.jpg,scab frog_eye_leaf_spot,0,1,1,0,0,0
c8a6fa9fd055446a.jpg,scab,0,1,0,0,0,0
abec8d940df8da28.jpg,healthy,1,0,0,0,0,0
947a4a17a5bdec11.jpg,rust,0,0,0,1,0,0
f198e1c8ff003e65.jpg,healthy,1,0,0,0,0,0
af569685dad75140.jpg,scab,0,1,0,0,0,0
a1833dfae6500eba.jpg,rust,0,0,0,1,0,0
b4eed44e6229153b.jpg,rust,0,0,0,1,0,0
8fe015de7a077268.jpg,scab,0,1,0,0,0,0
a2be96953443c7e4.jpg,complex,0,0,0,0,0,1
d3786b19309399ab.jpg,rust,0,0,0,1,0,0
ca34297a60ee7ed0.jpg,rust,0,0,0,1,0,0
a5af7042e0d4e1fc.jpg,healthy,1,0,0,0,0,0
adad364a754b505a.jpg,scab,0,1,0,0,0,0
fe4bc0bb89192176.jpg,healthy,1,0,0,0,0,0
80fac59d5be8a0e5.jpg,complex,0,0,0,0,0,1
ccf492cb8eacb988.jpg,complex,0,0,0,0,0,1
acd5e60fc896a8ac.jpg,scab,0,1,0,0,0,0
c51f3ab1d88e2c65.jpg,scab,0,1,0,0,0,0
80a874f5fb9295d8.jpg,scab,0,1,0,0,0,0
cc0c36fcf9999292.jpg,scab,0,1,0,0,0,0
a2a5c3969692be8d.jpg,frog_eye_leaf_spot,0,0,1,0,0,0
cfe10c3494e7d0f8.jpg,healthy,1,0,0,0,0,0
ca5211ffbad128d1.jpg,scab frog_eye_leaf_spot,0,1,1,0,0,0
85d0e1b0ea59b72e.jpg,complex,0,0,0,0,0,1
af919196dac81aad.jpg,scab,0,1,0,0,0,0
c19a7aca95e54c35.jpg,scab,0,1,0,0,0,0
d5cd9d0c2ca2e3e4.jpg,scab,0,1,0,0,0,0
d00aa791ed0737f8.jpg,scab,0,1,0,0,0,0
afbea400aa1f29ba.jpg,scab,0,1,0,0,0,0
f02883d609affb8a.jpg,scab,0,1,0,0,0,0
e2a7821a59e13eb5.jpg,scab,0,1,0,0,0,0
be6ae22d9730ef00.jpg,scab,0,1,0,0,0,0
bfc86719271047f1.jpg,scab,0,1,0,0,0,0
e974ef0b8217624b.jpg,rust,0,0,0,1,0,0
832f7e641ec74474.jpg,frog_eye_leaf_spot,0,0,1,0,0,0
b5c68a156b48e2ed.jpg,rust,0,0,0,1,0,0
e596971939256726.jpg,frog_eye_leaf_spot,0,0,1,0,0,0
ebfd6031e81e38a2.jpg,frog_eye_leaf_spot,0,0,1,0,0,0
e16520b6bf50561f.jpg,scab,0,1,0,0,0,0
97958d2c4d390776.jpg,complex,0,0,0,0,0,1
c377302f39c6615c.jpg,healthy,1,0,0,0,0,0
ad328df0cd4780ee.jpg,scab,0,1,0,0,0,0
ca11aa188e47e777.jpg,scab,0,1,0,0,0,0
f216163dcd8529b3.jpg,complex,0,0,0,0,0,1
bac14e6fb04a91d3.jpg,complex,0,0,0,0,0,1
cc4cec299d92fc43.jpg,rust,0,0,0,1,0,0
f0e4c792b6d2924b.jpg,complex,0,0,0,0,0,1
9fbc850a8e19f0f1.jpg,scab,0,1,0,0,0,0
982789c94eb27a79.jpg,scab,0,1,0,0,0,0
aeec743ce11f003e.jpg,healthy,1,0,0,0,0,0
d8adc9d60d9278ca.jpg,frog_eye_leaf_spot,0,0,1,0,0,0
e9a7c1cb2c8918f9.jpg,complex,0,0,0,0,0,1
d13e807afd03709d.jpg,scab,0,1,0,0,0,0
d5f22af236257225.jpg,scab,0,1,0,0,0,0
a4057ac6a9e996ae.jpg,scab,0,1,0,0,0,0
f0e98f8d8898ed98.jpg,healthy,1,0,0,0,0,0
8e8f67d0e1e3e141.jpg,scab,0,1,0,0,0,0
fae0951a49a587d6.jpg,rust,0,0,0,1,0,0
831a34829dce73f3.jpg,powdery_mildew,0,0,0,0,1,0
c1583d30e0e1d5f7.jpg,healthy,1,0,0,0,0,0
92a58ade0de5278e.jpg,complex,0,0,0,0,0,1
b7a016cec4e52d0f.jpg,frog_eye_leaf_spot,0,0,1,0,0,0
c9938c1d3ae6b3a1.jpg,healthy,1,0,0,0,0,0
a5a13997a1f17a38.jpg,scab,0,1,0,0,0,0
b5b54aea95952a26.jpg,frog_eye_leaf_spot,0,0,1,0,0,0
95b44bc3a87077ca.jpg,powdery_mildew,0,0,0,0,1,0
e00b4d7c32ed519b.jpg,healthy,1,0,0,0,0,0
bdf995096a5066e8.jpg,healthy,1,0,0,0,0,0
d1ee83a58bf01c71.jpg,frog_eye_leaf_spot complex,0,0,1,0,0,1
9fe9c28c28730e9e.jpg,rust complex,0,0,0,1,0,1
b0eb838a947afc94.jpg,scab,0,1,0,0,0,0
a9fb8695d261916a.jpg,rust,0,0,0,1,0,0
8a9138ebc3a68f8d.jpg,healthy,1,0,0,0,0,0
b586e296d88819fd.jpg,frog_eye_leaf_spot,0,0,1,0,0,0
c0c38f813d7e532b.jpg,scab,0,1,0,0,0,0
cfa934dfe7420283.jpg,frog_eye_leaf_spot,0,0,1,0,0,0
c6ef2e6c89dc9190.jpg,scab,0,1,0,0,0,0
b3fbff09106109cc.jpg,frog_eye_leaf_spot,0,0,1,0,0,0
b53542d28b699f89.jpg,complex,0,0,0,0,0,1
ad6a31ada097a599.jpg,scab,0,1,0,0,0,0
be839493ca232c3f.jpg,rust complex,0,0,0,1,0,1
c3acca4c4e3b24f3.jpg,scab,0,1,0,0,0,0
d0606085a7ca3ffd.jpg,scab,0,1,0,0,0,0
e053b44bb6ad9295.jpg,frog_eye_leaf_spot,0,0,1,0,0,0
a9a1709ad9c3c8f9.jpg,frog_eye_leaf_spot,0,0,1,0,0,0
81ecbe9194a32b73.jpg,powdery_mildew,0,0,0,0,1,0
e00138fb1e3cc7b6.jpg,powdery_mildew,0,0,0,0,1,0
f3e69cd098169663.jpg,frog_eye_leaf_spot,0,0,1,0,0,0
bcb4988f0b4a55ec.jpg,healthy,1,0,0,0,0,0
c20ccb96a5ebb239.jpg,healthy,1,0,0,0,0,0
dae05c4f030dbd87.jpg,healthy,1,0,0,0,0,0
85e834be8e733239.jpg,scab,0,1,0,0,0,0
978b59b56a53e184.jpg,rust,0,0,0,1,0,0
8ce77048e12f3dd4.jpg,healthy,1,0,0,0,0,0
f9aa7bb16e52a081.jpg,powdery_mildew,0,0,0,0,1,0
bcdad04d9d24ab4c.jpg,scab,0,1,0,0,0,0
f4a390c7c1ae633c.jpg,powdery_mildew complex,0,0,0,0,1,1
c56a369b0bd0e0f5.jpg,powdery_mildew,0,0,0,0,1,0
f2e887923e584b63.jpg,healthy,1,0,0,0,0,0
b20ca85e127dbe65.jpg,complex,0,0,0,0,0,1
f2b2e7b42938894b.jpg,powdery_mildew,0,0,0,0,1,0
b4ea8f8c38f43166.jpg,healthy,1,0,0,0,0,0
85ec05cd9fc042f7.jpg,scab,0,1,0,0,0,0
ed289827d57592f0.jpg,scab frog_eye_leaf_spot,0,1,1,0,0,0
90cf43df4ba5eb00.jpg,scab,0,1,0,0,0,0
f003c1b7cb9a23f8.jpg,healthy,1,0,0,0,0,0
b4bdd2d08da1edc0.jpg,scab,0,1,0,0,0,0
84d726719e132fc3.jpg,scab,0,1,0,0,0,0
c8e271b852b88fae.jpg,healthy,1,0,0,0,0,0
fe31f295814c631e.jpg,scab,0,1,0,0,0,0
d8792469f6b894b8.jpg,frog_eye_leaf_spot,0,0,1,0,0,0
fff4c0d2d2c202da.jpg,healthy,1,0,0,0,0,0
96b60cbdacd5948a.jpg,healthy,1,0,0,0,0,0
e5c222c7c6979d29.jpg,scab,0,1,0,0,0,0
a83dd67b9a8150a7.jpg,scab,0,1,0,0,0,0
93e896990cb365b5.jpg,rust,0,0,0,1,0,0
f94ac0a73c7522f1.jpg,scab,0,1,0,0,0,0
dd0386a68f85c58f.jpg,frog_eye_leaf_spot,0,0,1,0,0,0
afd43d99d2405a56.jpg,scab,0,1,0,0,0,0
9e8fc81ba5b8ce22.jpg,complex,0,0,0,0,0,1
9fc2762bb8869295.jpg,scab,0,1,0,0,0,0
88d72fe31c1f099c.jpg,powdery_mildew,0,0,0,0,1,0
fc82badc4f2818ea.jpg,frog_eye_leaf_spot,0,0,1,0,0,0
df7240d2af908755.jpg,scab,0,1,0,0,0,0
d767953ae109684d.jpg,frog_eye_leaf_spot,0,0,1,0,0,0
90617a570fcaa29f.jpg,powdery_mildew,0,0,0,0,1,0
e54b34ad63c253a5.jpg,frog_eye_leaf_spot,0,0,1,0,0,0
bd82922fda68497c.jpg,rust frog_eye_leaf_spot,0,0,1,1,0,0
e68b3971c71cc38c.jpg,scab,0,1,0,0,0,0
f8f69da38e910698.jpg,frog_eye_leaf_spot,0,0,1,0,0,0
efc084fd3e344561.jpg,healthy,1,0,0,0,0,0
ca00eb62b81fd8af.jpg,rust,0,0,0,1,0,0
a7dec204c6b8bea8.jpg,healthy,1,0,0,0,0,0
95bc6790bdc2308f.jpg,scab,0,1,0,0,0,0
8c8ab57f86258a75.jpg,scab,0,1,0,0,0,0
fcf1a57a554a2149.jpg,healthy,1,0,0,0,0,0
d1c30ad55e5c7472.jpg,frog_eye_leaf_spot,0,0,1,0,0,0
9ddd9a046f6c088f.jpg,rust,0,0,0,1,0,0
f1810e0dd997ef12.jpg,scab frog_eye_leaf_spot complex,0,1,1,0,0,1
fc6884edc1875e98.jpg,scab,0,1,0,0,0,0
fcb4c95abcb4210b.jpg,scab,0,1,0,0,0,0
f78f879c8068b8d2.jpg,healthy,1,0,0,0,0,0
f5fd80f2fa821078.jpg,scab,0,1,0,0,0,0
89a1368aeb2dc5b6.jpg,complex,0,0,0,0,0,1
d5954cc03c51676f.jpg,frog_eye_leaf_spot,0,0,1,0,0,0
f4b549c1495edd42.jpg,frog_eye_leaf_spot,0,0,1,0,0,0
d4d8689596df6b80.jpg,frog_eye_leaf_spot,0,0,1,0,0,0
c23b2b96e9633790.jpg,healthy,1,0,0,0,0,0
a17298b49fb117d1.jpg,frog_eye_leaf_spot,0,0,1,0,0,0
804e673e9ec3d12b.jpg,healthy,1,0,0,0,0,0
e2ddf95e8c6830c2.jpg,frog_eye_leaf_spot,0,0,1,0,0,0
ef711440600f67f7.jpg,scab,0,1,0,0,0,0
ec83d0c04ea7be6a.jpg,complex,0,0,0,0,0,1
b597c3a2c29c4b95.jpg,scab frog_eye_leaf_spot,0,1,1,0,0,0
ae703e5afd417540.jpg,scab,0,1,0,0,0,0
80261f473eafb92c.jpg,scab,0,1,0,0,0,0
d6d64267361e15ac.jpg,healthy,1,0,0,0,0,0
d493c4a64d46bd4b.jpg,scab,0,1,0,0,0,0
a4383e4e50fdad83.jpg,rust,0,0,0,1,0,0
dab8b396ad4cc06c.jpg,frog_eye_leaf_spot,0,0,1,0,0,0
c6296d963c1ea5b8.jpg,frog_eye_leaf_spot,0,0,1,0,0,0
daa64d9336ed6046.jpg,rust,0,0,0,1,0,0
8ddbb4a8f049caaa.jpg,scab,0,1,0,0,0,0
d4847ec357b02e9a.jpg,rust,0,0,0,1,0,0
af8195907bb54aa3.jpg,healthy,1,0,0,0,0,0
9c527f2a43e07a9c.jpg,healthy,1,0,0,0,0,0
f69c896b31b14d61.jpg,rust,0,0,0,1,0,0
84d874655f1e8b63.jpg,scab,0,1,0,0,0,0
ac23a6c7948dcada.jpg,rust,0,0,0,1,0,0
a55235c3d735a7c0.jpg,healthy,1,0,0,0,0,0
9eea5a4f6d1c9098.jpg,healthy,1,0,0,0,0,0
a0e4c2f68fd19f12.jpg,scab,0,1,0,0,0,0
cac51674aadc54ab.jpg,frog_eye_leaf_spot,0,0,1,0,0,0
b60e9de069b27964.jpg,scab,0,1,0,0,0,0
a23cc396c68b6f68.jpg,scab,0,1,0,0,0,0
aed2d487cc16cc99.jpg,frog_eye_leaf_spot,0,0,1,0,0,0
ec6bd8141cbb22ce.jpg,scab frog_eye_leaf_spot complex,0,1,1,0,0,1
808b6f258f76ac72.jpg,frog_eye_leaf_spot,0,0,1,0,0,0
d9df5ad2c9918489.jpg,scab,0,1,0,0,0,0
b91ed118d699c8b3.jpg,scab frog_eye_leaf_spot,0,1,1,0,0,0
d6a38e581cbd6076.jpg,frog_eye_leaf_spot,0,0,1,0,0,0
dc84c480cffa2c7d.jpg,scab,0,1,0,0,0,0
ab90a590dd415bcf.jpg,healthy,1,0,0,0,0,0
90bb1102d87bfa2f.jpg,frog_eye_leaf_spot,0,0,1,0,0,0
dcb474a5f5631c42.jpg,healthy,1,0,0,0,0,0
e9c7156596850f1b.jpg,frog_eye_leaf_spot,0,0,1,0,0,0
ae51f5f34a251b21.jpg,healthy,1,0,0,0,0,0
c29422fa94e4d5f6.jpg,rust,0,0,0,1,0,0
fde0cd0a5d952a58.jpg,scab,0,1,0,0,0,0
b57dc130aec2586b.jpg,frog_eye_leaf_spot,0,0,1,0,0,0
a8cdcd346a9199da.jpg,scab,0,1,0,0,0,0
a5b0d7c09ff3900b.jpg,healthy,1,0,0,0,0,0
fd16e9f0281c86d6.jpg,healthy,1,0,0,0,0,0
a0ae9f1718af3549.jpg,frog_eye_leaf_spot,0,0,1,0,0,0
f48ae8499a3a3ccd.jpg,rust,0,0,0,1,0,0
d79f6080051dbd4f.jpg,scab,0,1,0,0,0,0
d8a590c2d747ad47.jpg,healthy,1,0,0,0,0,0
feb7eaf570008681.jpg,healthy,1,0,0,0,0,0
8331947e0f0d279f.jpg,scab,0,1,0,0,0,0
ed966a4e1c6c38b2.jpg,frog_eye_leaf_spot,0,0,1,0,0,0
8d3ae5b0cae298a7.jpg,scab,0,1,0,0,0,0
d2913e77ba46a0aa.jpg,scab,0,1,0,0,0,0
aa142048eff78bf4.jpg,rust,0,0,0,1,0,0
b4e994a45ac62b5b.jpg,scab,0,1,0,0,0,0
a1e9c2e7dbc940c3.jpg,healthy,1,0,0,0,0,0
ad5245cedf8c4b30.jpg,frog_eye_leaf_spot,0,0,1,0,0,0
e0fb308abbbb7108.jpg,scab,0,1,0,0,0,0
f1f9e0285f0ca5e4.jpg,powdery_mildew,0,0,0,0,1,0
90c6ef8cb8370bd2.jpg,powdery_mildew,0,0,0,0,1,0
d90767910633b93d.jpg,frog_eye_leaf_spot,0,0,1,0,0,0
b465cbd64c19725a.jpg,scab,0,1,0,0,0,0
a8c2e867c0ebd48f.jpg,healthy,1,0,0,0,0,0
9d7238c8a50b4ef5.jpg,rust,0,0,0,1,0,0
957ac48bc5996a9c.jpg,rust,0,0,0,1,0,0
fe2fa8e63c470033.jpg,healthy,1,0,0,0,0,0
e5d91756a2aa5a45.jpg,healthy,1,0,0,0,0,0
cb8660f0e5958fa6.jpg,healthy,1,0,0,0,0,0
c19327bf409a1f0f.jpg,frog_eye_leaf_spot,0,0,1,0,0,0
96b66b3a1f311394.jpg,scab,0,1,0,0,0,0
cdf71f3395a20164.jpg,scab frog_eye_leaf_spot complex,0,1,1,0,0,1
d2d4948d7c68e4f2.jpg,frog_eye_leaf_spot,0,0,1,0,0,0
a0260ff0da9f525d.jpg,frog_eye_leaf_spot,0,0,1,0,0,0
98998b9d5c54b536.jpg,scab,0,1,0,0,0,0
de3a868f9c706487.jpg,complex,0,0,0,0,0,1
943fda503d5f301c.jpg,powdery_mildew,0,0,0,0,1,0
cc01e1c9c386df37.jpg,scab,0,1,0,0,0,0
db8980f6b57a6a0a.jpg,frog_eye_leaf_spot,0,0,1,0,0,0
a464069ab6b56776.jpg,frog_eye_leaf_spot,0,0,1,0,0,0
addcd54d49656252.jpg,healthy,1,0,0,0,0,0
fa1cc2c894d389db.jpg,healthy,1,0,0,0,0,0
b8d7d30f9814d01f.jpg,healthy,1,0,0,0,0,0
bcf14581d8274ece.jpg,healthy,1,0,0,0,0,0
88a2e1dc9fdd83e0.jpg,scab,0,1,0,0,0,0
949ccfb0b2f3540b.jpg,healthy,1,0,0,0,0,0
b84ff05dd401e6c9.jpg,scab,0,1,0,0,0,0
c1d3f5c296634655.jpg,scab,0,1,0,0,0,0
d6b03acf781b6119.jpg,powdery_mildew,0,0,0,0,1,0
a8f2d64a5825b5b5.jpg,scab,0,1,0,0,0,0
9d6a6499354e3197.jpg,healthy,1,0,0,0,0,0
f5e0c13713b1817b.jpg,powdery_mildew,0,0,0,0,1,0
d9d0b6b21b1f8496.jpg,scab,0,1,0,0,0,0
b3cd878edc90684e.jpg,scab,0,1,0,0,0,0
d7dc99166dcc6031.jpg,frog_eye_leaf_spot,0,0,1,0,0,0
e55eca8569dc7098.jpg,scab,0,1,0,0,0,0
a7cfd6b07942226c.jpg,scab,0,1,0,0,0,0
a9f6a5c29d959095.jpg,scab frog_eye_leaf_spot,0,1,1,0,0,0
ac1b94bc881287ff.jpg,complex,0,0,0,0,0,1
f11f8930ee31c39a.jpg,frog_eye_leaf_spot,0,0,1,0,0,0
dbb0ff8bd023218c.jpg,healthy,1,0,0,0,0,0
ddbf2eddd98c8000.jpg,healthy,1,0,0,0,0,0
d09f012b7971e1c7.jpg,scab,0,1,0,0,0,0
873c7d17788e3053.jpg,scab,0,1,0,0,0,0
bf4390e5c9da2585.jpg,healthy,1,0,0,0,0,0
a01fd254cf336963.jpg,frog_eye_leaf_spot,0,0,1,0,0,0
85b92fb08e72da0b.jpg,scab,0,1,0,0,0,0
86923b8eca7e1555.jpg,scab,0,1,0,0,0,0
d582cba92f753074.jpg,scab frog_eye_leaf_spot,0,1,1,0,0,0
fc69ea75438305c3.jpg,scab,0,1,0,0,0,0
bfa5f09750cca258.jpg,scab,0,1,0,0,0,0
e2c787d4070d786d.jpg,healthy,1,0,0,0,0,0
fdb4c4819edc5258.jpg,powdery_mildew,0,0,0,0,1,0
a4f2950a78bc3a76.jpg,powdery_mildew,0,0,0,0,1,0
e5f27342ce1cb9a0.jpg,rust,0,0,0,1,0,0
d7c0b73427bc31c8.jpg,frog_eye_leaf_spot,0,0,1,0,0,0
eb381c85c11cb5de.jpg,frog_eye_leaf_spot,0,0,1,0,0,0
e01f503cb752e6c5.jpg,frog_eye_leaf_spot,0,0,1,0,0,0
d197c19af84bee80.jpg,rust,0,0,0,1,0,0
d1a7d2e6bc644a13.jpg,rust,0,0,0,1,0,0
c13977cb1d2708e3.jpg,healthy,1,0,0,0,0,0
fc95c28abe5cb031.jpg,frog_eye_leaf_spot,0,0,1,0,0,0
e03755ce56e4acb0.jpg,scab,0,1,0,0,0,0
f0b41a4b0d9cc75b.jpg,healthy,1,0,0,0,0,0
92cc3a0e93c1f4f3.jpg,scab,0,1,0,0,0,0
8fd88738e26f45c4.jpg,healthy,1,0,0,0,0,0
d53c876e954300fe.jpg,scab,0,1,0,0,0,0
e08f68db827fc14a.jpg,healthy,1,0,0,0,0,0
83e163c3c17a1f39.jpg,healthy,1,0,0,0,0,0
ad97865fc44c8cac.jpg,frog_eye_leaf_spot,0,0,1,0,0,0
d88f319877c316d8.jpg,scab,0,1,0,0,0,0
e5d8925aa521fc0f.jpg,frog_eye_leaf_spot,0,0,1,0,0,0
94e4d8968d9bb499.jpg,healthy,1,0,0,0,0,0
ad17d13ac53c0b72.jpg,scab,0,1,0,0,0,0
bfe8c0ec4ac5c552.jpg,healthy,1,0,0,0,0,0
a2b59583525fe938.jpg,healthy,1,0,0,0,0,0
da0fb9fc305cf048.jpg,scab,0,1,0,0,0,0
946cddd7342d58a1.jpg,healthy,1,0,0,0,0,0
ab5fc30158f2706e.jpg,powdery_mildew,0,0,0,0,1,0
909917d62acab74d.jpg,powdery_mildew,0,0,0,0,1,0
cf85005ff56198f2.jpg,scab,0,1,0,0,0,0
cd32e09f1e6385f0.jpg,scab,0,1,0,0,0,0
f56e92a5899116d5.jpg,scab,0,1,0,0,0,0
f89c24ce9ee1d4d0.jpg,rust,0,0,0,1,0,0
fed8875ead42300b.jpg,healthy,1,0,0,0,0,0
ddb462c1932e7bc0.jpg,scab,0,1,0,0,0,0
e0bc8ff183c117e2.jpg,healthy,1,0,0,0,0,0
8ffd8fdc85001539.jpg,scab,0,1,0,0,0,0
84efc0807fee703a.jpg,healthy,1,0,0,0,0,0
b9e6b29acb540f12.jpg,frog_eye_leaf_spot,0,0,1,0,0,0
f827cf360d8c24dc.jpg,scab,0,1,0,0,0,0
ffe0b5a25b54ea00.jpg,rust,0,0,0,1,0,0
cf61b53c018e70db.jpg,rust,0,0,0,1,0,0
f637dec600ccc1a3.jpg,frog_eye_leaf_spot,0,0,1,0,0,0
b53eba373309252a.jpg,scab,0,1,0,0,0,0
dc6e7b942a9a2d90.jpg,scab,0,1,0,0,0,0
e56525b949c9d2b4.jpg,healthy,1,0,0,0,0,0
9dc361879f1cf860.jpg,frog_eye_leaf_spot,0,0,1,0,0,0
d2b1859b5596a9b4.jpg,scab,0,1,0,0,0,0
91f0f0e4d11e1f36.jpg,scab,0,1,0,0,0,0
eceed0904f806f93.jpg,frog_eye_leaf_spot,0,0,1,0,0,0
f231a51a022bcefb.jpg,scab,0,1,0,0,0,0
dd318529cd498eb5.jpg,scab,0,1,0,0,0,0
80fdcd4466543b79.jpg,frog_eye_leaf_spot,0,0,1,0,0,0
f00fc13d34d0f1cd.jpg,frog_eye_leaf_spot,0,0,1,0,0,0
9b4e39ffc0d58510.jpg,scab,0,1,0,0,0,0
b421cc5b670f2397.jpg,healthy,1,0,0,0,0,0
a1fec7889a70e88d.jpg,complex,0,0,0,0,0,1
f9f10f6e8c06cb21.jpg,frog_eye_leaf_spot,0,0,1,0,0,0
8d278e36d96ef802.jpg,frog_eye_leaf_spot,0,0,1,0,0,0
fd418d75ec1644b4.jpg,scab,0,1,0,0,0,0
ea871d670b1eda28.jpg,healthy,1,0,0,0,0,0
b5b77bf009e009f0.jpg,scab,0,1,0,0,0,0
f95e2fe11800c33f.jpg,healthy,1,0,0,0,0,0
81ebc695c197b469.jpg,frog_eye_leaf_spot,0,0,1,0,0,0
8ca62f58f5868adc.jpg,healthy,1,0,0,0,0,0
b56cda92c0694b6b.jpg,healthy,1,0,0,0,0,0
abb3c0f68a4dbd08.jpg,scab,0,1,0,0,0,0
b2f18c47c93476a6.jpg,frog_eye_leaf_spot,0,0,1,0,0,0
da8d3d93719038f1.jpg,complex,0,0,0,0,0,1
9ef2c8859ea53c89.jpg,frog_eye_leaf_spot,0,0,1,0,0,0
a041c7a0c5daf47f.jpg,scab,0,1,0,0,0,0
e5eac12f137b8151.jpg,healthy,1,0,0,0,0,0
b0e16f9f103ea227.jpg,scab,0,1,0,0,0,0
8470b79e4a5acb2b.jpg,scab,0,1,0,0,0,0
e1e7cb3258729545.jpg,healthy,1,0,0,0,0,0
8aba6e9603cf27c2.jpg,healthy,1,0,0,0,0,0
df4a6ca527073e06.jpg,healthy,1,0,0,0,0,0
b8b853ad4f9aa581.jpg,healthy,1,0,0,0,0,0
ebe5438717069927.jpg,healthy,1,0,0,0,0,0
a0b2a2daad6553b6.jpg,complex,0,0,0,0,0,1
faebdc1a0ae9b880.jpg,healthy,1,0,0,0,0,0
fca6c3960d5c7816.jpg,powdery_mildew,0,0,0,0,1,0
b5ea97f4a9565009.jpg,scab,0,1,0,0,0,0
b5df930140e43797.jpg,healthy,1,0,0,0,0,0
afebc22513267383.jpg,healthy,1,0,0,0,0,0
a1b44392da4bad6d.jpg,frog_eye_leaf_spot,0,0,1,0,0,0
e1309fe0d4d276a3.jpg,scab,0,1,0,0,0,0
a45996c90bd271db.jpg,healthy,1,0,0,0,0,0
e82f41d4c794f6b0.jpg,frog_eye_leaf_spot,0,0,1,0,0,0
d9e349ca27cc9316.jpg,scab frog_eye_leaf_spot,0,1,1,0,0,0
f0b78272da81887f.jpg,frog_eye_leaf_spot,0,0,1,0,0,0
c98be592855a1f5a.jpg,frog_eye_leaf_spot,0,0,1,0,0,0
c5e748b36e784b0a.jpg,scab,0,1,0,0,0,0
a592ba09f2d7532a.jpg,powdery_mildew,0,0,0,0,1,0
f5b05ad6808b4a6f.jpg,scab,0,1,0,0,0,0
df570928d3d22a9a.jpg,powdery_mildew complex,0,0,0,0,1,1
a54bc00bb52fea56.jpg,rust,0,0,0,1,0,0
86586fbd70cd7881.jpg,complex,0,0,0,0,0,1
c3fde051d1411eae.jpg,scab,0,1,0,0,0,0
e195c7ea1df4200f.jpg,healthy,1,0,0,0,0,0
daa264512ab3b3e5.jpg,healthy,1,0,0,0,0,0
fab4498bcc2c3eb0.jpg,complex,0,0,0,0,0,1
e1301fc1609d87ef.jpg,healthy,1,0,0,0,0,0
8b89d296d42cdde1.jpg,healthy,1,0,0,0,0,0
f5458537e81b474c.jpg,scab,0,1,0,0,0,0
afa780d2d68e4f88.jpg,healthy,1,0,0,0,0,0
d7892b9f7a80328b.jpg,scab,0,1,0,0,0,0
bec1bf39904b00af.jpg,complex,0,0,0,0,0,1
bd97c3018037de35.jpg,complex,0,0,0,0,0,1
8928abb983bdf605.jpg,scab frog_eye_leaf_spot complex,0,1,1,0,0,1
d4c60d661e7a29e9.jpg,scab,0,1,0,0,0,0
a5b5a61d7cc056d2.jpg,scab frog_eye_leaf_spot complex,0,1,1,0,0,1
bbf0d51a3097c1ac.jpg,powdery_mildew,0,0,0,0,1,0
ffb7de908858884a.jpg,rust,0,0,0,1,0,0
b6a5921faf42e1b0.jpg,complex,0,0,0,0,0,1
c5b53783e209b68e.jpg,rust,0,0,0,1,0,0
adc1e2f0dc810e3f.jpg,frog_eye_leaf_spot,0,0,1,0,0,0
b20fc3387b717485.jpg,frog_eye_leaf_spot,0,0,1,0,0,0
bd0d5dc10c52e27e.jpg,frog_eye_leaf_spot,0,0,1,0,0,0
d1d7d56a2512d964.jpg,frog_eye_leaf_spot,0,0,1,0,0,0
f4fa861991093bec.jpg,complex,0,0,0,0,0,1
ceca3279956c3683.jpg,powdery_mildew,0,0,0,0,1,0
e1181e017f2fe4f1.jpg,complex,0,0,0,0,0,1
ac4fd4118a9e2df8.jpg,scab,0,1,0,0,0,0
9ee39c2337175550.jpg,powdery_mildew,0,0,0,0,1,0
e39e31c312c172dd.jpg,complex,0,0,0,0,0,1
fc8f8a9893c32617.jpg,powdery_mildew complex,0,0,0,0,1,1
eda0cd77d0a6a328.jpg,scab,0,1,0,0,0,0
a53fa25fc4e60c34.jpg,frog_eye_leaf_spot,0,0,1,0,0,0
a4c14bbbf066c89b.jpg,powdery_mildew,0,0,0,0,1,0
8f838afd2c62b2c6.jpg,powdery_mildew,0,0,0,0,1,0
a1c4938c931fd769.jpg,scab,0,1,0,0,0,0
d794c3f8988572c3.jpg,scab,0,1,0,0,0,0
ff98c1c88f47223c.jpg,healthy,1,0,0,0,0,0
ce87b2d1bf5a810c.jpg,scab,0,1,0,0,0,0
9894ad9bae345365.jpg,rust complex,0,0,0,1,0,1
b0945fe92d2d6607.jpg,scab,0,1,0,0,0,0
c9b6374b07e6c780.jpg,rust,0,0,0,1,0,0
a2213aae7f86658e.jpg,healthy,1,0,0,0,0,0
94d7c4938e5f6831.jpg,scab,0,1,0,0,0,0
e065df9640db7382.jpg,healthy,1,0,0,0,0,0
cc803d1f6172787e.jpg,scab,0,1,0,0,0,0
bfeab92cc034c925.jpg,rust,0,0,0,1,0,0
e02fc115df9625d8.jpg,scab,0,1,0,0,0,0
a49e94c65eeb7881.jpg,scab,0,1,0,0,0,0
d196843d8f310bf9.jpg,powdery_mildew,0,0,0,0,1,0
fdb5e49dc0b18151.jpg,frog_eye_leaf_spot,0,0,1,0,0,0
8398113566e47cfb.jpg,scab,0,1,0,0,0,0
8b8f3f257d19b041.jpg,scab,0,1,0,0,0,0
b217c296cb82adf8.jpg,scab,0,1,0,0,0,0
e14f9b9e8dd0085e.jpg,scab,0,1,0,0,0,0
bd7b83e01a8079cd.jpg,complex,0,0,0,0,0,1
abb4cbe04807deac.jpg,rust frog_eye_leaf_spot,0,0,1,1,0,0
a9f5800afc787d15.jpg,frog_eye_leaf_spot,0,0,1,0,0,0
f3b8454e2c62d38b.jpg,frog_eye_leaf_spot,0,0,1,0,0,0
bc36c098a38ad9ee.jpg,complex,0,0,0,0,0,1
f8f930e53ce0cb14.jpg,scab,0,1,0,0,0,0
dda12f3f81052d74.jpg,healthy,1,0,0,0,0,0
f2a8c8b44cfd340f.jpg,frog_eye_leaf_spot,0,0,1,0,0,0
fe18911abaf033c6.jpg,powdery_mildew complex,0,0,0,0,1,1
cef73538cb131851.jpg,powdery_mildew,0,0,0,0,1,0
cf7773863320d8c8.jpg,scab,0,1,0,0,0,0
c1c5cec8ccf5a51c.jpg,scab,0,1,0,0,0,0
f5b497990e5f0464.jpg,healthy,1,0,0,0,0,0
b0c9fe043de87654.jpg,healthy,1,0,0,0,0,0
d1d288f558ad6d86.jpg,rust frog_eye_leaf_spot,0,0,1,1,0,0
adefd68ab0615063.jpg,frog_eye_leaf_spot,0,0,1,0,0,0
985192f2f89e0dad.jpg,healthy,1,0,0,0,0,0
d1afce518f789841.jpg,frog_eye_leaf_spot,0,0,1,0,0,0
819a69e3eb4e1b4c.jpg,rust,0,0,0,1,0,0
abebddb19812049d.jpg,healthy,1,0,0,0,0,0
9c5a2de3a45a9729.jpg,scab,0,1,0,0,0,0
fedae01aa112ba78.jpg,scab frog_eye_leaf_spot complex,0,1,1,0,0,1
a11e3d631ec9c935.jpg,healthy,1,0,0,0,0,0
c4a29529587637b7.jpg,complex,0,0,0,0,0,1
af28d6549b10c75b.jpg,healthy,1,0,0,0,0,0
dfbe808b07cb4741.jpg,healthy,1,0,0,0,0,0
fad1e9c301ed6149.jpg,frog_eye_leaf_spot,0,0,1,0,0,0
976c6a198db650cb.jpg,scab,0,1,0,0,0,0
831436bf0e15e5e9.jpg,frog_eye_leaf_spot,0,0,1,0,0,0
ee44201c3d3fd6f0.jpg,healthy,1,0,0,0,0,0
8ae29f9e6c218739.jpg,rust,0,0,0,1,0,0
dca3c4f19487f2c4.jpg,healthy,1,0,0,0,0,0
eb3ac1d47a87d10c.jpg,healthy,1,0,0,0,0,0
81711f836c3e2d2f.jpg,frog_eye_leaf_spot,0,0,1,0,0,0
ad168c0adc6978f9.jpg,scab,0,1,0,0,0,0
d980bacf3003f3f8.jpg,healthy,1,0,0,0,0,0
d0d4e4ecbb17e058.jpg,powdery_mildew,0,0,0,0,1,0
adc0d09a2566ef6c.jpg,healthy,1,0,0,0,0,0
e895b0f8c87ae3a4.jpg,scab,0,1,0,0,0,0
bd679565d0a692b0.jpg,healthy,1,0,0,0,0,0
f992d5028a274f75.jpg,complex,0,0,0,0,0,1
e787b3a0c06ed781.jpg,scab,0,1,0,0,0,0
aaae9592aa5b5a83.jpg,complex,0,0,0,0,0,1
9d3065c3d60e23de.jpg,complex,0,0,0,0,0,1
989a19d56b6c7525.jpg,complex,0,0,0,0,0,1
a0786f831db76269.jpg,scab frog_eye_leaf_spot complex,0,1,1,0,0,1
d0ffc280b68b624f.jpg,healthy,1,0,0,0,0,0
e0e0be36d2d9e132.jpg,healthy,1,0,0,0,0,0
a5869acf84c9cdc5.jpg,healthy,1,0,0,0,0,0
fb0e92b59637a124.jpg,healthy,1,0,0,0,0,0
e58ac3949f81d39c.jpg,scab,0,1,0,0,0,0
fa9fd0aa2a361aa1.jpg,healthy,1,0,0,0,0,0
93d2396b3ec163d0.jpg,frog_eye_leaf_spot,0,0,1,0,0,0
d584da8a9d95a0af.jpg,healthy,1,0,0,0,0,0
a5cc3bc68db94478.jpg,complex,0,0,0,0,0,1
f1c2924b7a2f7862.jpg,scab,0,1,0,0,0,0
ba5482465df45d69.jpg,frog_eye_leaf_spot,0,0,1,0,0,0
d0fcb1a889ac89af.jpg,frog_eye_leaf_spot,0,0,1,0,0,0
e0b36cdb3f01232d.jpg,healthy,1,0,0,0,0,0
ead5aa781b6821a7.jpg,scab,0,1,0,0,0,0
aec6c4976fdd3100.jpg,scab,0,1,0,0,0,0
f0ea9265912fdae0.jpg,frog_eye_leaf_spot,0,0,1,0,0,0
c1c6cccfe4cf144c.jpg,healthy,1,0,0,0,0,0
bffdf2824803d245.jpg,healthy,1,0,0,0,0,0
e0cfd414d9326337.jpg,complex,0,0,0,0,0,1
87eb994599da9047.jpg,healthy,1,0,0,0,0,0
a7b2c0f2e30a20ff.jpg,healthy,1,0,0,0,0,0
d09dd669109e47d9.jpg,frog_eye_leaf_spot complex,0,0,1,0,0,1
99e26566d1661ec9.jpg,powdery_mildew,0,0,0,0,1,0
eab7841297ca58da.jpg,scab frog_eye_leaf_spot,0,1,1,0,0,0
b706d912c9dd29a9.jpg,scab,0,1,0,0,0,0
acd09e4aade0532f.jpg,frog_eye_leaf_spot,0,0,1,0,0,0
97026ab5b2176957.jpg,complex,0,0,0,0,0,1
aca7d4fa0b60de42.jpg,healthy,1,0,0,0,0,0
ad94cab5da4833a9.jpg,scab frog_eye_leaf_spot,0,1,1,0,0,0
8784db96322bd34e.jpg,complex,0,0,0,0,0,1
f18e0b84e99c23bd.jpg,healthy,1,0,0,0,0,0
80939571de62d5b6.jpg,frog_eye_leaf_spot,0,0,1,0,0,0
b481dff018e7b870.jpg,healthy,1,0,0,0,0,0
cc7ab3c418929abd.jpg,scab,0,1,0,0,0,0
dde398009f90739e.jpg,frog_eye_leaf_spot,0,0,1,0,0,0
ed5407e803f4a9d5.jpg,scab,0,1,0,0,0,0
d919cd655027e23e.jpg,scab,0,1,0,0,0,0
beea8ab435c0e11d.jpg,rust frog_eye_leaf_spot,0,0,1,1,0,0
f6800749ad994db7.jpg,rust,0,0,0,1,0,0
bfde52b450412397.jpg,healthy,1,0,0,0,0,0
e9a4b187ceca0b39.jpg,healthy,1,0,0,0,0,0
efe3e0401e7e9c44.jpg,scab frog_eye_leaf_spot complex,0,1,1,0,0,1
855b356b9174a9aa.jpg,scab,0,1,0,0,0,0
aca2813ed88ecf4d.jpg,scab,0,1,0,0,0,0
dc6dc43a963262d6.jpg,frog_eye_leaf_spot complex,0,0,1,0,0,1
a0f2c35f0ed43cca.jpg,healthy,1,0,0,0,0,0
d93083535b2e8fe8.jpg,scab,0,1,0,0,0,0
98a96b5c2b0994fb.jpg,frog_eye_leaf_spot,0,0,1,0,0,0
dcdff0fac0208237.jpg,scab,0,1,0,0,0,0
a5ecbca4a1747662.jpg,frog_eye_leaf_spot,0,0,1,0,0,0
fcf180c5ed1f050b.jpg,healthy,1,0,0,0,0,0
a116db12c9e41dee.jpg,healthy,1,0,0,0,0,0
9fadf0268f052ab8.jpg,rust,0,0,0,1,0,0
9390c9c71e59715d.jpg,frog_eye_leaf_spot,0,0,1,0,0,0
f9a24676c01b9575.jpg,healthy,1,0,0,0,0,0
fcd495fab0c07a14.jpg,healthy,1,0,0,0,0,0
d583825b687c7d26.jpg,scab,0,1,0,0,0,0
b5a3475ea46cc2aa.jpg,frog_eye_leaf_spot,0,0,1,0,0,0
852bc06b76d837f0.jpg,healthy,1,0,0,0,0,0
a86394b5b59c1e71.jpg,frog_eye_leaf_spot,0,0,1,0,0,0
a5da9ce1f0356307.jpg,frog_eye_leaf_spot,0,0,1,0,0,0
9dd8c28cca8d99e9.jpg,scab,0,1,0,0,0,0
8acce5ad262e3a78.jpg,complex,0,0,0,0,0,1
c8f207c8931e21ff.jpg,scab frog_eye_leaf_spot,0,1,1,0,0,0
c28494f53b67685e.jpg,scab,0,1,0,0,0,0
a9f6211d3664c8eb.jpg,healthy,1,0,0,0,0,0
c59c9fce90e26c2c.jpg,scab frog_eye_leaf_spot complex,0,1,1,0,0,1
daad25fa07c0b64a.jpg,healthy,1,0,0,0,0,0
caa78bbf94173604.jpg,frog_eye_leaf_spot,0,0,1,0,0,0
a6b2b652da90cdb2.jpg,frog_eye_leaf_spot,0,0,1,0,0,0
fe5d21dac2a83f40.jpg,frog_eye_leaf_spot,0,0,1,0,0,0
e256e2d26d3e1dc0.jpg,healthy,1,0,0,0,0,0
a8a3d7a6c64e14f4.jpg,frog_eye_leaf_spot,0,0,1,0,0,0
e7d71e4054c4c13f.jpg,powdery_mildew,0,0,0,0,1,0
a54ad27f0c7f90a2.jpg,complex,0,0,0,0,0,1
a5ea56d35a0f5550.jpg,complex,0,0,0,0,0,1
ae83b6d50dca0c6d.jpg,complex,0,0,0,0,0,1
84877bc0c93f68a7.jpg,powdery_mildew,0,0,0,0,1,0
e8e98735ce0b8659.jpg,scab,0,1,0,0,0,0
fee4804a8d345d1f.jpg,complex,0,0,0,0,0,1
ad37869d19b085e5.jpg,frog_eye_leaf_spot,0,0,1,0,0,0
a08fd0829e8edf56.jpg,scab,0,1,0,0,0,0
81f0fc4b0d62e957.jpg,scab frog_eye_leaf_spot,0,1,1,0,0,0
d0a624da352cd67b.jpg,scab,0,1,0,0,0,0
f98a6178fb310a53.jpg,scab frog_eye_leaf_spot,0,1,1,0,0,0
a0bf9a4961c7f0ca.jpg,scab,0,1,0,0,0,0
a8d4ab7069b6b469.jpg,scab,0,1,0,0,0,0
fbd7c2c55288983a.jpg,healthy,1,0,0,0,0,0
a1717229cf2d5a8d.jpg,frog_eye_leaf_spot,0,0,1,0,0,0
c1870ebc7db0303f.jpg,scab,0,1,0,0,0,0
a8becb693a5225b4.jpg,scab,0,1,0,0,0,0
eb8c56d0ca9c1c7a.jpg,rust,0,0,0,1,0,0
a10fd2cf4bc2cce2.jpg,scab frog_eye_leaf_spot,0,1,1,0,0,0
a0c5d8d758ca3fb0.jpg,healthy,1,0,0,0,0,0
81c303afa7d2c3ea.jpg,healthy,1,0,0,0,0,0
c82321c5cddd1d7c.jpg,scab,0,1,0,0,0,0
8d93735ada92342e.jpg,powdery_mildew,0,0,0,0,1,0
a5c6dafe80f68a0a.jpg,healthy,1,0,0,0,0,0
cd9d1b4a3455539a.jpg,frog_eye_leaf_spot,0,0,1,0,0,0
8d98efc88aa54567.jpg,complex,0,0,0,0,0,1
cdca8f5b017325e4.jpg,healthy,1,0,0,0,0,0
d0b65ac38f653c61.jpg,frog_eye_leaf_spot,0,0,1,0,0,0
c48d75e7c8263b89.jpg,powdery_mildew,0,0,0,0,1,0
8f313085fa3cf391.jpg,scab,0,1,0,0,0,0
d48785c6958e26ed.jpg,healthy,1,0,0,0,0,0
9aaa601f25d2b68f.jpg,rust frog_eye_leaf_spot,0,0,1,1,0,0
a8b2d2ff85034ee8.jpg,healthy,1,0,0,0,0,0
a1c5ca9f4ef90269.jpg,complex,0,0,0,0,0,1
a1e17ad35814fe15.jpg,scab,0,1,0,0,0,0
fd8a223fc232e8f0.jpg,scab frog_eye_leaf_spot,0,1,1,0,0,0
9c1e3a3aa68c7971.jpg,powdery_mildew,0,0,0,0,1,0
fda1898fb8d05ad0.jpg,scab,0,1,0,0,0,0
d2b41f53696d2c4a.jpg,frog_eye_leaf_spot,0,0,1,0,0,0
f085978b9cb552aa.jpg,frog_eye_leaf_spot,0,0,1,0,0,0
f5bfe1bd411cc280.jpg,frog_eye_leaf_spot,0,0,1,0,0,0
80bf79836d86936c.jpg,frog_eye_leaf_spot,0,0,1,0,0,0
adc256a5dca1a4b5.jpg,frog_eye_leaf_spot,0,0,1,0,0,0
a55bd2f2c5f02d81.jpg,healthy,1,0,0,0,0,0
a8e291e1da57596a.jpg,rust,0,0,0,1,0,0
9df9f477843c1640.jpg,complex,0,0,0,0,0,1
e3572b4839b1d195.jpg,scab,0,1,0,0,0,0
a0d8d2994ded261f.jpg,healthy,1,0,0,0,0,0
f1319981cf686d8e.jpg,complex,0,0,0,0,0,1
95584a3a9f25e55a.jpg,healthy,1,0,0,0,0,0
dc8e3cad1f59d840.jpg,healthy,1,0,0,0,0,0
fd68ddd0880c9a9d.jpg,healthy,1,0,0,0,0,0
e39f03f11a21fc25.jpg,scab,0,1,0,0,0,0
e0e82fdd173d4017.jpg,scab,0,1,0,0,0,0
b4f4cb43069f612d.jpg,frog_eye_leaf_spot complex,0,0,1,0,0,1
9d9c100b78fbd949.jpg,powdery_mildew,0,0,0,0,1,0
acadb5623c6ae852.jpg,scab frog_eye_leaf_spot,0,1,1,0,0,0
8b2537f3a4cccaa4.jpg,scab,0,1,0,0,0,0
85d07e407be85abc.jpg,scab,0,1,0,0,0,0
b5788bcf0e9c9053.jpg,healthy,1,0,0,0,0,0
bfb480ba895b350d.jpg,scab,0,1,0,0,0,0
f0b632fe0fa581a8.jpg,healthy,1,0,0,0,0,0
a9b69b89d945e432.jpg,healthy,1,0,0,0,0,0
e1a4ce9cde918761.jpg,rust frog_eye_leaf_spot,0,0,1,1,0,0
b62d8278cd413dc7.jpg,frog_eye_leaf_spot,0,0,1,0,0,0
8dd07faa425a62ba.jpg,scab frog_eye_leaf_spot,0,1,1,0,0,0
92875a602f3c1e9f.jpg,scab,0,1,0,0,0,0
84f84709d2bd95d6.jpg,scab,0,1,0,0,0,0
990c57e29f35991c.jpg,powdery_mildew,0,0,0,0,1,0
a4e2cfd919393564.jpg,powdery_mildew,0,0,0,0,1,0
ad12d2b7dad70990.jpg,frog_eye_leaf_spot,0,0,1,0,0,0
bf6983943d3c3324.jpg,complex,0,0,0,0,0,1
fd1ec0609cc790ee.jpg,scab frog_eye_leaf_spot,0,1,1,0,0,0
c8f27932791df308.jpg,scab,0,1,0,0,0,0
f5463bbb2924d06c.jpg,frog_eye_leaf_spot,0,0,1,0,0,0
cf23312fc8c3dcc8.jpg,scab,0,1,0,0,0,0
ba0b093c3cb3f269.jpg,scab,0,1,0,0,0,0
f4f8c2d1c0cbe487.jpg,complex,0,0,0,0,0,1
f435e706de20c3c5.jpg,scab frog_eye_leaf_spot,0,1,1,0,0,0
eae0c20a975ae1bd.jpg,healthy,1,0,0,0,0,0
f4e38c8d28cf112f.jpg,healthy,1,0,0,0,0,0
e07039658f9e5666.jpg,powdery_mildew,0,0,0,0,1,0
c221c371cfc83f9c.jpg,rust,0,0,0,1,0,0
9b60296e617c497b.jpg,powdery_mildew,0,0,0,0,1,0
c9f437e4f9c96808.jpg,rust,0,0,0,1,0,0
f7a1d4d84ad00df2.jpg,powdery_mildew,0,0,0,0,1,0
9bfb69859c5e08a1.jpg,scab,0,1,0,0,0,0
acd0254acb9679a7.jpg,rust,0,0,0,1,0,0
f1348f629b2ff00a.jpg,rust complex,0,0,0,1,0,1
dee4d0d2480eaf3c.jpg,scab,0,1,0,0,0,0
ff68c1f58146881f.jpg,healthy,1,0,0,0,0,0
fd2ac19b469d1ab0.jpg,complex,0,0,0,0,0,1
ca7d3cd0951eca16.jpg,scab,0,1,0,0,0,0
91e473e8f8d4f0d0.jpg,scab frog_eye_leaf_spot,0,1,1,0,0,0
e2f2dd780d42d10f.jpg,healthy,1,0,0,0,0,0
949a5daa9c697253.jpg,frog_eye_leaf_spot,0,0,1,0,0,0
9cf46aca832d59f0.jpg,scab,0,1,0,0,0,0
f48f28f21cc9fc42.jpg,complex,0,0,0,0,0,1
b3bff7c0215c9188.jpg,rust,0,0,0,1,0,0
a5da964bd6aa82a6.jpg,scab,0,1,0,0,0,0
e2a15e9fd864a916.jpg,scab,0,1,0,0,0,0
d1dd12a22d8de62e.jpg,rust,0,0,0,1,0,0
88a7c93f86cb445b.jpg,healthy,1,0,0,0,0,0
f74cc28aab3d541a.jpg,scab frog_eye_leaf_spot,0,1,1,0,0,0
eeaaecc3540e1d0e.jpg,frog_eye_leaf_spot,0,0,1,0,0,0
b686d217a1e2e3a5.jpg,healthy,1,0,0,0,0,0
ce0885f829afc3f1.jpg,scab,0,1,0,0,0,0
c2b923bd42a57257.jpg,scab frog_eye_leaf_spot complex,0,1,1,0,0,1
d10eb1ea1e4ff089.jpg,frog_eye_leaf_spot,0,0,1,0,0,0
d3ffed601cae0806.jpg,frog_eye_leaf_spot,0,0,1,0,0,0
87c816312c876ff5.jpg,rust,0,0,0,1,0,0
fe6197a908dc299c.jpg,scab frog_eye_leaf_spot,0,1,1,0,0,0
ff408342d4ef910f.jpg,scab,0,1,0,0,0,0
a17dd7f01bc70116.jpg,healthy,1,0,0,0,0,0
a09883bdcc4ddcec.jpg,frog_eye_leaf_spot,0,0,1,0,0,0
c57af7b0d8853134.jpg,rust,0,0,0,1,0,0
f542c9ab3b30e48e.jpg,complex,0,0,0,0,0,1
969cc393c3526b1e.jpg,rust,0,0,0,1,0,0
cfb4bfded042a00c.jpg,scab,0,1,0,0,0,0
e761c89bd82f314c.jpg,frog_eye_leaf_spot,0,0,1,0,0,0
b169d8a269db449b.jpg,powdery_mildew,0,0,0,0,1,0
aa4c9c4aae5f870b.jpg,healthy,1,0,0,0,0,0
b4a4b492d251cbcf.jpg,frog_eye_leaf_spot,0,0,1,0,0,0
a5da9fba68c20e16.jpg,rust,0,0,0,1,0,0
c5f93d941a0f1e13.jpg,scab frog_eye_leaf_spot,0,1,1,0,0,0
ea9dcf3108cf390a.jpg,scab frog_eye_leaf_spot,0,1,1,0,0,0
a4fa47cf6038ab19.jpg,frog_eye_leaf_spot,0,0,1,0,0,0
f0c7c066c74e9764.jpg,frog_eye_leaf_spot,0,0,1,0,0,0
f03f0ec0f009575f.jpg,healthy,1,0,0,0,0,0
b0a4cb63add363c8.jpg,frog_eye_leaf_spot,0,0,1,0,0,0
9eb077ce92292c2e.jpg,scab,0,1,0,0,0,0
f4b7f09f01a9348c.jpg,healthy,1,0,0,0,0,0
c3f9ce981c1c133d.jpg,powdery_mildew,0,0,0,0,1,0
a9498f9d9b24e2a5.jpg,rust frog_eye_leaf_spot,0,0,1,1,0,0
a9a8541f66ec9987.jpg,healthy,1,0,0,0,0,0
d0630313cfc758de.jpg,scab,0,1,0,0,0,0
eae4a50e164e73f0.jpg,scab,0,1,0,0,0,0
e0378f8fbd987090.jpg,scab,0,1,0,0,0,0
cf94c4c2393c73ca.jpg,frog_eye_leaf_spot,0,0,1,0,0,0
9e8ccf9a6c39a521.jpg,complex,0,0,0,0,0,1
92d86add35aa8b19.jpg,scab,0,1,0,0,0,0
a0e8f7971c58781e.jpg,scab,0,1,0,0,0,0
f2254d92d85073bd.jpg,scab,0,1,0,0,0,0
bf66497b050bce06.jpg,powdery_mildew,0,0,0,0,1,0
a2c3ca6db8b45a9a.jpg,healthy,1,0,0,0,0,0
b0fad9ad858b46c8.jpg,frog_eye_leaf_spot,0,0,1,0,0,0
e9c8d40f907ef066.jpg,frog_eye_leaf_spot complex,0,0,1,0,0,1
85f03e6f8186ac9e.jpg,healthy,1,0,0,0,0,0
efa882dbc94788ac.jpg,frog_eye_leaf_spot complex,0,0,1,0,0,1
a2b6a76acdd21692.jpg,frog_eye_leaf_spot,0,0,1,0,0,0
f4a5c48c916a4f37.jpg,frog_eye_leaf_spot,0,0,1,0,0,0
d5d96a8cd1761313.jpg,scab,0,1,0,0,0,0
acae541ad5d79107.jpg,healthy,1,0,0,0,0,0
a8e5b526f0aaeaa8.jpg,frog_eye_leaf_spot,0,0,1,0,0,0
a0c585fd0a7d3707.jpg,scab,0,1,0,0,0,0
94a162efd2bad0f0.jpg,frog_eye_leaf_spot,0,0,1,0,0,0
9499194cceb2ced3.jpg,scab frog_eye_leaf_spot,0,1,1,0,0,0
d6b636d2096d6c2c.jpg,complex,0,0,0,0,0,1
9811656df89c29b7.jpg,powdery_mildew,0,0,0,0,1,0
c597f0badaa1c245.jpg,scab,0,1,0,0,0,0
dcf0620fdf545a84.jpg,scab frog_eye_leaf_spot,0,1,1,0,0,0
83dc6bc4a4275b2b.jpg,scab,0,1,0,0,0,0
e9f816ad7b842b11.jpg,frog_eye_leaf_spot,0,0,1,0,0,0
91b27ad271c9c719.jpg,complex,0,0,0,0,0,1
c1b439c235eb8e47.jpg,healthy,1,0,0,0,0,0
ad13d14b4b6504f7.jpg,healthy,1,0,0,0,0,0
a8c5950f5a2e68af.jpg,healthy,1,0,0,0,0,0
e52aca58c89f35c5.jpg,rust,0,0,0,1,0,0
85acd23a0b659d97.jpg,rust,0,0,0,1,0,0
bd9a8412cdabf60c.jpg,healthy,1,0,0,0,0,0
ec3c338d57320f52.jpg,frog_eye_leaf_spot,0,0,1,0,0,0
dcc33e12f8e2036b.jpg,healthy,1,0,0,0,0,0
b7628746264daacd.jpg,healthy,1,0,0,0,0,0
92aada6d497294b5.jpg,scab,0,1,0,0,0,0
8c87c6d58cb99c71.jpg,healthy,1,0,0,0,0,0
fe82c29b82d49cf8.jpg,scab,0,1,0,0,0,0
e5d5e90925ae05e9.jpg,rust,0,0,0,1,0,0
f4abda38016aebc1.jpg,healthy,1,0,0,0,0,0
949bc1468f603dfa.jpg,frog_eye_leaf_spot,0,0,1,0,0,0
ae1e876dba16b094.jpg,scab frog_eye_leaf_spot,0,1,1,0,0,0
fbc73b2535bc8410.jpg,frog_eye_leaf_spot,0,0,1,0,0,0
a994d6d291da40fd.jpg,scab,0,1,0,0,0,0
d5f64bea0ca5a84a.jpg,scab,0,1,0,0,0,0
b4a6c316dd5f4858.jpg,healthy,1,0,0,0,0,0
f5c0831e316fb1c6.jpg,frog_eye_leaf_spot complex,0,0,1,0,0,1
c39a6a2450c4ffe5.jpg,powdery_mildew,0,0,0,0,1,0
f8a5c18a4fd423e5.jpg,healthy,1,0,0,0,0,0
b4f998146a2f570e.jpg,scab frog_eye_leaf_spot,0,1,1,0,0,0
d9e76c1c1a14cdf0.jpg,scab,0,1,0,0,0,0
83c12a8da497ef33.jpg,powdery_mildew,0,0,0,0,1,0
8ab625a1b6acb396.jpg,scab,0,1,0,0,0,0
a514ca4d47235f37.jpg,healthy,1,0,0,0,0,0
cc7825d823eb87ca.jpg,healthy,1,0,0,0,0,0
adc65a2605afe3d0.jpg,scab frog_eye_leaf_spot complex,0,1,1,0,0,1
9251be621fa5550f.jpg,healthy,1,0,0,0,0,0
e3cfa6f0401368eb.jpg,frog_eye_leaf_spot,0,0,1,0,0,0
af6bc3350130bc97.jpg,rust,0,0,0,1,0,0
f8cc9dd07c362625.jpg,frog_eye_leaf_spot,0,0,1,0,0,0
c06316f8c7c0bdc7.jpg,scab,0,1,0,0,0,0
e3e121dd368116fa.jpg,powdery_mildew,0,0,0,0,1,0
ecb1ca824a173797.jpg,complex,0,0,0,0,0,1
93d372ea6b94285c.jpg,powdery_mildew,0,0,0,0,1,0
f2b22f9e8a17c161.jpg,frog_eye_leaf_spot,0,0,1,0,0,0
94ea6283858abf9e.jpg,scab,0,1,0,0,0,0
a14c9f7661b53668.jpg,scab frog_eye_leaf_spot,0,1,1,0,0,0
b5c54af87a14d370.jpg,rust,0,0,0,1,0,0
a1b8f08b5f0f7960.jpg,scab,0,1,0,0,0,0
881e7fd532e1d708.jpg,scab,0,1,0,0,0,0
f84a812d9931c3fe.jpg,complex,0,0,0,0,0,1
a50fc93c6568aba9.jpg,healthy,1,0,0,0,0,0
b1cfc77042b4e970.jpg,powdery_mildew,0,0,0,0,1,0
b980f8843c3e3e5e.jpg,healthy,1,0,0,0,0,0
d2f26476985932da.jpg,scab,0,1,0,0,0,0
952d4ad449fa4d8b.jpg,scab,0,1,0,0,0,0
8d2f7cd0af9208ea.jpg,scab,0,1,0,0,0,0
b4f525866b931719.jpg,scab frog_eye_leaf_spot,0,1,1,0,0,0
8feed8d130af2258.jpg,complex,0,0,0,0,0,1
e0ad17c4f2a302bf.jpg,scab,0,1,0,0,0,0
a484dc48de92feb2.jpg,scab,0,1,0,0,0,0
d1466966c1d5d5c3.jpg,scab,0,1,0,0,0,0
877ad087856abd45.jpg,scab,0,1,0,0,0,0
986f72d0438f6d54.jpg,frog_eye_leaf_spot,0,0,1,0,0,0
d3589b48c84dec67.jpg,healthy,1,0,0,0,0,0
97a9abaf93800f58.jpg,scab,0,1,0,0,0,0
b4fa9693cb0b4507.jpg,complex,0,0,0,0,0,1
a0bfc0fa05e02ff1.jpg,scab,0,1,0,0,0,0
bea781fbcbe0e100.jpg,scab frog_eye_leaf_spot,0,1,1,0,0,0
a8d9a4d7423f825e.jpg,scab,0,1,0,0,0,0
cdaec9c4adb884d4.jpg,scab,0,1,0,0,0,0
fa2b81db4f056855.jpg,frog_eye_leaf_spot,0,0,1,0,0,0
90ca1673f19c8f63.jpg,healthy,1,0,0,0,0,0
94c85e47b988ff30.jpg,scab,0,1,0,0,0,0
9de438c9654b0af5.jpg,healthy,1,0,0,0,0,0
8382e784dfe6c836.jpg,complex,0,0,0,0,0,1
f52ac2462059cbf7.jpg,complex,0,0,0,0,0,1
f8d9ca4acbc6c644.jpg,frog_eye_leaf_spot,0,0,1,0,0,0
c99616e4920df4ed.jpg,powdery_mildew,0,0,0,0,1,0
b834c0d0c39e4fde.jpg,complex,0,0,0,0,0,1
f71c933a617c1153.jpg,rust,0,0,0,1,0,0
e7ecc583d571d202.jpg,rust,0,0,0,1,0,0
d5fd2180c1c1fda3.jpg,healthy,1,0,0,0,0,0
e721de461fca0aca.jpg,healthy,1,0,0,0,0,0
ed7394c162343f64.jpg,healthy,1,0,0,0,0,0
a5eac60c9cbd851b.jpg,frog_eye_leaf_spot complex,0,0,1,0,0,1
c4507b2a790f959d.jpg,healthy,1,0,0,0,0,0
ea95c02e43373f34.jpg,scab,0,1,0,0,0,0
e03e509dee205f95.jpg,healthy,1,0,0,0,0,0
f90738a0d2f2c1db.jpg,complex,0,0,0,0,0,1
83e277c32b81b91e.jpg,complex,0,0,0,0,0,1
cc61e398752faac4.jpg,scab,0,1,0,0,0,0
90859ae05ae1f4df.jpg,complex,0,0,0,0,0,1
8dfa3ac7c2e04653.jpg,rust,0,0,0,1,0,0
c10f784f61dc2f07.jpg,frog_eye_leaf_spot,0,0,1,0,0,0
f6fcaf084a497231.jpg,scab,0,1,0,0,0,0
9c8c948dd6956673.jpg,rust,0,0,0,1,0,0
e9d7da9f1a41212a.jpg,complex,0,0,0,0,0,1
c5c3b4e1d8c6eb50.jpg,scab,0,1,0,0,0,0
e81c8e8c9f439b0f.jpg,scab,0,1,0,0,0,0
a5eaf4b51ed03d80.jpg,rust,0,0,0,1,0,0
c56d38cdc7994706.jpg,scab,0,1,0,0,0,0
f1c1ce9acc9a845d.jpg,powdery_mildew complex,0,0,0,0,1,1
a09dc2c08fcf2f6c.jpg,healthy,1,0,0,0,0,0
91ea390d926cd575.jpg,frog_eye_leaf_spot,0,0,1,0,0,0
e8d9c3275a389a6a.jpg,rust complex,0,0,0,1,0,1
cffba128d5b590c0.jpg,frog_eye_leaf_spot,0,0,1,0,0,0
cdd1859c163a7ea1.jpg,scab,0,1,0,0,0,0
8def3f60308ab41b.jpg,healthy,1,0,0,0,0,0
ff96c03ec0e10bc3.jpg,frog_eye_leaf_spot,0,0,1,0,0,0
fe0f869d74c89864.jpg,rust,0,0,0,1,0,0
830f26cc6d3cd13e.jpg,rust,0,0,0,1,0,0
fba4a352d68f820e.jpg,scab,0,1,0,0,0,0
f92bd2bc8a7089ca.jpg,frog_eye_leaf_spot,0,0,1,0,0,0
b6fefaf8f9c80000.jpg,scab,0,1,0,0,0,0
fc83583a81e397b1.jpg,frog_eye_leaf_spot,0,0,1,0,0,0
dea33c5c0347aa4d.jpg,complex,0,0,0,0,0,1
a5e5c0c0caed1f5a.jpg,rust,0,0,0,1,0,0
a183eb9448ef416f.jpg,healthy,1,0,0,0,0,0
ea0ec53e8c3dcc70.jpg,healthy,1,0,0,0,0,0
a1f49ed72b44c2a6.jpg,healthy,1,0,0,0,0,0
a4f096bf480b796c.jpg,powdery_mildew,0,0,0,0,1,0
f43cc332c3b2cb1a.jpg,healthy,1,0,0,0,0,0
c7784e84b29bb98c.jpg,powdery_mildew,0,0,0,0,1,0
ed34d4b492a69d0e.jpg,healthy,1,0,0,0,0,0
c8c13d7e3db8611a.jpg,frog_eye_leaf_spot,0,0,1,0,0,0
cad537c29d293073.jpg,frog_eye_leaf_spot,0,0,1,0,0,0
f46982528f52ca5f.jpg,healthy,1,0,0,0,0,0
d91f629cbf85048b.jpg,healthy,1,0,0,0,0,0
d0ff35d0e0cac10f.jpg,scab,0,1,0,0,0,0
88b3109b5fe0feb0.jpg,healthy,1,0,0,0,0,0
ee8a4cd5d1cd816c.jpg,scab,0,1,0,0,0,0
ced7c2c11c2f150f.jpg,frog_eye_leaf_spot,0,0,1,0,0,0
d8047c2b34d7a0df.jpg,complex,0,0,0,0,0,1
ec0be541833f4f32.jpg,scab frog_eye_leaf_spot,0,1,1,0,0,0
998e21bf03121ebf.jpg,powdery_mildew,0,0,0,0,1,0
db273ed68ae98150.jpg,powdery_mildew,0,0,0,0,1,0
f9530fa2ec34a60d.jpg,rust,0,0,0,1,0,0
f0828370de47daf4.jpg,scab,0,1,0,0,0,0
f3aaaf32981889ec.jpg,scab,0,1,0,0,0,0
bb83b5d905937503.jpg,healthy,1,0,0,0,0,0
b74bc1a407615da7.jpg,scab frog_eye_leaf_spot,0,1,1,0,0,0
b3e6c40e19bbf242.jpg,frog_eye_leaf_spot,0,0,1,0,0,0
e59af19c902d147b.jpg,frog_eye_leaf_spot,0,0,1,0,0,0
ce2e3f92af004a9b.jpg,rust,0,0,0,1,0,0
8dd938b1306ba7e4.jpg,scab,0,1,0,0,0,0
877ac27d0bc42fc8.jpg,scab,0,1,0,0,0,0
abf6d2c60c612e99.jpg,healthy,1,0,0,0,0,0
bdd27fc2640f1492.jpg,frog_eye_leaf_spot,0,0,1,0,0,0
95e810e8e2d4bfcc.jpg,scab,0,1,0,0,0,0
e51689bc1ac3b8ea.jpg,frog_eye_leaf_spot,0,0,1,0,0,0
b1bcb19a18d1b8cd.jpg,complex,0,0,0,0,0,1
ad09b585cbb10fb4.jpg,rust,0,0,0,1,0,0
baab9f82c8459b2c.jpg,rust,0,0,0,1,0,0
805763bc63dc5ec8.jpg,healthy,1,0,0,0,0,0
cd668611cd84e9de.jpg,powdery_mildew,0,0,0,0,1,0
b43fd252078b2e1d.jpg,healthy,1,0,0,0,0,0
ba498d696db29a13.jpg,scab,0,1,0,0,0,0
8a7ad65bd849d505.jpg,scab,0,1,0,0,0,0
fd860b4a1306bde3.jpg,healthy,1,0,0,0,0,0
ba919478dc6ccc66.jpg,healthy,1,0,0,0,0,0
fc30c5c30a4f7a9c.jpg,healthy,1,0,0,0,0,0
d5fde88500c61ddc.jpg,frog_eye_leaf_spot,0,0,1,0,0,0
dbec018b96b5191b.jpg,complex,0,0,0,0,0,1
9192cdf1898afaaa.jpg,healthy,1,0,0,0,0,0
b1b1919c490fcf9a.jpg,rust,0,0,0,1,0,0
91ec8300ed2d75d7.jpg,complex,0,0,0,0,0,1
e3918e811cba3d3d.jpg,healthy,1,0,0,0,0,0
dcf32a969148979c.jpg,frog_eye_leaf_spot,0,0,1,0,0,0
c2531ed92c9b9d64.jpg,healthy,1,0,0,0,0,0
8994597aa86b172f.jpg,frog_eye_leaf_spot,0,0,1,0,0,0
bff4c006cd2ce83a.jpg,scab frog_eye_leaf_spot,0,1,1,0,0,0
96782a8835acbf35.jpg,healthy,1,0,0,0,0,0
a38e8c91f451b65e.jpg,frog_eye_leaf_spot,0,0,1,0,0,0
d08077878dcdb89d.jpg,complex,0,0,0,0,0,1
81aa353e9416cafe.jpg,scab,0,1,0,0,0,0
f120922ccb33efa9.jpg,scab,0,1,0,0,0,0
b5d7d2cdcf0d0c04.jpg,scab frog_eye_leaf_spot,0,1,1,0,0,0
d99272da83e39685.jpg,healthy,1,0,0,0,0,0
e2d5fab2d6c28e04.jpg,scab,0,1,0,0,0,0
dc8c8cb81fe20377.jpg,healthy,1,0,0,0,0,0
bdf01acd8fa2c4c4.jpg,scab,0,1,0,0,0,0
ee9490569b48cdad.jpg,healthy,1,0,0,0,0,0
bfc94207f5393425.jpg,complex,0,0,0,0,0,1
ea49343e4a49f555.jpg,healthy,1,0,0,0,0,0
91e5bf3a2a8abb01.jpg,scab,0,1,0,0,0,0
ae792c8460b8e96f.jpg,rust,0,0,0,1,0,0
b7b891ce3dc4c01b.jpg,scab,0,1,0,0,0,0
ca2f2637d00dc576.jpg,scab,0,1,0,0,0,0
9cb395dc678b6580.jpg,powdery_mildew,0,0,0,0,1,0
eb7691566517062b.jpg,rust,0,0,0,1,0,0
f8b02792874b176d.jpg,rust complex,0,0,0,1,0,1
f8fac07083ab8fa1.jpg,frog_eye_leaf_spot,0,0,1,0,0,0
e0fcb0ad54951c97.jpg,scab,0,1,0,0,0,0
d43871073fa3d217.jpg,scab,0,1,0,0,0,0
f3fc8006db28f90d.jpg,scab,0,1,0,0,0,0
babe831283c1cf55.jpg,healthy,1,0,0,0,0,0
f8f383016dfe1682.jpg,healthy,1,0,0,0,0,0
ccacf4d46451d2b9.jpg,frog_eye_leaf_spot,0,0,1,0,0,0
b0c4cbe534195fe8.jpg,healthy,1,0,0,0,0,0
c785869cf06f2d07.jpg,scab,0,1,0,0,0,0
81cb3d2572b29b99.jpg,healthy,1,0,0,0,0,0
aa25955e4b2960bf.jpg,healthy,1,0,0,0,0,0
aaadd58549620777.jpg,scab,0,1,0,0,0,0
cad96254b23f934a.jpg,scab,0,1,0,0,0,0
e5f092469baa999c.jpg,complex,0,0,0,0,0,1
a47992d94d02e57d.jpg,frog_eye_leaf_spot,0,0,1,0,0,0
ffd4d4828f8e0d0c.jpg,frog_eye_leaf_spot,0,0,1,0,0,0
cbcf710f008f329d.jpg,scab,0,1,0,0,0,0
dfe3609dc27034b4.jpg,powdery_mildew,0,0,0,0,1,0
a48435744a55f5af.jpg,healthy,1,0,0,0,0,0
fc35e5b8acf802e0.jpg,frog_eye_leaf_spot complex,0,0,1,0,0,1
8021b94d437eb7d3.jpg,healthy,1,0,0,0,0,0
fc070f831ef0653c.jpg,powdery_mildew,0,0,0,0,1,0
e8d0b5a5c2d5970b.jpg,frog_eye_leaf_spot,0,0,1,0,0,0
e8a5c38f9f9828d8.jpg,complex,0,0,0,0,0,1
ad0985c9d743dc56.jpg,healthy,1,0,0,0,0,0
9ad5df40909ae24f.jpg,powdery_mildew,0,0,0,0,1,0
c5e81ed58bad891c.jpg,scab,0,1,0,0,0,0
d6e4c397346148db.jpg,frog_eye_leaf_spot,0,0,1,0,0,0
eaf1d8ab4554ca43.jpg,rust,0,0,0,1,0,0
dfb0ce81dc87401f.jpg,scab,0,1,0,0,0,0
84a39ee15eb5419e.jpg,healthy,1,0,0,0,0,0
8383c7ccb19c596b.jpg,frog_eye_leaf_spot,0,0,1,0,0,0
a59cc6339a27da64.jpg,frog_eye_leaf_spot,0,0,1,0,0,0
95cd4b9409e9972d.jpg,complex,0,0,0,0,0,1
da433cde852dc632.jpg,scab,0,1,0,0,0,0
fedf8f7010881c66.jpg,frog_eye_leaf_spot,0,0,1,0,0,0
88afae61867e9839.jpg,powdery_mildew,0,0,0,0,1,0
b43e8ba1fc439329.jpg,frog_eye_leaf_spot,0,0,1,0,0,0
f16e979a36164a61.jpg,frog_eye_leaf_spot,0,0,1,0,0,0
c7e038a35750d13f.jpg,powdery_mildew,0,0,0,0,1,0
f7fd00f08226365e.jpg,scab,0,1,0,0,0,0
d5a25ec7e803b8c5.jpg,scab,0,1,0,0,0,0
df824b2f8cc27f40.jpg,scab,0,1,0,0,0,0
e981c0fdc7383732.jpg,healthy,1,0,0,0,0,0
ac27cbc0cf0f612e.jpg,rust,0,0,0,1,0,0
eda4e5829a7f8055.jpg,frog_eye_leaf_spot,0,0,1,0,0,0
a5a58b51c9fade80.jpg,scab frog_eye_leaf_spot,0,1,1,0,0,0
e924dd52942f9e4c.jpg,complex,0,0,0,0,0,1
cf83dc133899c5c5.jpg,healthy,1,0,0,0,0,0
c68f208796959eda.jpg,scab,0,1,0,0,0,0
db00e983bc71e395.jpg,scab frog_eye_leaf_spot,0,1,1,0,0,0
f4a0a29727e8172f.jpg,complex,0,0,0,0,0,1
94a17cc1f81f097e.jpg,scab,0,1,0,0,0,0
806878cdcb8df99a.jpg,scab frog_eye_leaf_spot complex,0,1,1,0,0,1
b0ead21b6f6827a4.jpg,healthy,1,0,0,0,0,0
c1ed7d95fc019423.jpg,frog_eye_leaf_spot,0,0,1,0,0,0
d4516a9c07fc923e.jpg,powdery_mildew,0,0,0,0,1,0
fc0ec8d728c467a3.jpg,healthy,1,0,0,0,0,0
ead0624c8967ea7a.jpg,powdery_mildew,0,0,0,0,1,0
9d05618f3c77a456.jpg,rust,0,0,0,1,0,0
d8d398830be56be2.jpg,frog_eye_leaf_spot,0,0,1,0,0,0
94c350bfec80bf2c.jpg,healthy,1,0,0,0,0,0
acf6d406b3cd0369.jpg,frog_eye_leaf_spot,0,0,1,0,0,0
a8eed2c0cbcb3c0e.jpg,scab,0,1,0,0,0,0
f7f850b581c2e08f.jpg,healthy,1,0,0,0,0,0
8ed56dd8b2c1c15a.jpg,healthy,1,0,0,0,0,0
c727708e652516ed.jpg,healthy,1,0,0,0,0,0
cfbf8c828c89e8e1.jpg,frog_eye_leaf_spot,0,0,1,0,0,0
914859ed6cf69472.jpg,healthy,1,0,0,0,0,0
97993cb72065b662.jpg,scab,0,1,0,0,0,0
963ffc6b98d60940.jpg,rust,0,0,0,1,0,0
d465d760828ff1a3.jpg,powdery_mildew,0,0,0,0,1,0
ed43816fc03ccb3c.jpg,frog_eye_leaf_spot,0,0,1,0,0,0
d5b995c761b00b33.jpg,healthy,1,0,0,0,0,0
e1c3963c6bb08f38.jpg,powdery_mildew complex,0,0,0,0,1,1
c26a1355ed272cce.jpg,rust frog_eye_leaf_spot,0,0,1,1,0,0
a74dd2368989af32.jpg,frog_eye_leaf_spot,0,0,1,0,0,0
e534877b484241ff.jpg,healthy,1,0,0,0,0,0
e0681f29c79339ae.jpg,complex,0,0,0,0,0,1
f0cdcf9ec42b005d.jpg,healthy,1,0,0,0,0,0
edb3c41a16d83363.jpg,healthy,1,0,0,0,0,0
8182cdbe52686ebd.jpg,scab frog_eye_leaf_spot complex,0,1,1,0,0,1
ff8310f8aff240c4.jpg,scab,0,1,0,0,0,0
d1bc3ac0356b5335.jpg,scab,0,1,0,0,0,0
b6d0c2ee4f14ac2d.jpg,frog_eye_leaf_spot,0,0,1,0,0,0
f0f08387c6874eda.jpg,scab,0,1,0,0,0,0
ebdb8101af7d5424.jpg,scab frog_eye_leaf_spot,0,1,1,0,0,0
a4a03eb595877af0.jpg,scab,0,1,0,0,0,0
c382ed64c07dfea0.jpg,scab,0,1,0,0,0,0
ef94dfd151ab0142.jpg,frog_eye_leaf_spot,0,0,1,0,0,0
f99b481dfd5832a0.jpg,healthy,1,0,0,0,0,0
aec2f4c91fb42970.jpg,complex,0,0,0,0,0,1
aab5941defb14f00.jpg,scab frog_eye_leaf_spot,0,1,1,0,0,0
95ead0c1864ee796.jpg,healthy,1,0,0,0,0,0
dabf3fd870052360.jpg,rust,0,0,0,1,0,0
d1f01e8d8a73274d.jpg,rust complex,0,0,0,1,0,1
f9d9a1d8a472560b.jpg,complex,0,0,0,0,0,1
b121e5bf19d064b6.jpg,complex,0,0,0,0,0,1
ff4538e80569e519.jpg,healthy,1,0,0,0,0,0
b9dd8aa81d2c3437.jpg,rust,0,0,0,1,0,0
946acb2709c33cd7.jpg,scab,0,1,0,0,0,0
8b9274cb3409f27d.jpg,frog_eye_leaf_spot,0,0,1,0,0,0
a5a6c896c8d591fa.jpg,healthy,1,0,0,0,0,0
90ab34aa79735473.jpg,healthy,1,0,0,0,0,0
bf0162fe6c4098cf.jpg,frog_eye_leaf_spot,0,0,1,0,0,0
b4518ade814d6b67.jpg,healthy,1,0,0,0,0,0
ef970fc0fc647c00.jpg,scab,0,1,0,0,0,0
d6f008cd65163b2f.jpg,healthy,1,0,0,0,0,0
f0d697414d6eb690.jpg,frog_eye_leaf_spot,0,0,1,0,0,0
8490712d5f8fbb23.jpg,healthy,1,0,0,0,0,0
b9da42646c795965.jpg,scab,0,1,0,0,0,0
bcd9b7724b308d81.jpg,healthy,1,0,0,0,0,0
858efee1ed00e05e.jpg,rust,0,0,0,1,0,0
8ba18172cf6a7a74.jpg,scab,0,1,0,0,0,0
b4d3cb9d5d586822.jpg,healthy,1,0,0,0,0,0
fd14956e1e6518cc.jpg,healthy,1,0,0,0,0,0
c1b595d7f0626788.jpg,healthy,1,0,0,0,0,0
c176707bd1c1d634.jpg,scab,0,1,0,0,0,0
a52fc420dea5dc87.jpg,healthy,1,0,0,0,0,0
e7ebc7be40512c84.jpg,rust,0,0,0,1,0,0
c5f224823dc77d54.jpg,frog_eye_leaf_spot,0,0,1,0,0,0
ca3cd086899e9eae.jpg,healthy,1,0,0,0,0,0
d9e0323233c70f3e.jpg,healthy,1,0,0,0,0,0
dfe0798519d51316.jpg,complex,0,0,0,0,0,1
ad6bd6e45d286903.jpg,frog_eye_leaf_spot,0,0,1,0,0,0
a10780475f5e78de.jpg,healthy,1,0,0,0,0,0
99a6a976cb64920f.jpg,frog_eye_leaf_spot,0,0,1,0,0,0
a040c3cfdfdd900f.jpg,scab frog_eye_leaf_spot complex,0,1,1,0,0,1
b8edc78c0c49bd13.jpg,frog_eye_leaf_spot,0,0,1,0,0,0
c4e63c0ef61b9b81.jpg,healthy,1,0,0,0,0,0
c96cc5d28d346c9b.jpg,healthy,1,0,0,0,0,0
ad8eea1fc01ea4a9.jpg,frog_eye_leaf_spot,0,0,1,0,0,0
c20b3ef620cbf326.jpg,healthy,1,0,0,0,0,0
fda9c1cacc446c2d.jpg,scab,0,1,0,0,0,0
83217f38e476ce52.jpg,powdery_mildew,0,0,0,0,1,0
fa6334c6ab0e1674.jpg,complex,0,0,0,0,0,1
eba9a8c8572a5ea1.jpg,rust,0,0,0,1,0,0
a86b94b512f16793.jpg,complex,0,0,0,0,0,1
a7d5ca94958b38c5.jpg,scab frog_eye_leaf_spot complex,0,1,1,0,0,1
816d8555e2b45e37.jpg,scab,0,1,0,0,0,0
fd9595929a1a5ca8.jpg,frog_eye_leaf_spot,0,0,1,0,0,0
b7a5a24fc15d49a8.jpg,frog_eye_leaf_spot,0,0,1,0,0,0
dcd25ed6439c42b8.jpg,scab,0,1,0,0,0,0
ea41c7be9e541cd0.jpg,frog_eye_leaf_spot,0,0,1,0,0,0
aba5558a34f19a66.jpg,healthy,1,0,0,0,0,0
e385830ecacd2d9e.jpg,scab,0,1,0,0,0,0
ffd6c0c8fb3000b5.jpg,healthy,1,0,0,0,0,0
ef8e1fcc38c84585.jpg,rust,0,0,0,1,0,0
adc8c48a967972d3.jpg,scab,0,1,0,0,0,0
9feecb487c017294.jpg,scab,0,1,0,0,0,0
eca651f0b38bda50.jpg,healthy,1,0,0,0,0,0
dacd3a6722d8e628.jpg,frog_eye_leaf_spot,0,0,1,0,0,0
85a5cab4e87a42d7.jpg,scab,0,1,0,0,0,0
952ab5128bb5abb8.jpg,scab frog_eye_leaf_spot,0,1,1,0,0,0
c13e15aaaad3748b.jpg,healthy,1,0,0,0,0,0
cc73e005cc36f31e.jpg,rust,0,0,0,1,0,0
b4b4928f5b6d5451.jpg,scab,0,1,0,0,0,0
d03ec294cfe14f89.jpg,scab,0,1,0,0,0,0
fa14602e235db7c9.jpg,rust,0,0,0,1,0,0
e3aaa4904bedd629.jpg,healthy,1,0,0,0,0,0
d67a54887a2f6135.jpg,healthy,1,0,0,0,0,0
862f7a396a41cf92.jpg,rust,0,0,0,1,0,0
c52725b3f27817c8.jpg,rust,0,0,0,1,0,0
d6842f96f23e0b2c.jpg,scab,0,1,0,0,0,0
8fb75452cae96328.jpg,frog_eye_leaf_spot,0,0,1,0,0,0
b0e0cf9f9e98e188.jpg,complex,0,0,0,0,0,1
8d11384f558f2bdc.jpg,frog_eye_leaf_spot,0,0,1,0,0,0
95d2e0729b4fb388.jpg,frog_eye_leaf_spot,0,0,1,0,0,0
c4fd7228b6d1f141.jpg,scab,0,1,0,0,0,0
dc7fe1898d402277.jpg,scab,0,1,0,0,0,0
adeac59596d0855a.jpg,rust,0,0,0,1,0,0
c1c71b1d1f9ea2c1.jpg,scab frog_eye_leaf_spot complex,0,1,1,0,0,1
c8a53fb6b0653e24.jpg,healthy,1,0,0,0,0,0
d5990cbe3f1391a1.jpg,frog_eye_leaf_spot,0,0,1,0,0,0
c01dc7303c9f30fe.jpg,scab,0,1,0,0,0,0
bcb79490169ee29c.jpg,scab,0,1,0,0,0,0
e6a986c637147371.jpg,scab,0,1,0,0,0,0
b4bfd95fa4e46040.jpg,frog_eye_leaf_spot,0,0,1,0,0,0
d0af3896e0ee471c.jpg,frog_eye_leaf_spot,0,0,1,0,0,0
fd0dd04fc00ccf78.jpg,healthy,1,0,0,0,0,0
e90e1ac8b7e7aa50.jpg,rust,0,0,0,1,0,0
e9bf609f378012e4.jpg,healthy,1,0,0,0,0,0
fd8527d8ccc6a530.jpg,scab,0,1,0,0,0,0
c1b79623b0df0959.jpg,scab,0,1,0,0,0,0
fdecd89c4a5225e0.jpg,healthy,1,0,0,0,0,0
cbc77b2a4362e44a.jpg,frog_eye_leaf_spot,0,0,1,0,0,0
8bd27e8d6124a5b3.jpg,healthy,1,0,0,0,0,0
cc91df3cc6303333.jpg,frog_eye_leaf_spot,0,0,1,0,0,0
ad2294b5cea33e13.jpg,healthy,1,0,0,0,0,0
b89919f54baa216e.jpg,healthy,1,0,0,0,0,0
88ea5295af60d477.jpg,healthy,1,0,0,0,0,0
fac2c5ed0eac3072.jpg,scab,0,1,0,0,0,0
c080c3d71f70f93b.jpg,complex,0,0,0,0,0,1
d17066c7fd242d0d.jpg,complex,0,0,0,0,0,1
80d72f999a956d86.jpg,healthy,1,0,0,0,0,0
b1d45e61e03c7e0e.jpg,healthy,1,0,0,0,0,0
f5b5db2bc9700852.jpg,scab frog_eye_leaf_spot complex,0,1,1,0,0,1
aaca42e37723ba58.jpg,frog_eye_leaf_spot,0,0,1,0,0,0
d6e468d04b9727b2.jpg,scab,0,1,0,0,0,0
fe59c2f00f61742c.jpg,healthy,1,0,0,0,0,0
e26b5e8127d74316.jpg,rust,0,0,0,1,0,0
b76f33828305db52.jpg,powdery_mildew,0,0,0,0,1,0
c09ff891e781fa22.jpg,rust,0,0,0,1,0,0
f520b50fab986396.jpg,healthy,1,0,0,0,0,0
e4374bc1b64b59a2.jpg,frog_eye_leaf_spot,0,0,1,0,0,0
d1cc273c3b942da5.jpg,scab,0,1,0,0,0,0
d9f745b067222566.jpg,frog_eye_leaf_spot,0,0,1,0,0,0
bad981443ceff118.jpg,powdery_mildew,0,0,0,0,1,0
d3945c098edc9dd1.jpg,rust,0,0,0,1,0,0
afd0d07a9c6d504e.jpg,complex,0,0,0,0,0,1
8697c6c11f651c3e.jpg,rust,0,0,0,1,0,0
edad0da02cc7926b.jpg,healthy,1,0,0,0,0,0
d87f416005e334f7.jpg,scab,0,1,0,0,0,0
851acda42bb3691f.jpg,scab frog_eye_leaf_spot,0,1,1,0,0,0
f78592948192ed9b.jpg,scab,0,1,0,0,0,0
9d751601cf3f30f0.jpg,scab,0,1,0,0,0,0
e595251f394a98ae.jpg,frog_eye_leaf_spot,0,0,1,0,0,0
a33a07f582f0db91.jpg,scab,0,1,0,0,0,0
adb34e874ed0a68c.jpg,frog_eye_leaf_spot,0,0,1,0,0,0
b230cd76e033e58e.jpg,frog_eye_leaf_spot,0,0,1,0,0,0
909d9bf73e609684.jpg,healthy,1,0,0,0,0,0
cf9300c7e4fa58e1.jpg,healthy,1,0,0,0,0,0
f0823d7ac13fc073.jpg,complex,0,0,0,0,0,1
d8a7eba83acd44c8.jpg,scab,0,1,0,0,0,0
8edc36d9013b9ba4.jpg,scab,0,1,0,0,0,0
d43f2c9761926a39.jpg,scab,0,1,0,0,0,0
d6c64d877cfc3808.jpg,healthy,1,0,0,0,0,0
e0fac7c00ec2f8c7.jpg,scab,0,1,0,0,0,0
f0a0e9665b4e725c.jpg,healthy,1,0,0,0,0,0
e02b9a39cd663cca.jpg,frog_eye_leaf_spot,0,0,1,0,0,0
f014c1fc13e1bda5.jpg,scab,0,1,0,0,0,0
c92deaa0c825f7d1.jpg,scab,0,1,0,0,0,0
e0fb94dfa888ba90.jpg,frog_eye_leaf_spot,0,0,1,0,0,0
c0c2e9d3953b3e2a.jpg,complex,0,0,0,0,0,1
a2aa865f870ded54.jpg,healthy,1,0,0,0,0,0
97963e22ead6d288.jpg,powdery_mildew,0,0,0,0,1,0
85a787a7de8618d8.jpg,scab,0,1,0,0,0,0
90c9d320ff056e97.jpg,scab,0,1,0,0,0,0
d09015b7bf1635b4.jpg,scab,0,1,0,0,0,0
98322eab16bef2c1.jpg,rust,0,0,0,1,0,0
fa097412696aae2f.jpg,powdery_mildew,0,0,0,0,1,0
fdd2d30b8f1c2861.jpg,healthy,1,0,0,0,0,0
ccaa6183adcd455d.jpg,scab frog_eye_leaf_spot,0,1,1,0,0,0
8023c3f31f875b6c.jpg,healthy,1,0,0,0,0,0
e0c2d2a2e2b6f51e.jpg,healthy,1,0,0,0,0,0
9f8fe0cbca84d252.jpg,frog_eye_leaf_spot,0,0,1,0,0,0
a1e1a517deb45b88.jpg,scab,0,1,0,0,0,0
91a7ffb38048674c.jpg,powdery_mildew,0,0,0,0,1,0
f14b815ece3d203d.jpg,scab,0,1,0,0,0,0
e7841e356b5a8d91.jpg,scab,0,1,0,0,0,0
d89627d91927649e.jpg,powdery_mildew,0,0,0,0,1,0
f0839a3c2d4d762d.jpg,scab,0,1,0,0,0,0
dfff4a08318322ae.jpg,healthy,1,0,0,0,0,0
a7ebeb6bc3410514.jpg,healthy,1,0,0,0,0,0
f0ec935488bba4b3.jpg,frog_eye_leaf_spot,0,0,1,0,0,0
f6eee0d09873c630.jpg,healthy,1,0,0,0,0,0
f59e915d89240e3e.jpg,healthy,1,0,0,0,0,0
a6da5ca66ab48aac.jpg,healthy,1,0,0,0,0,0
b188c20f776d9276.jpg,rust frog_eye_leaf_spot,0,0,1,1,0,0
d530de0420b6ef9d.jpg,rust,0,0,0,1,0,0
fd640bc52da0748f.jpg,scab frog_eye_leaf_spot,0,1,1,0,0,0
d5f4ca0a199a399d.jpg,healthy,1,0,0,0,0,0
aad6ca1bcb296551.jpg,healthy,1,0,0,0,0,0
85699a37ed10275e.jpg,scab,0,1,0,0,0,0
8991759f4ad0d5b1.jpg,scab,0,1,0,0,0,0
c1a41fc41cfab88f.jpg,scab frog_eye_leaf_spot,0,1,1,0,0,0
9eb93fe282326266.jpg,powdery_mildew,0,0,0,0,1,0
c2e1bada516dcc51.jpg,scab,0,1,0,0,0,0
eafdc6c00e0d7a34.jpg,scab,0,1,0,0,0,0
abcba48f4565e1b0.jpg,rust,0,0,0,1,0,0
aae492add0dce4d8.jpg,frog_eye_leaf_spot,0,0,1,0,0,0
f0f49a059e44bc6d.jpg,scab,0,1,0,0,0,0
90c9896d9f124cfb.jpg,scab frog_eye_leaf_spot,0,1,1,0,0,0
a28895138e2fdf0f.jpg,frog_eye_leaf_spot,0,0,1,0,0,0
84c93d0fd4bdab30.jpg,rust,0,0,0,1,0,0
9c1c37d24bd8348f.jpg,complex,0,0,0,0,0,1
92beb583843567e1.jpg,scab,0,1,0,0,0,0
961668add989db16.jpg,rust,0,0,0,1,0,0
dab2c193c49da18f.jpg,healthy,1,0,0,0,0,0
c283666b8e6b6179.jpg,healthy,1,0,0,0,0,0
899f713a119b2eca.jpg,scab,0,1,0,0,0,0
a829c4fd88b73897.jpg,healthy,1,0,0,0,0,0
a0c5da326973669d.jpg,frog_eye_leaf_spot,0,0,1,0,0,0
83276333acf27d90.jpg,scab,0,1,0,0,0,0
f99fc983d3656003.jpg,rust,0,0,0,1,0,0
b6f0fa9a90034b6b.jpg,rust,0,0,0,1,0,0
8aaa6b1bf049fca8.jpg,complex,0,0,0,0,0,1
86b3343b83d1b86e.jpg,powdery_mildew,0,0,0,0,1,0
fae070c0a2c0bfed.jpg,healthy,1,0,0,0,0,0
f27c8beac807e416.jpg,frog_eye_leaf_spot,0,0,1,0,0,0
a99fc3a8cb640f32.jpg,scab frog_eye_leaf_spot,0,1,1,0,0,0
aad446ea8bfe0ec0.jpg,healthy,1,0,0,0,0,0
f9c0df0f9e70038a.jpg,frog_eye_leaf_spot,0,0,1,0,0,0
d619c2f89dc710dc.jpg,healthy,1,0,0,0,0,0
81de7a236437974a.jpg,complex,0,0,0,0,0,1
aafdb2d040b84f63.jpg,scab,0,1,0,0,0,0
f6f11e0fe38a08c5.jpg,rust,0,0,0,1,0,0
e5df822bcb71c620.jpg,frog_eye_leaf_spot,0,0,1,0,0,0
bc943d355ae8c8e8.jpg,healthy,1,0,0,0,0,0
85b9a99a4bcc6dc8.jpg,scab,0,1,0,0,0,0
f49e42f78ea72a10.jpg,frog_eye_leaf_spot,0,0,1,0,0,0
a0c4d4df65a92f34.jpg,scab,0,1,0,0,0,0
8e858c8397706b7b.jpg,healthy,1,0,0,0,0,0
f753e295b894099c.jpg,healthy,1,0,0,0,0,0
9ab326c1951acb7a.jpg,powdery_mildew,0,0,0,0,1,0
d4b48a715da3d847.jpg,rust,0,0,0,1,0,0
d497d48810ec63df.jpg,healthy,1,0,0,0,0,0
caa08bfe1c32768e.jpg,frog_eye_leaf_spot,0,0,1,0,0,0
a8be209f5a8f3f01.jpg,scab,0,1,0,0,0,0
8bf837fd00fc8701.jpg,scab,0,1,0,0,0,0
f26cc934c4e0ee17.jpg,healthy,1,0,0,0,0,0
b0dfdf498482966c.jpg,frog_eye_leaf_spot,0,0,1,0,0,0
a6d682c39fa2c70e.jpg,scab,0,1,0,0,0,0
a0b2d2e2ef87a44e.jpg,healthy,1,0,0,0,0,0
df854e88df8cc88c.jpg,scab,0,1,0,0,0,0
b0dfe06b847e8b60.jpg,healthy,1,0,0,0,0,0
e4dbc8a4a4a63979.jpg,frog_eye_leaf_spot,0,0,1,0,0,0
d0b868a0bfe87ec1.jpg,frog_eye_leaf_spot,0,0,1,0,0,0
8499edfce222e1e1.jpg,scab,0,1,0,0,0,0
81a3b719b6c2b4da.jpg,powdery_mildew,0,0,0,0,1,0
80fc1ee02d0b67eb.jpg,scab,0,1,0,0,0,0
fd20c1d78d133caa.jpg,scab,0,1,0,0,0,0
91e7cc99b3254c69.jpg,frog_eye_leaf_spot,0,0,1,0,0,0
91bf6b8190637996.jpg,scab,0,1,0,0,0,0
a9d2492b6deb20bc.jpg,healthy,1,0,0,0,0,0
fbe841dc934f40a9.jpg,healthy,1,0,0,0,0,0
9ed4be8a9fb0aa40.jpg,complex,0,0,0,0,0,1
e59b1b74d4250ae9.jpg,frog_eye_leaf_spot,0,0,1,0,0,0
f83683530517a5d7.jpg,healthy,1,0,0,0,0,0
d0f28e1e22ad33d6.jpg,healthy,1,0,0,0,0,0
fd1fc336507ba041.jpg,healthy,1,0,0,0,0,0
ef953542d103cc57.jpg,frog_eye_leaf_spot,0,0,1,0,0,0
e8e4f34a052fc5aa.jpg,scab,0,1,0,0,0,0
ecac1e9eba1a092d.jpg,rust,0,0,0,1,0,0
da174195d9d89d94.jpg,scab,0,1,0,0,0,0
f467a71c0f34cc58.jpg,frog_eye_leaf_spot,0,0,1,0,0,0
cad070a8429fd73d.jpg,healthy,1,0,0,0,0,0
b3eb96cbb40254b2.jpg,rust,0,0,0,1,0,0
dfeff4a88a901451.jpg,healthy,1,0,0,0,0,0
8ba1f83ded8204eb.jpg,healthy,1,0,0,0,0,0
f5d7c0ea8581bd81.jpg,healthy,1,0,0,0,0,0
99ef816cb1f06394.jpg,scab,0,1,0,0,0,0
b687c6f14fe129c0.jpg,complex,0,0,0,0,0,1
bd07017a57fc06d4.jpg,scab,0,1,0,0,0,0
812e5f86f61ec31c.jpg,healthy,1,0,0,0,0,0
9fba239e1b31c149.jpg,complex,0,0,0,0,0,1
a0bcdfc10ce1cfa4.jpg,frog_eye_leaf_spot,0,0,1,0,0,0
b4139591d56f8a66.jpg,rust,0,0,0,1,0,0
b9c29d544f3d6095.jpg,rust,0,0,0,1,0,0
f932d9a20bfce980.jpg,scab,0,1,0,0,0,0
cab398d7c8946ca3.jpg,frog_eye_leaf_spot,0,0,1,0,0,0
8625cac187c3dfd2.jpg,scab frog_eye_leaf_spot complex,0,1,1,0,0,1
8e7986d1ecd36445.jpg,healthy,1,0,0,0,0,0
a8dc903f5a0f14af.jpg,healthy,1,0,0,0,0,0
c03e033690741fff.jpg,frog_eye_leaf_spot,0,0,1,0,0,0
a06896f6dd91e487.jpg,frog_eye_leaf_spot,0,0,1,0,0,0
e80cf0ec8aec9727.jpg,complex,0,0,0,0,0,1
de7e6c829ea18217.jpg,healthy,1,0,0,0,0,0
95cfebe9086c4067.jpg,powdery_mildew,0,0,0,0,1,0
d53ec22443f079f2.jpg,healthy,1,0,0,0,0,0
c8d97074d2f2e323.jpg,frog_eye_leaf_spot,0,0,1,0,0,0
efd88db0c48a7474.jpg,rust frog_eye_leaf_spot,0,0,1,1,0,0
a5f9cd281e1934ea.jpg,complex,0,0,0,0,0,1
c9e1a9f5d5d41702.jpg,scab,0,1,0,0,0,0
94dc58a4cae1677a.jpg,rust,0,0,0,1,0,0
98c639d63f9a8949.jpg,scab,0,1,0,0,0,0
8aa51a1fa0eb6db8.jpg,powdery_mildew,0,0,0,0,1,0
87b7b7101ae8f2c8.jpg,healthy,1,0,0,0,0,0
aaeccacd9a909d8a.jpg,frog_eye_leaf_spot,0,0,1,0,0,0
d21e3f7984b087a5.jpg,scab,0,1,0,0,0,0
beca80b0624ed73d.jpg,scab,0,1,0,0,0,0
83f7381b7cace01c.jpg,healthy,1,0,0,0,0,0
b4e0ca59d6d46b46.jpg,healthy,1,0,0,0,0,0
ef0275948cb82aed.jpg,powdery_mildew complex,0,0,0,0,1,1
dbc9b838d9c44d94.jpg,scab,0,1,0,0,0,0
a078f2c90d0fbc9e.jpg,scab,0,1,0,0,0,0
8f9a3a96d131e5b0.jpg,powdery_mildew,0,0,0,0,1,0
9ea4e59f1209aeaa.jpg,frog_eye_leaf_spot,0,0,1,0,0,0
d56223830f7703cf.jpg,frog_eye_leaf_spot,0,0,1,0,0,0
d02d2bd83745c1de.jpg,scab,0,1,0,0,0,0
ed35c7d0c98a2b1c.jpg,rust frog_eye_leaf_spot,0,0,1,1,0,0
eaa3d0c288c75b4f.jpg,scab,0,1,0,0,0,0
f2b5c0dc989f2187.jpg,healthy,1,0,0,0,0,0
8583ce51ce6363c7.jpg,frog_eye_leaf_spot,0,0,1,0,0,0
f53ee0b8ca09c88f.jpg,scab frog_eye_leaf_spot,0,1,1,0,0,0
9ec7295cb1d44c2d.jpg,powdery_mildew,0,0,0,0,1,0
fc3a95f03194b8a9.jpg,frog_eye_leaf_spot,0,0,1,0,0,0
e4a55870fc9f1394.jpg,healthy,1,0,0,0,0,0
94dc90b1654ecbb6.jpg,powdery_mildew,0,0,0,0,1,0
c37b84d2dcc22e4d.jpg,healthy,1,0,0,0,0,0
c0f86a3d2cb435ba.jpg,scab frog_eye_leaf_spot,0,1,1,0,0,0
bf1040ed6d17369a.jpg,rust,0,0,0,1,0,0
f8e3d071c053cf83.jpg,healthy,1,0,0,0,0,0
c68f549a0abc7db0.jpg,scab,0,1,0,0,0,0
84bc16a55aaaa9f5.jpg,complex,0,0,0,0,0,1
938b9e0d737b058c.jpg,powdery_mildew,0,0,0,0,1,0
f9d2c30f18d153b2.jpg,complex,0,0,0,0,0,1
fd8dc00e8576eea0.jpg,healthy,1,0,0,0,0,0
ea15363ced227ea0.jpg,scab frog_eye_leaf_spot,0,1,1,0,0,0
aac5a1b4e5f5a40b.jpg,healthy,1,0,0,0,0,0
c4f0c8c14fb916cf.jpg,scab,0,1,0,0,0,0
83f4fc89de90da41.jpg,frog_eye_leaf_spot,0,0,1,0,0,0
97df950345d62136.jpg,scab,0,1,0,0,0,0
b5669b69499136c9.jpg,scab frog_eye_leaf_spot,0,1,1,0,0,0
cbc034051cef375d.jpg,scab,0,1,0,0,0,0
87cf42aa85219eaf.jpg,powdery_mildew,0,0,0,0,1,0
9601c6f37f0e43e1.jpg,powdery_mildew,0,0,0,0,1,0
87c32387a2b4eaea.jpg,healthy,1,0,0,0,0,0
afe0c59036567467.jpg,complex,0,0,0,0,0,1
930d4dda501fcf91.jpg,healthy,1,0,0,0,0,0
94a386b68ebfd0d0.jpg,healthy,1,0,0,0,0,0
f2833fc83c762c85.jpg,frog_eye_leaf_spot,0,0,1,0,0,0
a42787f4291dd971.jpg,rust,0,0,0,1,0,0
ce3d339f6c368160.jpg,rust,0,0,0,1,0,0
b3f5c990302a37cd.jpg,powdery_mildew,0,0,0,0,1,0
87356af8652f7818.jpg,scab,0,1,0,0,0,0
8b5949683db29ed2.jpg,scab frog_eye_leaf_spot,0,1,1,0,0,0
d8ba4f3a333ca186.jpg,powdery_mildew,0,0,0,0,1,0
a9b9a1f4c9505f83.jpg,complex,0,0,0,0,0,1
e24a52973b3e70aa.jpg,scab,0,1,0,0,0,0
caf031e9cbeb0307.jpg,scab,0,1,0,0,0,0
f403f6847609665f.jpg,frog_eye_leaf_spot,0,0,1,0,0,0
d1fe8fc3ee0c2430.jpg,scab,0,1,0,0,0,0
bfc293d993195858.jpg,frog_eye_leaf_spot complex,0,0,1,0,0,1
b487c2da2fe86316.jpg,frog_eye_leaf_spot,0,0,1,0,0,0
f8f0be3e8c1a3454.jpg,scab,0,1,0,0,0,0
f98e87f30a306c72.jpg,frog_eye_leaf_spot,0,0,1,0,0,0
c0a477eeae4117a3.jpg,scab,0,1,0,0,0,0
84753ec9adbe500e.jpg,scab,0,1,0,0,0,0
c15a3e3f028f56cc.jpg,scab,0,1,0,0,0,0
f53481fafde20107.jpg,frog_eye_leaf_spot,0,0,1,0,0,0
eb7372c2200f87ce.jpg,scab,0,1,0,0,0,0
af7090ead2cba389.jpg,scab,0,1,0,0,0,0
a92e9dc7d09c2955.jpg,rust,0,0,0,1,0,0
8dda35c9936ec834.jpg,rust,0,0,0,1,0,0
c5e00b90f7dd8137.jpg,healthy,1,0,0,0,0,0
96f13a920dc7a19b.jpg,complex,0,0,0,0,0,1
adb6d6e1030fc683.jpg,healthy,1,0,0,0,0,0
dd3c23b2e4b1ec82.jpg,frog_eye_leaf_spot,0,0,1,0,0,0
90a74d8bbdf843c1.jpg,frog_eye_leaf_spot,0,0,1,0,0,0
f5e5474868629b93.jpg,rust,0,0,0,1,0,0
c003d3c78fde44d6.jpg,scab,0,1,0,0,0,0
f5aed2d03d89c262.jpg,complex,0,0,0,0,0,1
96b4b5b5615d4962.jpg,healthy,1,0,0,0,0,0
fe0ea278e5f860a2.jpg,scab,0,1,0,0,0,0
e1993bcc4a20b6f6.jpg,frog_eye_leaf_spot,0,0,1,0,0,0
aae0c5cef43a4e07.jpg,frog_eye_leaf_spot,0,0,1,0,0,0
a8e02cf4970ebf0d.jpg,scab,0,1,0,0,0,0
d6ba608731ef1b90.jpg,frog_eye_leaf_spot,0,0,1,0,0,0
d44d6cb8a78b5272.jpg,frog_eye_leaf_spot,0,0,1,0,0,0
e1a61cf6e982628f.jpg,scab frog_eye_leaf_spot,0,1,1,0,0,0
cd8facf8e0616135.jpg,complex,0,0,0,0,0,1
e112d42b1fe2eab4.jpg,scab,0,1,0,0,0,0
86c23c9f9468cee3.jpg,healthy,1,0,0,0,0,0
9560eaccc18fbb98.jpg,complex,0,0,0,0,0,1
bc8355deab0c42f8.jpg,complex,0,0,0,0,0,1
bcf31f814e334e05.jpg,frog_eye_leaf_spot complex,0,0,1,0,0,1
9cc3797cdf3c0301.jpg,rust,0,0,0,1,0,0
acadc4c082cf7b4e.jpg,rust,0,0,0,1,0,0
ea80ad67926a4bbc.jpg,frog_eye_leaf_spot,0,0,1,0,0,0
d4ab72ac33ccb413.jpg,frog_eye_leaf_spot,0,0,1,0,0,0
d78827f4dea3901a.jpg,healthy,1,0,0,0,0,0
84d3d28b4f45ec6c.jpg,scab,0,1,0,0,0,0
88e0ab8b0e7d7f0c.jpg,healthy,1,0,0,0,0,0
a1e9e8bd0f3e1690.jpg,complex,0,0,0,0,0,1
bf2c9268d8875db0.jpg,healthy,1,0,0,0,0,0
b4e65618b31ea8ad.jpg,healthy,1,0,0,0,0,0
dd24cfb822e27d81.jpg,scab,0,1,0,0,0,0
b5fcf0a9c3c18349.jpg,frog_eye_leaf_spot,0,0,1,0,0,0
e0da8f256623273b.jpg,frog_eye_leaf_spot,0,0,1,0,0,0
d2921f2eeee4ca88.jpg,frog_eye_leaf_spot,0,0,1,0,0,0
bf6996b29bd71004.jpg,complex,0,0,0,0,0,1
ff76e0956021fa50.jpg,rust,0,0,0,1,0,0
a26fbe32bc906147.jpg,scab,0,1,0,0,0,0
949462d32b6d2d9e.jpg,powdery_mildew,0,0,0,0,1,0
d491d05f0fade194.jpg,scab,0,1,0,0,0,0
802291cee9fec9f4.jpg,complex,0,0,0,0,0,1
9ccf708985967f09.jpg,healthy,1,0,0,0,0,0
fcb21bb091f52525.jpg,scab,0,1,0,0,0,0
cf600f10fb8d709e.jpg,healthy,1,0,0,0,0,0
bc3495f24a69176c.jpg,rust,0,0,0,1,0,0
c5d4949195b7724e.jpg,scab,0,1,0,0,0,0
bf9ac0e9c6628633.jpg,complex,0,0,0,0,0,1
94d8babc5a2d4a27.jpg,healthy,1,0,0,0,0,0
c1c5149ef07f2c17.jpg,scab,0,1,0,0,0,0
e5e895c7504239e7.jpg,complex,0,0,0,0,0,1
f8b371039bcc26e4.jpg,scab frog_eye_leaf_spot,0,1,1,0,0,0
96ede1c910f0932f.jpg,scab,0,1,0,0,0,0
8d66329bc5a6512f.jpg,powdery_mildew,0,0,0,0,1,0
f4e0f3d6cdc21449.jpg,healthy,1,0,0,0,0,0
b0e3430b5838feb6.jpg,scab,0,1,0,0,0,0
a83cd5c7e1a48f62.jpg,frog_eye_leaf_spot,0,0,1,0,0,0
8c193aec8b674676.jpg,rust,0,0,0,1,0,0
8df10b20117f7bc3.jpg,scab,0,1,0,0,0,0
ad8318c19b3eef84.jpg,frog_eye_leaf_spot,0,0,1,0,0,0
c0a020df9b3eded8.jpg,healthy,1,0,0,0,0,0
b485c2549f74347b.jpg,healthy,1,0,0,0,0,0
a3ebb2ab31622933.jpg,rust,0,0,0,1,0,0
e870958d954e1f4d.jpg,frog_eye_leaf_spot,0,0,1,0,0,0
c78c65ae079fb026.jpg,frog_eye_leaf_spot,0,0,1,0,0,0
883fec46cc95b391.jpg,scab,0,1,0,0,0,0
f14192bc51e266fc.jpg,scab frog_eye_leaf_spot complex,0,1,1,0,0,1
ffd181130f0f383c.jpg,scab,0,1,0,0,0,0
8d60371bcfa4d338.jpg,powdery_mildew,0,0,0,0,1,0
bd7f90298b41c82f.jpg,healthy,1,0,0,0,0,0
abc6c7d4c6aa0a2e.jpg,healthy,1,0,0,0,0,0
f4ce88e140c4c7fd.jpg,scab,0,1,0,0,0,0
cec6e50d98e1ace8.jpg,frog_eye_leaf_spot,0,0,1,0,0,0
c0a5651c78f9e1e9.jpg,scab,0,1,0,0,0,0
e871c3ced550aaaa.jpg,healthy,1,0,0,0,0,0
c88e88dd80f9bf51.jpg,healthy,1,0,0,0,0,0
ee61e4a3c0176d5a.jpg,scab,0,1,0,0,0,0
cf637d94e83a08d8.jpg,rust,0,0,0,1,0,0
f6c5ca901f78b107.jpg,healthy,1,0,0,0,0,0
e8d19ce5723dd481.jpg,healthy,1,0,0,0,0,0
b6b0d8c5c6a343a7.jpg,powdery_mildew,0,0,0,0,1,0
bebac09aebd881a1.jpg,healthy,1,0,0,0,0,0
8586356ed67cde08.jpg,frog_eye_leaf_spot,0,0,1,0,0,0
a3a51756d23b451b.jpg,frog_eye_leaf_spot,0,0,1,0,0,0
89ec44e46dc276b9.jpg,scab,0,1,0,0,0,0
b61ec1e48c6372d9.jpg,complex,0,0,0,0,0,1
a29d9538d87dcc25.jpg,healthy,1,0,0,0,0,0
bee850b2b649c4bc.jpg,rust,0,0,0,1,0,0
da069bf4cba26689.jpg,rust,0,0,0,1,0,0
f8b2423fa570ee28.jpg,healthy,1,0,0,0,0,0
d5f8a3b4c49b1a49.jpg,powdery_mildew,0,0,0,0,1,0
fca95370abb35510.jpg,healthy,1,0,0,0,0,0
aba58b041d93756b.jpg,frog_eye_leaf_spot,0,0,1,0,0,0
ff3484301e47ddc4.jpg,complex,0,0,0,0,0,1
cbca9052d0b2f9d6.jpg,scab frog_eye_leaf_spot,0,1,1,0,0,0
d4cec6875eb4b034.jpg,healthy,1,0,0,0,0,0
c783c6c3ce15dc19.jpg,frog_eye_leaf_spot,0,0,1,0,0,0
f0895b9ea5c2ea62.jpg,frog_eye_leaf_spot,0,0,1,0,0,0
a694c3cb86c66a5e.jpg,scab,0,1,0,0,0,0
b88dc8ce8d8f0ad9.jpg,frog_eye_leaf_spot,0,0,1,0,0,0
8b5b10f0bb2aab27.jpg,scab,0,1,0,0,0,0
f670687e24c04bed.jpg,complex,0,0,0,0,0,1
d4cf32c220d722fd.jpg,scab,0,1,0,0,0,0
d7c166745629459e.jpg,frog_eye_leaf_spot,0,0,1,0,0,0
a9f6cc1f46c8d1c1.jpg,healthy,1,0,0,0,0,0
c5bc36714749c8cd.jpg,scab frog_eye_leaf_spot,0,1,1,0,0,0
baf181839e6a4a6d.jpg,scab,0,1,0,0,0,0
edf396cb601ab40c.jpg,frog_eye_leaf_spot,0,0,1,0,0,0
fcd8705f8f40a1aa.jpg,scab,0,1,0,0,0,0
c09f3b9079dbd086.jpg,complex,0,0,0,0,0,1
83ac643ac99dc7c9.jpg,scab frog_eye_leaf_spot,0,1,1,0,0,0
d34a6fa51e8e8994.jpg,complex,0,0,0,0,0,1
86e38706a2bc5eae.jpg,frog_eye_leaf_spot,0,0,1,0,0,0
fd848bc5cac98535.jpg,frog_eye_leaf_spot,0,0,1,0,0,0
cf031178cc79b8a7.jpg,healthy,1,0,0,0,0,0
d51d24818a4f5f5e.jpg,rust,0,0,0,1,0,0
be8ee0f09740f616.jpg,complex,0,0,0,0,0,1
f4ddcb2d64e39006.jpg,frog_eye_leaf_spot,0,0,1,0,0,0
93f476c7e42700bc.jpg,healthy,1,0,0,0,0,0
a2efda95c8d2a415.jpg,scab,0,1,0,0,0,0
94e5858b6c78696b.jpg,frog_eye_leaf_spot,0,0,1,0,0,0
f529c3a15596e994.jpg,healthy,1,0,0,0,0,0
f0e4c1526f5a5659.jpg,scab,0,1,0,0,0,0
a43ad2929cda34db.jpg,healthy,1,0,0,0,0,0
c30f3ed148b5392b.jpg,scab,0,1,0,0,0,0
a51df30358435df4.jpg,powdery_mildew,0,0,0,0,1,0
b061c397878e89eb.jpg,powdery_mildew,0,0,0,0,1,0
e5e2ce85587180f7.jpg,frog_eye_leaf_spot,0,0,1,0,0,0
e8e0f5d216588bcb.jpg,scab frog_eye_leaf_spot complex,0,1,1,0,0,1
ee857545795e18e0.jpg,scab,0,1,0,0,0,0
fc9ec158cf4e84c2.jpg,frog_eye_leaf_spot,0,0,1,0,0,0
e79406699d761565.jpg,scab,0,1,0,0,0,0
8f029fc33a8271e7.jpg,scab,0,1,0,0,0,0
b539ca5f5d691848.jpg,scab frog_eye_leaf_spot complex,0,1,1,0,0,1
cfb54e1b11de221c.jpg,healthy,1,0,0,0,0,0
bf5fc290173b60e0.jpg,frog_eye_leaf_spot,0,0,1,0,0,0
d89c9cda9274322f.jpg,rust,0,0,0,1,0,0
e58b9719d938d035.jpg,frog_eye_leaf_spot,0,0,1,0,0,0
cdf1098ab2db09da.jpg,rust,0,0,0,1,0,0
80a6d5c08ae6e5bf.jpg,scab,0,1,0,0,0,0
f7ec7cb04af01231.jpg,scab,0,1,0,0,0,0
848671b6d92b75a6.jpg,scab,0,1,0,0,0,0
c1f02d347eb2e03b.jpg,scab,0,1,0,0,0,0
ad4995449b8a99fa.jpg,healthy,1,0,0,0,0,0
a7bcd24308e7bd90.jpg,scab,0,1,0,0,0,0
e1925457a0fe9a27.jpg,frog_eye_leaf_spot,0,0,1,0,0,0
e0d29a952dab7561.jpg,frog_eye_leaf_spot,0,0,1,0,0,0
f486edc9f0821b1b.jpg,healthy,1,0,0,0,0,0
8f885fb82d9d12a9.jpg,scab,0,1,0,0,0,0
b56df0e2c98a4b0b.jpg,complex,0,0,0,0,0,1
f8ddc040d67b922b.jpg,scab,0,1,0,0,0,0
e31c83999fcf04ac.jpg,frog_eye_leaf_spot,0,0,1,0,0,0
fdcad089ca453e94.jpg,healthy,1,0,0,0,0,0
a63992976b6a4927.jpg,healthy,1,0,0,0,0,0
aeb0da6cb44662b9.jpg,frog_eye_leaf_spot,0,0,1,0,0,0
e121d215c73b8e3b.jpg,healthy,1,0,0,0,0,0
8caec5de0f28ad25.jpg,scab,0,1,0,0,0,0
c3c9843b930f169f.jpg,healthy,1,0,0,0,0,0
fb1fd2dd80617842.jpg,scab,0,1,0,0,0,0
8fa44d214bbfe2d0.jpg,powdery_mildew,0,0,0,0,1,0
ea5de73a95aa2890.jpg,complex,0,0,0,0,0,1
a0d79b991b79a0b8.jpg,complex,0,0,0,0,0,1
b9bcc59c1a300777.jpg,powdery_mildew,0,0,0,0,1,0
fdb1672fda590810.jpg,powdery_mildew,0,0,0,0,1,0
ce4a8ec322b3f03b.jpg,scab,0,1,0,0,0,0
c0c23993c177abd5.jpg,scab,0,1,0,0,0,0
84b0d76a22257b6f.jpg,healthy,1,0,0,0,0,0
a50b871ed8b2b0f6.jpg,healthy,1,0,0,0,0,0
a43ccb9209dd7734.jpg,healthy,1,0,0,0,0,0
fae1c396259a3495.jpg,scab frog_eye_leaf_spot,0,1,1,0,0,0
e38ac19cde8b1c5a.jpg,healthy,1,0,0,0,0,0
f06a949a2b9d478d.jpg,healthy,1,0,0,0,0,0
9a9610f58ea756ca.jpg,scab,0,1,0,0,0,0
8fe0c0c58c879d3f.jpg,powdery_mildew,0,0,0,0,1,0
ce861cc40f6fc03f.jpg,powdery_mildew,0,0,0,0,1,0
d0e1d895ce888cfb.jpg,complex,0,0,0,0,0,1
a0b8cdd5d6f94149.jpg,complex,0,0,0,0,0,1
a1e0c3de1c8be19b.jpg,frog_eye_leaf_spot,0,0,1,0,0,0
a55f97b82a696d01.jpg,powdery_mildew,0,0,0,0,1,0
dc32d69aba2b812b.jpg,rust,0,0,0,1,0,0
c103a6f3f6d96609.jpg,scab,0,1,0,0,0,0
a1ef616bc04a675a.jpg,healthy,1,0,0,0,0,0
f43c874bca6786a4.jpg,scab,0,1,0,0,0,0
c4d29e975a83ab43.jpg,rust,0,0,0,1,0,0
a9a347d1a5a94ae5.jpg,frog_eye_leaf_spot,0,0,1,0,0,0
e4499ed58b8ea50e.jpg,frog_eye_leaf_spot,0,0,1,0,0,0
e89bc56d1f0c6968.jpg,rust,0,0,0,1,0,0
f7e8f56d00026b5a.jpg,scab,0,1,0,0,0,0
bf878122d38dea4a.jpg,scab,0,1,0,0,0,0
895fda6624dc06cd.jpg,frog_eye_leaf_spot,0,0,1,0,0,0
81a631b35d2730fb.jpg,complex,0,0,0,0,0,1
8dbeda49894d522e.jpg,scab,0,1,0,0,0,0
a2bdd2834fa476b0.jpg,frog_eye_leaf_spot,0,0,1,0,0,0
9d0f6e60819f9a5a.jpg,healthy,1,0,0,0,0,0
c52657ecc646e2f0.jpg,healthy,1,0,0,0,0,0
b57ac152cf958dc0.jpg,healthy,1,0,0,0,0,0
fc99152dad85cc98.jpg,rust,0,0,0,1,0,0
a19070e2f01f5ebe.jpg,rust,0,0,0,1,0,0
fd54c08e1c29697b.jpg,healthy,1,0,0,0,0,0
e36893b6da91ca0b.jpg,complex,0,0,0,0,0,1
80a13fcd9a4fb14b.jpg,healthy,1,0,0,0,0,0
c50e9333695d3d64.jpg,complex,0,0,0,0,0,1
ffd3430f2fcd4080.jpg,healthy,1,0,0,0,0,0
ae61967c97658835.jpg,rust,0,0,0,1,0,0
ce5b7057c3259c1c.jpg,healthy,1,0,0,0,0,0
feda139e1081bdc1.jpg,rust,0,0,0,1,0,0
92c35acb4dc5eac4.jpg,complex,0,0,0,0,0,1
f41f4fb0d85748a2.jpg,frog_eye_leaf_spot,0,0,1,0,0,0
860eeec66f368ac4.jpg,complex,0,0,0,0,0,1
e712b70ce21d4a1f.jpg,healthy,1,0,0,0,0,0
a0c8d26e4e543fbc.jpg,rust frog_eye_leaf_spot,0,0,1,1,0,0
fcd18ebcf08c3226.jpg,powdery_mildew,0,0,0,0,1,0
fa5595896d896496.jpg,scab,0,1,0,0,0,0
c0cac1de1be46f64.jpg,complex,0,0,0,0,0,1
beadb680c4d20db3.jpg,scab,0,1,0,0,0,0
ab5b91a992b56856.jpg,healthy,1,0,0,0,0,0
9eb78a04a15dda1b.jpg,rust,0,0,0,1,0,0
a036cfc564ce62d3.jpg,frog_eye_leaf_spot,0,0,1,0,0,0
a1c34f4a4f8565f1.jpg,rust,0,0,0,1,0,0
e88ed25acd253476.jpg,scab,0,1,0,0,0,0
8bd39bca890ced49.jpg,healthy,1,0,0,0,0,0
c1303dd7905a1ff8.jpg,scab frog_eye_leaf_spot,0,1,1,0,0,0
d3f72f4a34647812.jpg,healthy,1,0,0,0,0,0
e8ce81e89cb1f03b.jpg,healthy,1,0,0,0,0,0
fd3e5a5055c84617.jpg,scab,0,1,0,0,0,0
cca9b187e1db5898.jpg,rust,0,0,0,1,0,0
9fb874d2b49c1295.jpg,scab,0,1,0,0,0,0
8002cb321f8bfcdf.jpg,scab frog_eye_leaf_spot complex,0,1,1,0,0,1
b512da6d657c32c4.jpg,frog_eye_leaf_spot,0,0,1,0,0,0
a8eac2b6c5b6c0d6.jpg,frog_eye_leaf_spot,0,0,1,0,0,0
ee86c5d4d488be0d.jpg,rust,0,0,0,1,0,0
f269c1c4edc7c446.jpg,complex,0,0,0,0,0,1
c0ef90ea018ffb1c.jpg,scab,0,1,0,0,0,0
88c8d861aa6c75df.jpg,frog_eye_leaf_spot,0,0,1,0,0,0
af2392638aa774cc.jpg,healthy,1,0,0,0,0,0
b9a7e5ea8ad21862.jpg,frog_eye_leaf_spot,0,0,1,0,0,0
a0e190929aeb78df.jpg,healthy,1,0,0,0,0,0
c4dbfe984308a7e4.jpg,scab,0,1,0,0,0,0
abda775851b4b502.jpg,healthy,1,0,0,0,0,0
f316809e9eb01d79.jpg,frog_eye_leaf_spot,0,0,1,0,0,0
dfa0dad6118e0795.jpg,rust,0,0,0,1,0,0
ebd5c207ed0d5131.jpg,healthy,1,0,0,0,0,0
f07e32078ec93879.jpg,rust,0,0,0,1,0,0
fd92a55f43204ab5.jpg,scab,0,1,0,0,0,0
9c853768dada948e.jpg,rust,0,0,0,1,0,0
f5eb520f0f47c111.jpg,frog_eye_leaf_spot,0,0,1,0,0,0
c09e3cd93261f917.jpg,scab,0,1,0,0,0,0
ad997b3cb2842762.jpg,powdery_mildew,0,0,0,0,1,0
b5f0b489a583c1eb.jpg,scab,0,1,0,0,0,0
96507e7595ea2954.jpg,rust,0,0,0,1,0,0
895b9deb5c056076.jpg,frog_eye_leaf_spot,0,0,1,0,0,0
b05f943568c2f599.jpg,complex,0,0,0,0,0,1
e78cb04f00477f9c.jpg,rust,0,0,0,1,0,0
a4313e914fd60ba7.jpg,scab,0,1,0,0,0,0
e0e8f3d7d6ba0a08.jpg,complex,0,0,0,0,0,1
cb2492d47987f51a.jpg,healthy,1,0,0,0,0,0
fd30e99e465876c0.jpg,healthy,1,0,0,0,0,0
d9cac80457f59b31.jpg,healthy,1,0,0,0,0,0
d6cb480e9c3b4de4.jpg,healthy,1,0,0,0,0,0
9ab43a6c29e5e84b.jpg,scab frog_eye_leaf_spot,0,1,1,0,0,0
a1c7863c17f14759.jpg,frog_eye_leaf_spot,0,0,1,0,0,0
aa6ed2be6e9e2082.jpg,scab,0,1,0,0,0,0
df903bc736ae10a8.jpg,scab,0,1,0,0,0,0
c6bc9352f4466627.jpg,healthy,1,0,0,0,0,0
d5e069bdf092260f.jpg,scab,0,1,0,0,0,0
bd6292864adbf44c.jpg,healthy,1,0,0,0,0,0
8bb436809f15e5cd.jpg,healthy,1,0,0,0,0,0
e8ceca698cb729e0.jpg,scab,0,1,0,0,0,0
dea748d2166889f9.jpg,scab,0,1,0,0,0,0
a890d7cb1e7df030.jpg,healthy,1,0,0,0,0,0
b46f82e48fc03ce3.jpg,healthy,1,0,0,0,0,0
df90901ccb664de6.jpg,complex,0,0,0,0,0,1
f82681962f8ed569.jpg,healthy,1,0,0,0,0,0
de0dd7608d6ea2d0.jpg,rust,0,0,0,1,0,0
88217ddaba74dac8.jpg,rust,0,0,0,1,0,0
cb7845c00fb57bc4.jpg,frog_eye_leaf_spot,0,0,1,0,0,0
f0c846bde7b8a40e.jpg,frog_eye_leaf_spot,0,0,1,0,0,0
89db7ac1f14acf40.jpg,scab,0,1,0,0,0,0
fa8bd0dfaa18a115.jpg,healthy,1,0,0,0,0,0
cd3b8392a5269ad3.jpg,scab frog_eye_leaf_spot,0,1,1,0,0,0
edbce0d41d602b2b.jpg,healthy,1,0,0,0,0,0
ede1c133cd38c938.jpg,rust complex,0,0,0,1,0,1
a7eefea553092148.jpg,healthy,1,0,0,0,0,0
bad79bb2f2b204a0.jpg,scab,0,1,0,0,0,0
aea59490af4b645d.jpg,healthy,1,0,0,0,0,0
eaf0869588e32e6d.jpg,scab,0,1,0,0,0,0
9fa8245fee006aad.jpg,scab,0,1,0,0,0,0
9dceb229114e92e7.jpg,frog_eye_leaf_spot,0,0,1,0,0,0
d4cddef6003ab50c.jpg,healthy,1,0,0,0,0,0
ee4c323209ea4df3.jpg,healthy,1,0,0,0,0,0
abc591b0b2b3439e.jpg,healthy,1,0,0,0,0,0
e19e792ec85c037c.jpg,scab,0,1,0,0,0,0
efe7a1858684c595.jpg,frog_eye_leaf_spot,0,0,1,0,0,0
d721ca38cb4bc356.jpg,complex,0,0,0,0,0,1
e0a8d0ebd93be11a.jpg,complex,0,0,0,0,0,1
8af6259582af8aab.jpg,scab,0,1,0,0,0,0
ea6ad6949d92a127.jpg,frog_eye_leaf_spot complex,0,0,1,0,0,1
a5e19ad4d31a49f1.jpg,frog_eye_leaf_spot,0,0,1,0,0,0
e3fd8280cd0fad8c.jpg,scab,0,1,0,0,0,0
eaae80d7d3d25a90.jpg,scab,0,1,0,0,0,0
95da9003c976fd07.jpg,frog_eye_leaf_spot,0,0,1,0,0,0
d4be768b702d6544.jpg,healthy,1,0,0,0,0,0
b4faa6944d27cc98.jpg,complex,0,0,0,0,0,1
f8b6c170cfa04f51.jpg,scab,0,1,0,0,0,0
f15a8c9a3aa5526d.jpg,rust,0,0,0,1,0,0
81c6cacef9340f35.jpg,healthy,1,0,0,0,0,0
cacce58db8855457.jpg,rust,0,0,0,1,0,0
8d87c5f4c0de9899.jpg,healthy,1,0,0,0,0,0
bc43d0289bf09fe8.jpg,scab,0,1,0,0,0,0
8a966626bbb96c94.jpg,healthy,1,0,0,0,0,0
a0e0f878aba7265d.jpg,scab,0,1,0,0,0,0
a8ea950392f2cf17.jpg,healthy,1,0,0,0,0,0
b3a4de3a40f303e3.jpg,scab,0,1,0,0,0,0
bd98c090ecf87c66.jpg,rust,0,0,0,1,0,0
bab0cba0fe8a7183.jpg,scab,0,1,0,0,0,0
81a4b61d186f2dd7.jpg,rust,0,0,0,1,0,0
ed0e21f4d8cf3981.jpg,frog_eye_leaf_spot,0,0,1,0,0,0
c5d8aa7a7d0435c6.jpg,powdery_mildew,0,0,0,0,1,0
e1019ab5ddd11acb.jpg,healthy,1,0,0,0,0,0
f55a937bf00ac720.jpg,frog_eye_leaf_spot,0,0,1,0,0,0
ad5ed3ecc9490a8c.jpg,frog_eye_leaf_spot,0,0,1,0,0,0
f3dc17a2b20d48ec.jpg,rust,0,0,0,1,0,0
cba2dfb2a8259c34.jpg,rust complex,0,0,0,1,0,1
9235e2d28b7aed48.jpg,scab frog_eye_leaf_spot,0,1,1,0,0,0
f4e2cbc63029e2b3.jpg,frog_eye_leaf_spot,0,0,1,0,0,0
bb2fc40f2ec63641.jpg,frog_eye_leaf_spot,0,0,1,0,0,0
81bbd2fa8fd04c94.jpg,scab,0,1,0,0,0,0
d51b0dc558de2a4b.jpg,healthy,1,0,0,0,0,0
9309d27bff962092.jpg,healthy,1,0,0,0,0,0
b8978a857d6a651a.jpg,scab frog_eye_leaf_spot,0,1,1,0,0,0
8d689a7c69552e8b.jpg,rust,0,0,0,1,0,0
e0c00f8f1c3e3f71.jpg,frog_eye_leaf_spot,0,0,1,0,0,0
c59634d79725d183.jpg,complex,0,0,0,0,0,1
cef4ae271f01c2e4.jpg,scab,0,1,0,0,0,0
d3c5dad42567622c.jpg,frog_eye_leaf_spot,0,0,1,0,0,0
ed93a0fa560e6531.jpg,rust,0,0,0,1,0,0
a0c9d79d476b4c32.jpg,scab,0,1,0,0,0,0
8cba787d2e894ccc.jpg,scab,0,1,0,0,0,0
f497d2a5e68aca84.jpg,rust,0,0,0,1,0,0
a532b7815ecdac8a.jpg,scab,0,1,0,0,0,0
9ae9b0a8d2f2cb54.jpg,frog_eye_leaf_spot,0,0,1,0,0,0
803f621b4757e0af.jpg,frog_eye_leaf_spot,0,0,1,0,0,0
f2486b2598c36eb3.jpg,scab,0,1,0,0,0,0
c1cd9ac4a877a2dc.jpg,healthy,1,0,0,0,0,0
c5f0c0c33a35f5e2.jpg,complex,0,0,0,0,0,1
fb8e81d5d178382a.jpg,scab,0,1,0,0,0,0
daf355c268291eca.jpg,complex,0,0,0,0,0,1
f283cbd0bc086f55.jpg,healthy,1,0,0,0,0,0
d37805807fa0dfd4.jpg,frog_eye_leaf_spot,0,0,1,0,0,0
a9fca02bf5274493.jpg,scab,0,1,0,0,0,0
ad9080dbd20bd9cf.jpg,powdery_mildew,0,0,0,0,1,0
dd924999b69dcb01.jpg,scab frog_eye_leaf_spot,0,1,1,0,0,0
abb59ff2c8664026.jpg,scab frog_eye_leaf_spot,0,1,1,0,0,0
84a507f705587f78.jpg,healthy,1,0,0,0,0,0
ecc29fb5460a1e8d.jpg,healthy,1,0,0,0,0,0
edb4c6923d49c7c0.jpg,powdery_mildew complex,0,0,0,0,1,1
b2b7959195874d32.jpg,healthy,1,0,0,0,0,0
9bf9cca507923334.jpg,healthy,1,0,0,0,0,0
fffc488fa4c0e80c.jpg,scab,0,1,0,0,0,0
ea8f60de4f608d15.jpg,healthy,1,0,0,0,0,0
bed0a9764b8d0d31.jpg,rust,0,0,0,1,0,0
94fa746da6a25a1c.jpg,healthy,1,0,0,0,0,0
f8dfd05a8a3505b4.jpg,scab,0,1,0,0,0,0
a5e2cad6dd88928d.jpg,healthy,1,0,0,0,0,0
e0fec0c0838bcf8f.jpg,rust,0,0,0,1,0,0
c713d67b186f604c.jpg,frog_eye_leaf_spot,0,0,1,0,0,0
f930c3168fe2c987.jpg,frog_eye_leaf_spot,0,0,1,0,0,0
a0b515ca6905bf97.jpg,healthy,1,0,0,0,0,0
82964c6d5a54b35f.jpg,scab,0,1,0,0,0,0
a5b1525b0b29aeda.jpg,frog_eye_leaf_spot,0,0,1,0,0,0
faf4c6c8160d722d.jpg,rust,0,0,0,1,0,0
e0ea0ad5f7030f17.jpg,healthy,1,0,0,0,0,0
fa05c054c9d7ced2.jpg,healthy,1,0,0,0,0,0
c1b865cc9d46dd8a.jpg,scab,0,1,0,0,0,0
b547912f8a1ab8ba.jpg,healthy,1,0,0,0,0,0
d7dc43883649d633.jpg,powdery_mildew,0,0,0,0,1,0
fff00006af9e9c38.jpg,frog_eye_leaf_spot,0,0,1,0,0,0
b7c2c0defe48029e.jpg,scab frog_eye_leaf_spot,0,1,1,0,0,0
bb40d13ee9ba4299.jpg,scab frog_eye_leaf_spot complex,0,1,1,0,0,1
dae43298357585b9.jpg,frog_eye_leaf_spot,0,0,1,0,0,0
efb98a76dc84980a.jpg,rust,0,0,0,1,0,0
bd68c9c4ef090c1f.jpg,scab,0,1,0,0,0,0
afdc7499d05a9883.jpg,powdery_mildew,0,0,0,0,1,0
9f946a2a2d38d5b4.jpg,powdery_mildew,0,0,0,0,1,0
f895c9a8d45f85a1.jpg,powdery_mildew,0,0,0,0,1,0
86c5c0c1e5cd9bd9.jpg,frog_eye_leaf_spot,0,0,1,0,0,0
ac2ec4ea4fc73c14.jpg,healthy,1,0,0,0,0,0
f878a7109f881cd7.jpg,frog_eye_leaf_spot,0,0,1,0,0,0
8eeb561a45001f7f.jpg,frog_eye_leaf_spot,0,0,1,0,0,0
f45328d30a2f5db4.jpg,complex,0,0,0,0,0,1
83e3d2369933c5d2.jpg,scab,0,1,0,0,0,0
faa285e1ed450d0f.jpg,powdery_mildew complex,0,0,0,0,1,1
bd8969b24aac924f.jpg,frog_eye_leaf_spot,0,0,1,0,0,0
a1bad785a9d4e152.jpg,frog_eye_leaf_spot,0,0,1,0,0,0
89b71da28857e672.jpg,healthy,1,0,0,0,0,0
f94d47700ce3a0cf.jpg,healthy,1,0,0,0,0,0
82cf0fc4458cfd78.jpg,scab,0,1,0,0,0,0
cdc4460f1cfcc0f9.jpg,rust,0,0,0,1,0,0
c8afb88834d257c7.jpg,scab,0,1,0,0,0,0
af6d9448df748854.jpg,scab,0,1,0,0,0,0
fc639f68688d2d90.jpg,scab,0,1,0,0,0,0
fffe472a0001bd25.jpg,healthy,1,0,0,0,0,0
ee3986611ed1d3a4.jpg,frog_eye_leaf_spot,0,0,1,0,0,0
f41747f04fa380b6.jpg,frog_eye_leaf_spot,0,0,1,0,0,0
e6fcc4e08e8b449d.jpg,healthy,1,0,0,0,0,0
aacb418fddc51ec0.jpg,healthy,1,0,0,0,0,0
868e664dd46569b9.jpg,powdery_mildew,0,0,0,0,1,0
cca7b0cc92d9c719.jpg,scab,0,1,0,0,0,0
dc8ff06138d88d87.jpg,powdery_mildew,0,0,0,0,1,0
8ecc3c8d43b8cf31.jpg,scab,0,1,0,0,0,0
dee438cac15f3312.jpg,scab,0,1,0,0,0,0
a0acbcb49c5c172f.jpg,frog_eye_leaf_spot,0,0,1,0,0,0
c7473f1aed4242d4.jpg,complex,0,0,0,0,0,1
caaf20ce8b3c683b.jpg,scab,0,1,0,0,0,0
c99e76622e873b60.jpg,frog_eye_leaf_spot,0,0,1,0,0,0
ebcfc460846470fd.jpg,frog_eye_leaf_spot,0,0,1,0,0,0
ef35caf28dcd4084.jpg,frog_eye_leaf_spot,0,0,1,0,0,0
b79ecc83e822c939.jpg,frog_eye_leaf_spot,0,0,1,0,0,0
d5cb3c35830bd946.jpg,powdery_mildew,0,0,0,0,1,0
96b625968ba9bea0.jpg,healthy,1,0,0,0,0,0
98a3131f632d637a.jpg,rust,0,0,0,1,0,0
f09cb58762e809cf.jpg,frog_eye_leaf_spot,0,0,1,0,0,0
b58ac5386e4534cf.jpg,complex,0,0,0,0,0,1
a86b85b58d92d4cb.jpg,frog_eye_leaf_spot,0,0,1,0,0,0
d58467cf00bcf370.jpg,powdery_mildew,0,0,0,0,1,0
a8bd55b203daa0de.jpg,healthy,1,0,0,0,0,0
839c2fcaf4c1668b.jpg,healthy,1,0,0,0,0,0
f68683579b3ae818.jpg,scab frog_eye_leaf_spot complex,0,1,1,0,0,1
8c3a72b795cbd805.jpg,scab,0,1,0,0,0,0
babe9190c9d264a7.jpg,scab frog_eye_leaf_spot,0,1,1,0,0,0
bac3ed8f1d058a38.jpg,healthy,1,0,0,0,0,0
967d95f21b483a49.jpg,scab,0,1,0,0,0,0
cdea8de2b1c1a135.jpg,complex,0,0,0,0,0,1
ada905c75b726287.jpg,scab,0,1,0,0,0,0
d7fcce009cd5b0b0.jpg,scab,0,1,0,0,0,0
c932366bee62341d.jpg,frog_eye_leaf_spot,0,0,1,0,0,0
ef6d90e1c01ded90.jpg,powdery_mildew,0,0,0,0,1,0
a8b0d490df0b57dc.jpg,scab,0,1,0,0,0,0
abc397970c5a3c68.jpg,rust,0,0,0,1,0,0
c3c2adc330d753d1.jpg,frog_eye_leaf_spot,0,0,1,0,0,0
c43f9887255e7558.jpg,complex,0,0,0,0,0,1
f1a3071c3ba9a78a.jpg,scab,0,1,0,0,0,0
a0c8658787d61fad.jpg,frog_eye_leaf_spot,0,0,1,0,0,0
b7933231eb1a46b4.jpg,frog_eye_leaf_spot,0,0,1,0,0,0
878b366255d575a4.jpg,scab,0,1,0,0,0,0
bfe1e4861e9af404.jpg,frog_eye_leaf_spot,0,0,1,0,0,0
d1957a78199ae1f0.jpg,powdery_mildew,0,0,0,0,1,0
c6095651f4eb6d07.jpg,scab,0,1,0,0,0,0
92d62837f5c95c25.jpg,powdery_mildew,0,0,0,0,1,0
a1718ccef69892b9.jpg,healthy,1,0,0,0,0,0
c3e9e7d933452132.jpg,rust,0,0,0,1,0,0
80a63b53ff0b0bb1.jpg,complex,0,0,0,0,0,1
b5c087bf8bb04d31.jpg,rust complex,0,0,0,1,0,1
c00e2335f69f1aba.jpg,scab,0,1,0,0,0,0
c9524b3cbf99ca0c.jpg,scab,0,1,0,0,0,0
d63b62d4d73322a2.jpg,frog_eye_leaf_spot,0,0,1,0,0,0
97b54bc21f603746.jpg,scab,0,1,0,0,0,0
d5d756672218cba4.jpg,healthy,1,0,0,0,0,0
dc8abcd05fc8c80f.jpg,healthy,1,0,0,0,0,0
8cf29e139cb1d532.jpg,complex,0,0,0,0,0,1
f1b0fc889a37a634.jpg,rust frog_eye_leaf_spot,0,0,1,1,0,0
c07155dbf720d34a.jpg,scab frog_eye_leaf_spot complex,0,1,1,0,0,1
80d5d5567d2a2aab.jpg,frog_eye_leaf_spot,0,0,1,0,0,0
c1ef2bda60292537.jpg,complex,0,0,0,0,0,1
e03b0ff099c29ab5.jpg,frog_eye_leaf_spot,0,0,1,0,0,0
e134935a5d07f25a.jpg,scab,0,1,0,0,0,0
91285b9fcae69493.jpg,healthy,1,0,0,0,0,0
d5e027c7009fe8dc.jpg,scab frog_eye_leaf_spot,0,1,1,0,0,0
c1b1e9f3834f06a9.jpg,frog_eye_leaf_spot,0,0,1,0,0,0
edd481af59133a92.jpg,rust frog_eye_leaf_spot,0,0,1,1,0,0
fd81a7dc999a3488.jpg,healthy,1,0,0,0,0,0
838f3e695270d5b2.jpg,scab,0,1,0,0,0,0
d5c23bbce28d421d.jpg,scab,0,1,0,0,0,0
e88ae07734751b93.jpg,scab,0,1,0,0,0,0
f070c883243f377b.jpg,scab,0,1,0,0,0,0
e93f50d4590c87f1.jpg,healthy,1,0,0,0,0,0
8af83f5138aaf825.jpg,scab,0,1,0,0,0,0
878c5e9c3923c376.jpg,rust,0,0,0,1,0,0
df2ee0966a16e192.jpg,frog_eye_leaf_spot,0,0,1,0,0,0
b16b6315c525557a.jpg,healthy,1,0,0,0,0,0
e068953ecb74c535.jpg,complex,0,0,0,0,0,1
e28c2dc43ca0f6eb.jpg,powdery_mildew,0,0,0,0,1,0
d7d4424d2f2eb0d2.jpg,scab frog_eye_leaf_spot,0,1,1,0,0,0
f1d2c28a0d2deb99.jpg,complex,0,0,0,0,0,1
d209528f2dde385e.jpg,healthy,1,0,0,0,0,0
d24d9a8c79b6e1c2.jpg,healthy,1,0,0,0,0,0
acaaacddcc2cc2aa.jpg,frog_eye_leaf_spot,0,0,1,0,0,0
c09e35c7d027fa16.jpg,rust,0,0,0,1,0,0
c9e0b56ed264d4ac.jpg,healthy,1,0,0,0,0,0
f7c3cec3127c0c85.jpg,rust,0,0,0,1,0,0
bc8292dbca8dc85d.jpg,healthy,1,0,0,0,0,0
a964d46986da6bb4.jpg,scab,0,1,0,0,0,0
ffb49e8d84256183.jpg,scab frog_eye_leaf_spot complex,0,1,1,0,0,1
df6c81c8070ddf52.jpg,scab,0,1,0,0,0,0
c4b685c56c79d235.jpg,complex,0,0,0,0,0,1
f10f91f50aabe14a.jpg,healthy,1,0,0,0,0,0
b5da9a51e8b26e60.jpg,scab,0,1,0,0,0,0
9c90397327af8aa6.jpg,frog_eye_leaf_spot,0,0,1,0,0,0
a0f18c83941f5efc.jpg,rust,0,0,0,1,0,0
862e2ce22f046bfe.jpg,scab,0,1,0,0,0,0
f436d4e07b85248f.jpg,scab,0,1,0,0,0,0
b16bd3c07a4e36c8.jpg,scab frog_eye_leaf_spot,0,1,1,0,0,0
c9981dd1c0af7b4c.jpg,powdery_mildew,0,0,0,0,1,0
a0fd96c3d8c38b85.jpg,scab frog_eye_leaf_spot,0,1,1,0,0,0
c08e6ba535b436e6.jpg,rust,0,0,0,1,0,0
c8943c693ab3e396.jpg,scab,0,1,0,0,0,0
b4b0cb45f5ceb284.jpg,healthy,1,0,0,0,0,0
c8e267f7136113d8.jpg,scab,0,1,0,0,0,0
caac79d13704ecca.jpg,scab,0,1,0,0,0,0
c5e5c8c21f433d0f.jpg,scab,0,1,0,0,0,0
d2d86dfce564e804.jpg,frog_eye_leaf_spot,0,0,1,0,0,0
c2b83af1d8b5e834.jpg,frog_eye_leaf_spot,0,0,1,0,0,0
e969c081c53d8fdc.jpg,powdery_mildew complex,0,0,0,0,1,1
f8c0c39fd83d34a8.jpg,frog_eye_leaf_spot,0,0,1,0,0,0
ccde38d45acc518e.jpg,frog_eye_leaf_spot,0,0,1,0,0,0
a42bd23b87d4a365.jpg,healthy,1,0,0,0,0,0
b503f30cc11fc0fe.jpg,frog_eye_leaf_spot,0,0,1,0,0,0
c0ea29ca06e997ed.jpg,scab frog_eye_leaf_spot,0,1,1,0,0,0
9faa95524ba48ce9.jpg,scab frog_eye_leaf_spot,0,1,1,0,0,0
f0a872dad0d56ca9.jpg,frog_eye_leaf_spot,0,0,1,0,0,0
e262d5e7de842a94.jpg,healthy,1,0,0,0,0,0
f6e1c2cf0ef428c8.jpg,healthy,1,0,0,0,0,0
f8a583879d3ec1d0.jpg,frog_eye_leaf_spot,0,0,1,0,0,0
aadaaff8ee54040a.jpg,scab,0,1,0,0,0,0
92b6b30105057eff.jpg,scab,0,1,0,0,0,0
fbb48776a060e1c5.jpg,frog_eye_leaf_spot,0,0,1,0,0,0
b0aa9c317ed7128e.jpg,frog_eye_leaf_spot,0,0,1,0,0,0
dd2d101ec2db3d07.jpg,healthy,1,0,0,0,0,0
f0b5d25b6a33a861.jpg,frog_eye_leaf_spot,0,0,1,0,0,0
b46ee0de00956f6a.jpg,frog_eye_leaf_spot,0,0,1,0,0,0
f4ec97849a145a9e.jpg,healthy,1,0,0,0,0,0
b1858fa65f1d0e15.jpg,frog_eye_leaf_spot,0,0,1,0,0,0
f0e7cf201c37c1f0.jpg,healthy,1,0,0,0,0,0
93f5c44a1efc1c51.jpg,frog_eye_leaf_spot complex,0,0,1,0,0,1
a0c6d0d49cdf1e5a.jpg,healthy,1,0,0,0,0,0
fea13d9cc0920eb3.jpg,scab frog_eye_leaf_spot,0,1,1,0,0,0
ecf9dcd0894461bc.jpg,frog_eye_leaf_spot,0,0,1,0,0,0
fca994619de4e48a.jpg,healthy,1,0,0,0,0,0
d8e06f8be4cc8726.jpg,healthy,1,0,0,0,0,0
c2d48d955be6543c.jpg,healthy,1,0,0,0,0,0
ffb37734003c1c4c.jpg,scab,0,1,0,0,0,0
90cb21059dbf73b8.jpg,powdery_mildew,0,0,0,0,1,0
c82125afbd61e3e8.jpg,scab,0,1,0,0,0,0
bd3cc3dc0cd36093.jpg,complex,0,0,0,0,0,1
fed19163686661b4.jpg,scab,0,1,0,0,0,0
8b64cb452d2f2673.jpg,scab,0,1,0,0,0,0
e895d470eae348ab.jpg,scab,0,1,0,0,0,0
909d53999a485ff8.jpg,scab,0,1,0,0,0,0
cc49ede8099914fd.jpg,powdery_mildew complex,0,0,0,0,1,1
b490d1cacafacdc2.jpg,healthy,1,0,0,0,0,0
d2d0c8ea6867f2c9.jpg,scab,0,1,0,0,0,0
e0af1671c7c21acd.jpg,frog_eye_leaf_spot,0,0,1,0,0,0
b8aa92b233e1cc5d.jpg,complex,0,0,0,0,0,1
fd9b22a4e1128d9b.jpg,powdery_mildew,0,0,0,0,1,0
a07b0390dc9bab6d.jpg,healthy,1,0,0,0,0,0
8aba9198abdd239c.jpg,scab frog_eye_leaf_spot,0,1,1,0,0,0
ad8d36aa5a2aea51.jpg,scab,0,1,0,0,0,0
e04fdecb2cc852a9.jpg,healthy,1,0,0,0,0,0
88dbc069da947bc6.jpg,scab,0,1,0,0,0,0
f578c1728dd31cc1.jpg,frog_eye_leaf_spot,0,0,1,0,0,0
a3ecfe85f0d23680.jpg,healthy,1,0,0,0,0,0
c39d39fb81c3c2c2.jpg,frog_eye_leaf_spot,0,0,1,0,0,0
f0a9effc40329790.jpg,frog_eye_leaf_spot,0,0,1,0,0,0
de3db9d023406a5e.jpg,scab,0,1,0,0,0,0
f78f924dd210e199.jpg,healthy,1,0,0,0,0,0
8032d2eafa45f1ec.jpg,scab,0,1,0,0,0,0
f9b1a5a3143e70c5.jpg,scab,0,1,0,0,0,0
bf36052ada36063d.jpg,healthy,1,0,0,0,0,0
83b998ef75212336.jpg,scab,0,1,0,0,0,0
ff9ce29e0b8a904a.jpg,scab,0,1,0,0,0,0
9ba46bcc98ac592e.jpg,complex,0,0,0,0,0,1
90b5d0fb4f3e22d0.jpg,complex,0,0,0,0,0,1
a78ab6f07cd6e140.jpg,frog_eye_leaf_spot,0,0,1,0,0,0
90ece9d647c23ca6.jpg,healthy,1,0,0,0,0,0
e195cc29a4a7dcac.jpg,powdery_mildew,0,0,0,0,1,0
e8a5f0c6c587968b.jpg,complex,0,0,0,0,0,1
a846cdcad8f1472e.jpg,scab,0,1,0,0,0,0
cee461c312d379c6.jpg,powdery_mildew,0,0,0,0,1,0
c08241cfdf4f912f.jpg,frog_eye_leaf_spot,0,0,1,0,0,0
ade010c53f15f794.jpg,complex,0,0,0,0,0,1
92baa7256482679f.jpg,healthy,1,0,0,0,0,0
d778c2d72c70821f.jpg,rust,0,0,0,1,0,0
dbcc7444c92437d3.jpg,rust,0,0,0,1,0,0
a49bb8b160eadba4.jpg,rust,0,0,0,1,0,0
bab591920f7e6078.jpg,rust,0,0,0,1,0,0
f455c0790fa67c0e.jpg,rust,0,0,0,1,0,0
dac1a45a372f4b54.jpg,frog_eye_leaf_spot,0,0,1,0,0,0
d5de00ca7f8492e5.jpg,scab,0,1,0,0,0,0
f56ad0b4ab965a82.jpg,healthy,1,0,0,0,0,0
e1bed6c318c30fe0.jpg,complex,0,0,0,0,0,1
e2ee058cb89d81bb.jpg,frog_eye_leaf_spot,0,0,1,0,0,0
cdb4bb34924c23e9.jpg,healthy,1,0,0,0,0,0
fd77c1db682d0520.jpg,complex,0,0,0,0,0,1
be4153d6554d9135.jpg,healthy,1,0,0,0,0,0
d54a6887653e273c.jpg,healthy,1,0,0,0,0,0
bd06b26a9c65945e.jpg,scab,0,1,0,0,0,0
b166f1c9c0a6656d.jpg,complex,0,0,0,0,0,1
fdd608e58907e3e0.jpg,rust,0,0,0,1,0,0
80a047cd9aa9fb4f.jpg,scab,0,1,0,0,0,0
853a4ab54c6db4cb.jpg,frog_eye_leaf_spot,0,0,1,0,0,0
9a1462ce99fa117e.jpg,scab,0,1,0,0,0,0
90b10bc0dc677eb3.jpg,complex,0,0,0,0,0,1
ac831d0baa3d7e70.jpg,healthy,1,0,0,0,0,0
ff83c180c8cfe8e4.jpg,frog_eye_leaf_spot complex,0,0,1,0,0,1
dd86d6e60ad881e9.jpg,powdery_mildew,0,0,0,0,1,0
a895c8d1de92474f.jpg,scab,0,1,0,0,0,0
abbd954995257494.jpg,frog_eye_leaf_spot,0,0,1,0,0,0
f0c00bc0afc7a2ef.jpg,healthy,1,0,0,0,0,0
adbecb0b4e597041.jpg,scab frog_eye_leaf_spot,0,1,1,0,0,0
edd6bc2177002f15.jpg,healthy,1,0,0,0,0,0
bfc0d260c7179e2c.jpg,healthy,1,0,0,0,0,0
cc8f2afc696c7d00.jpg,scab,0,1,0,0,0,0
e11be7f110de8f80.jpg,rust,0,0,0,1,0,0
ffc1039e3dc47490.jpg,rust frog_eye_leaf_spot,0,0,1,1,0,0
fb28e939ca3585a4.jpg,frog_eye_leaf_spot,0,0,1,0,0,0
a0b8968dc5eb6726.jpg,frog_eye_leaf_spot,0,0,1,0,0,0
fcec849ac8523b1b.jpg,complex,0,0,0,0,0,1
8331a17fb86a156b.jpg,scab,0,1,0,0,0,0
c3d2612f9660d9e9.jpg,scab,0,1,0,0,0,0
99c367875e18b24b.jpg,scab,0,1,0,0,0,0
e2964d631cb11dcd.jpg,powdery_mildew,0,0,0,0,1,0
c9c68d6632b46679.jpg,healthy,1,0,0,0,0,0
a9ae78d0f3617451.jpg,healthy,1,0,0,0,0,0
b09ec0cdeae53a25.jpg,scab,0,1,0,0,0,0
feed807cde00f029.jpg,healthy,1,0,0,0,0,0
d08135e0bff4911f.jpg,scab,0,1,0,0,0,0
d29f01cd9db24c35.jpg,frog_eye_leaf_spot,0,0,1,0,0,0
ad029437daf61dc2.jpg,scab,0,1,0,0,0,0
b593c281e9cfc14b.jpg,healthy,1,0,0,0,0,0
9b88b44cdd83fdc0.jpg,scab,0,1,0,0,0,0
c6cb3cc15f80d83e.jpg,frog_eye_leaf_spot,0,0,1,0,0,0
827b7443a69cd9a9.jpg,frog_eye_leaf_spot,0,0,1,0,0,0
abf0b5a0df028b17.jpg,scab,0,1,0,0,0,0
ada18fdecacaac20.jpg,scab,0,1,0,0,0,0
e8d585604a874edf.jpg,scab frog_eye_leaf_spot,0,1,1,0,0,0
9b1667817e72266c.jpg,healthy,1,0,0,0,0,0
fce6060c63b0e367.jpg,scab,0,1,0,0,0,0
f80781cadb97e944.jpg,scab frog_eye_leaf_spot complex,0,1,1,0,0,1
edcf82001f7d3923.jpg,scab,0,1,0,0,0,0
c6943070f79b18de.jpg,healthy,1,0,0,0,0,0
951c6b68c0d1b5ed.jpg,rust,0,0,0,1,0,0
9d5763339584681f.jpg,scab,0,1,0,0,0,0
be8a466c0cdd19f1.jpg,healthy,1,0,0,0,0,0
d70f2230fb5a093d.jpg,rust,0,0,0,1,0,0
b573c1c0c3839e8f.jpg,rust,0,0,0,1,0,0
dae4e171341e3559.jpg,healthy,1,0,0,0,0,0
ca2f23f322f078e1.jpg,frog_eye_leaf_spot,0,0,1,0,0,0
d1c4902d906f9beb.jpg,scab,0,1,0,0,0,0
b4e634c169636d71.jpg,complex,0,0,0,0,0,1
d8d1399b211a7b1b.jpg,scab,0,1,0,0,0,0
ebbfc458ce6888e0.jpg,rust,0,0,0,1,0,0
89aedec411a5763a.jpg,healthy,1,0,0,0,0,0
c7ed08929d232cf3.jpg,scab,0,1,0,0,0,0
e8406b819f5b6f86.jpg,powdery_mildew,0,0,0,0,1,0
86b7348be17e6d01.jpg,frog_eye_leaf_spot,0,0,1,0,0,0
cfcc7cc6745d4128.jpg,frog_eye_leaf_spot,0,0,1,0,0,0
bcc1c2f009237d3f.jpg,scab,0,1,0,0,0,0
e8c1c1d87954b0ef.jpg,healthy,1,0,0,0,0,0
cfe1e484b526d833.jpg,scab,0,1,0,0,0,0
b5f09031636fcf24.jpg,scab,0,1,0,0,0,0
d05fe53538330dc9.jpg,healthy,1,0,0,0,0,0
b04dddd00c3dfa32.jpg,healthy,1,0,0,0,0,0
ebace104dd72583a.jpg,scab frog_eye_leaf_spot,0,1,1,0,0,0
a1749502de2faa9e.jpg,rust,0,0,0,1,0,0
d595624a1bb49eaa.jpg,healthy,1,0,0,0,0,0
f60fd26e87641aa1.jpg,scab,0,1,0,0,0,0
973c8294819fbe6c.jpg,scab,0,1,0,0,0,0
dbc06443d7c966b2.jpg,powdery_mildew,0,0,0,0,1,0
a19b129d77d42c65.jpg,scab frog_eye_leaf_spot,0,1,1,0,0,0
fe708516c8dc8adc.jpg,healthy,1,0,0,0,0,0
d1934786c85e497d.jpg,frog_eye_leaf_spot,0,0,1,0,0,0
bf8675ba02798730.jpg,scab,0,1,0,0,0,0
acacb6325339ac8e.jpg,healthy,1,0,0,0,0,0
90ee3bc4cc3d1b16.jpg,healthy,1,0,0,0,0,0
9692ff9d14b4092b.jpg,frog_eye_leaf_spot,0,0,1,0,0,0
e3879f8f0c241e33.jpg,frog_eye_leaf_spot,0,0,1,0,0,0
92f64ac3df20a764.jpg,scab,0,1,0,0,0,0
dc8f422618dac5fa.jpg,scab,0,1,0,0,0,0
eeebd59c90c850c9.jpg,healthy,1,0,0,0,0,0
f2b1c1c90d3d1e78.jpg,scab,0,1,0,0,0,0
8fadf039a06cd8f0.jpg,healthy,1,0,0,0,0,0
879d8c312be615ea.jpg,healthy,1,0,0,0,0,0
c09da53cc757427a.jpg,complex,0,0,0,0,0,1
e174dffbc0c0006f.jpg,scab,0,1,0,0,0,0
a0a70f5a72d05eec.jpg,scab,0,1,0,0,0,0
fdeac39a1828b493.jpg,scab frog_eye_leaf_spot,0,1,1,0,0,0
a093c189b9cbd47e.jpg,healthy,1,0,0,0,0,0
87b5b0d24a433fc3.jpg,scab,0,1,0,0,0,0
f09697d6dada8805.jpg,rust frog_eye_leaf_spot,0,0,1,1,0,0
dcb1e7938748362c.jpg,frog_eye_leaf_spot,0,0,1,0,0,0
c2835ef618c18d77.jpg,scab,0,1,0,0,0,0
954d062dcb4ea5d6.jpg,scab,0,1,0,0,0,0
f43ac2b04acb78cd.jpg,scab,0,1,0,0,0,0
c274c3c3d76f141c.jpg,scab,0,1,0,0,0,0
dfc86b180e3ac8f8.jpg,rust,0,0,0,1,0,0
cd46325985bed32c.jpg,powdery_mildew,0,0,0,0,1,0
ea60c5e31443a6fe.jpg,healthy,1,0,0,0,0,0
a54ad25dca34ed38.jpg,healthy,1,0,0,0,0,0
fdb94485c61c3a56.jpg,frog_eye_leaf_spot,0,0,1,0,0,0
e9d53bd905a99684.jpg,scab,0,1,0,0,0,0
c0a079576153f76a.jpg,scab,0,1,0,0,0,0
95a0b5b568f82d4b.jpg,scab,0,1,0,0,0,0
e03496c3d9ddc1c9.jpg,frog_eye_leaf_spot,0,0,1,0,0,0
d81474e9e1e0a1fd.jpg,scab,0,1,0,0,0,0
e88fc58d0e1cf85a.jpg,healthy,1,0,0,0,0,0
8c6b32e9eb984b13.jpg,frog_eye_leaf_spot,0,0,1,0,0,0
ccf0cc1dcccd4a4e.jpg,healthy,1,0,0,0,0,0
b342869cb1e66d47.jpg,scab,0,1,0,0,0,0
e0b2d2a93984bd97.jpg,frog_eye_leaf_spot,0,0,1,0,0,0
9e559ab2aaf21592.jpg,scab,0,1,0,0,0,0
ca9a3f310dd3286b.jpg,rust,0,0,0,1,0,0
8355b86a956bd16a.jpg,healthy,1,0,0,0,0,0
802f7439ec1ef0cd.jpg,powdery_mildew,0,0,0,0,1,0
9ad9293d1272e1b3.jpg,scab,0,1,0,0,0,0
a6abe8924df1d429.jpg,healthy,1,0,0,0,0,0
94ad6bd1f5903616.jpg,rust,0,0,0,1,0,0
edc2c61bc5798163.jpg,healthy,1,0,0,0,0,0
89e8b534da36722d.jpg,healthy,1,0,0,0,0,0
a3ee8d78bc20826f.jpg,frog_eye_leaf_spot,0,0,1,0,0,0
8adb365ba5ca5485.jpg,scab,0,1,0,0,0,0
e4c81ce55c27dec1.jpg,healthy,1,0,0,0,0,0
dc69699714e56a26.jpg,complex,0,0,0,0,0,1
c5abe4a9985af851.jpg,scab,0,1,0,0,0,0
a8a6b5d4d4da32ca.jpg,rust,0,0,0,1,0,0
f0f68b67588b3443.jpg,healthy,1,0,0,0,0,0
ef1c87901ef71843.jpg,scab,0,1,0,0,0,0
bebdeb8552466c04.jpg,frog_eye_leaf_spot,0,0,1,0,0,0
bca549a55c14e2de.jpg,healthy,1,0,0,0,0,0
e94b7bd25a9968a0.jpg,powdery_mildew,0,0,0,0,1,0
bd96d1ffd20480c6.jpg,rust,0,0,0,1,0,0
84946a83d0afdbad.jpg,frog_eye_leaf_spot,0,0,1,0,0,0
fe62e23f02180bbe.jpg,rust,0,0,0,1,0,0
a6f94a47de0e9491.jpg,frog_eye_leaf_spot,0,0,1,0,0,0
95ec69d324a95aac.jpg,healthy,1,0,0,0,0,0
b53c9ab0c9e4f0c9.jpg,complex,0,0,0,0,0,1
f59ac9d9792261c8.jpg,complex,0,0,0,0,0,1
8bc165f2b5813cb9.jpg,scab,0,1,0,0,0,0
c1f0589bdfec6061.jpg,frog_eye_leaf_spot,0,0,1,0,0,0
8f56d48dad986153.jpg,rust,0,0,0,1,0,0
a5d2d4b6aa2a8f25.jpg,healthy,1,0,0,0,0,0
d69ca9cac9c5944d.jpg,healthy,1,0,0,0,0,0
c733605f3ac572a2.jpg,complex,0,0,0,0,0,1
941e35f50399bd92.jpg,scab frog_eye_leaf_spot,0,1,1,0,0,0
e058c07ccfbc5f30.jpg,healthy,1,0,0,0,0,0
b0b51a9dbbc28e92.jpg,healthy,1,0,0,0,0,0
fce38f192358066d.jpg,healthy,1,0,0,0,0,0
d966081cfa3deb09.jpg,scab,0,1,0,0,0,0
bdb31a9d94d1d301.jpg,frog_eye_leaf_spot,0,0,1,0,0,0
e43feaa1964543ac.jpg,healthy,1,0,0,0,0,0
aad597fcda888168.jpg,healthy,1,0,0,0,0,0
97a790c228ba1e9f.jpg,scab,0,1,0,0,0,0
d4e29fc90f41b934.jpg,scab,0,1,0,0,0,0
c1a8399795565676.jpg,scab,0,1,0,0,0,0
86a03f92fa1b585e.jpg,scab,0,1,0,0,0,0
8181f51ede75ca23.jpg,frog_eye_leaf_spot,0,0,1,0,0,0
a01b5b3f1ce42756.jpg,scab frog_eye_leaf_spot,0,1,1,0,0,0
e0ebc79f2b18b141.jpg,scab,0,1,0,0,0,0
d1ec39d13d072587.jpg,scab,0,1,0,0,0,0
f1ec748841856ebb.jpg,healthy,1,0,0,0,0,0
e0ee9eb920e5a0b5.jpg,complex,0,0,0,0,0,1
f4b99bd1592c2564.jpg,complex,0,0,0,0,0,1
811598a55ef8297f.jpg,healthy,1,0,0,0,0,0
dc96cf00f0ef4cd0.jpg,scab frog_eye_leaf_spot complex,0,1,1,0,0,1
9798c5e668e2e2e8.jpg,frog_eye_leaf_spot,0,0,1,0,0,0
af97c00f07f01e87.jpg,frog_eye_leaf_spot,0,0,1,0,0,0
a724e732969d4c35.jpg,rust,0,0,0,1,0,0
a8a790f6dfc02a5a.jpg,healthy,1,0,0,0,0,0
93bcc09a66c83acf.jpg,frog_eye_leaf_spot,0,0,1,0,0,0
a9e0c5d79494de98.jpg,complex,0,0,0,0,0,1
aa1ed6a157c0fc0b.jpg,scab,0,1,0,0,0,0
a585531ba1793ee4.jpg,scab frog_eye_leaf_spot,0,1,1,0,0,0
c2cc2f9e3869ca93.jpg,scab,0,1,0,0,0,0
957e6b8d31c42e58.jpg,healthy,1,0,0,0,0,0
e72bc2978bc59294.jpg,scab frog_eye_leaf_spot complex,0,1,1,0,0,1
f738c9e1ece310e0.jpg,frog_eye_leaf_spot complex,0,0,1,0,0,1
d072bd97589f029a.jpg,frog_eye_leaf_spot,0,0,1,0,0,0
b9b1e016b45d5a8b.jpg,complex,0,0,0,0,0,1
e0c0d55eceecc26c.jpg,healthy,1,0,0,0,0,0
b4fbd0ed05a099d2.jpg,frog_eye_leaf_spot,0,0,1,0,0,0
c7703ddc214d0bce.jpg,healthy,1,0,0,0,0,0
fae1c23f9d3c9030.jpg,healthy,1,0,0,0,0,0
81ac5556de2a3ed2.jpg,powdery_mildew,0,0,0,0,1,0
b44b485ecc4e6a6d.jpg,healthy,1,0,0,0,0,0
e642dddf1c19312c.jpg,healthy,1,0,0,0,0,0
b8219f67d004f87e.jpg,scab frog_eye_leaf_spot complex,0,1,1,0,0,1
d5e8964cd58ba54a.jpg,healthy,1,0,0,0,0,0
d76a39826033bcce.jpg,healthy,1,0,0,0,0,0
e592305f3be935c0.jpg,frog_eye_leaf_spot,0,0,1,0,0,0
b4ccd242496765af.jpg,healthy,1,0,0,0,0,0
8b8c7565dcd0f960.jpg,healthy,1,0,0,0,0,0
b7f4829bb39a0aa1.jpg,healthy,1,0,0,0,0,0
f80562d4d5b783ac.jpg,healthy,1,0,0,0,0,0
b43595eb614d5236.jpg,healthy,1,0,0,0,0,0
d0a62996d7e0cab5.jpg,complex,0,0,0,0,0,1
c36925f18505fc37.jpg,complex,0,0,0,0,0,1
e0bd25cb2fb55502.jpg,healthy,1,0,0,0,0,0
bce4435af2971d14.jpg,frog_eye_leaf_spot,0,0,1,0,0,0
f8963e18e5453752.jpg,scab,0,1,0,0,0,0
87997941ead51e54.jpg,scab frog_eye_leaf_spot,0,1,1,0,0,0
81db1b3332a11b9f.jpg,healthy,1,0,0,0,0,0
f1d1714005bd3e7c.jpg,scab,0,1,0,0,0,0
aa9d9ac1dc412b6d.jpg,scab,0,1,0,0,0,0
fdfdc8c0ed842642.jpg,scab,0,1,0,0,0,0
845d964d9f69b149.jpg,scab,0,1,0,0,0,0
d9b27ef2f66010a4.jpg,frog_eye_leaf_spot,0,0,1,0,0,0
bdaa8585deb0ea88.jpg,healthy,1,0,0,0,0,0
ba2092abd0faa95b.jpg,healthy,1,0,0,0,0,0
d8d36100cf65dc8f.jpg,scab,0,1,0,0,0,0
c0ff0092ef6a85ae.jpg,healthy,1,0,0,0,0,0
f4c8854a8a9e5f8d.jpg,healthy,1,0,0,0,0,0
dde6609c8ae7c170.jpg,healthy,1,0,0,0,0,0
b53281013fef3c8e.jpg,scab,0,1,0,0,0,0
a5249ac57fda403d.jpg,scab,0,1,0,0,0,0
a80a946bd2e5d8d7.jpg,healthy,1,0,0,0,0,0
e781229fe9441e3e.jpg,frog_eye_leaf_spot,0,0,1,0,0,0
d283694dcd91b5a5.jpg,healthy,1,0,0,0,0,0
a907fd3fc5d80429.jpg,healthy,1,0,0,0,0,0
8ee09cce60b2db1d.jpg,rust,0,0,0,1,0,0
c4e70696d2d8b4f1.jpg,scab,0,1,0,0,0,0
badce4b2a33a05ac.jpg,frog_eye_leaf_spot,0,0,1,0,0,0
f88f7f648108479d.jpg,scab,0,1,0,0,0,0
e00f759d65d52887.jpg,scab,0,1,0,0,0,0
850fc6c134777339.jpg,powdery_mildew complex,0,0,0,0,1,1
da90971192aaa7af.jpg,scab,0,1,0,0,0,0
ca978941cb7b1ab2.jpg,frog_eye_leaf_spot,0,0,1,0,0,0
cc679ece7431d80c.jpg,healthy,1,0,0,0,0,0
f09cca87d9e81556.jpg,scab,0,1,0,0,0,0
a4e18aee3cad58aa.jpg,powdery_mildew,0,0,0,0,1,0
a03f92c6c3e09d4f.jpg,frog_eye_leaf_spot,0,0,1,0,0,0
8e9e7eaa34250b71.jpg,healthy,1,0,0,0,0,0
a8c585ead76b9a21.jpg,frog_eye_leaf_spot,0,0,1,0,0,0
92b02f6978bca92d.jpg,rust,0,0,0,1,0,0
d3cec18aa4df089d.jpg,healthy,1,0,0,0,0,0
b5ec50a48b93eb8a.jpg,healthy,1,0,0,0,0,0
aad535a4c58f1e62.jpg,scab,0,1,0,0,0,0
f062499a78fde0c5.jpg,scab frog_eye_leaf_spot,0,1,1,0,0,0
ea57e41fc0fd00f0.jpg,healthy,1,0,0,0,0,0
d783907d695c7548.jpg,rust,0,0,0,1,0,0
ef84f6d4c2dac308.jpg,scab,0,1,0,0,0,0
a884d6871cf2f23e.jpg,scab,0,1,0,0,0,0
f4878f8bc9303a53.jpg,healthy,1,0,0,0,0,0
fd14c0d2e3009f9f.jpg,frog_eye_leaf_spot,0,0,1,0,0,0
c1e068e15f4fb18d.jpg,powdery_mildew,0,0,0,0,1,0
a9c83c9cf05d9276.jpg,scab frog_eye_leaf_spot,0,1,1,0,0,0
fc0fc85755b184b1.jpg,healthy,1,0,0,0,0,0
b6ac36ad8bc0a31e.jpg,complex,0,0,0,0,0,1
f990c19f8d39f821.jpg,scab,0,1,0,0,0,0
e1fa8f16ad9268a1.jpg,frog_eye_leaf_spot,0,0,1,0,0,0
855f69c89d253a69.jpg,scab,0,1,0,0,0,0
c59c22caba4e59f4.jpg,frog_eye_leaf_spot,0,0,1,0,0,0
838ff0f823db32c8.jpg,frog_eye_leaf_spot,0,0,1,0,0,0
fc28ca963dc890f3.jpg,healthy,1,0,0,0,0,0
f02b9f9a84303cf6.jpg,frog_eye_leaf_spot,0,0,1,0,0,0
9ccda8916539193f.jpg,scab,0,1,0,0,0,0
94b929bd584758d3.jpg,scab,0,1,0,0,0,0
cda9324eda18ad96.jpg,rust,0,0,0,1,0,0
bab249536d5183b3.jpg,healthy,1,0,0,0,0,0
d2d1b31f4f2050f9.jpg,frog_eye_leaf_spot,0,0,1,0,0,0
f0724db01e45ef92.jpg,healthy,1,0,0,0,0,0
ad97b15bc8247670.jpg,healthy,1,0,0,0,0,0
c6a69190e5fc2576.jpg,frog_eye_leaf_spot,0,0,1,0,0,0
d5412ad6ae685b78.jpg,healthy,1,0,0,0,0,0
ec94841f722c656f.jpg,powdery_mildew,0,0,0,0,1,0
d21f921bc23d4d2d.jpg,frog_eye_leaf_spot,0,0,1,0,0,0
f9d0a903bd71ac62.jpg,scab,0,1,0,0,0,0
c5bd454a1372da72.jpg,frog_eye_leaf_spot,0,0,1,0,0,0
f5e291e3d3391119.jpg,frog_eye_leaf_spot,0,0,1,0,0,0
bdb7767a1299480c.jpg,scab,0,1,0,0,0,0
c99a3559bd77200e.jpg,scab,0,1,0,0,0,0
a8e93582caf8fc07.jpg,scab,0,1,0,0,0,0
d89e70bea9f42216.jpg,frog_eye_leaf_spot,0,0,1,0,0,0
a84fd0d589b026ef.jpg,complex,0,0,0,0,0,1
b40fd44a8bddc790.jpg,healthy,1,0,0,0,0,0
f0d3c3b2cf598438.jpg,healthy,1,0,0,0,0,0
c14ac7db692a26d9.jpg,scab,0,1,0,0,0,0
901bac9bedf505e0.jpg,healthy,1,0,0,0,0,0
c7a0859bced8dc45.jpg,rust frog_eye_leaf_spot,0,0,1,1,0,0
a56e9013fac1cb47.jpg,healthy,1,0,0,0,0,0
952a2e7cf279508d.jpg,rust,0,0,0,1,0,0
8eb0da4b65b0638f.jpg,healthy,1,0,0,0,0,0
b49c834f8d86f1e1.jpg,complex,0,0,0,0,0,1
c4ea4ccfa3d1113b.jpg,healthy,1,0,0,0,0,0
95f78b2b187530d8.jpg,frog_eye_leaf_spot,0,0,1,0,0,0
fdada5d45848d918.jpg,frog_eye_leaf_spot,0,0,1,0,0,0
c252b1ce3353ad4d.jpg,scab,0,1,0,0,0,0
da9bcaa9a6d088c7.jpg,healthy,1,0,0,0,0,0
8acd61aeb46af252.jpg,frog_eye_leaf_spot,0,0,1,0,0,0
d0281bc2dd8b37a7.jpg,rust,0,0,0,1,0,0
8fe8d03c12b76fc0.jpg,complex,0,0,0,0,0,1
d961716df48d4c4a.jpg,scab,0,1,0,0,0,0
aa643d07d86f322e.jpg,scab,0,1,0,0,0,0
af8743fa46a09c1d.jpg,healthy,1,0,0,0,0,0
ff0230ddc1c98ecc.jpg,rust frog_eye_leaf_spot,0,0,1,1,0,0
ba1a977ef8e12103.jpg,frog_eye_leaf_spot,0,0,1,0,0,0
f87b430fa80d17d4.jpg,healthy,1,0,0,0,0,0
abbbe05b1028dcdc.jpg,healthy,1,0,0,0,0,0
abd2cba155543d0e.jpg,scab,0,1,0,0,0,0
ffac030f58c103f5.jpg,scab,0,1,0,0,0,0
c3bfc018c2adf06e.jpg,scab,0,1,0,0,0,0
ebe670cccc07b906.jpg,rust,0,0,0,1,0,0
d5e87bac41049f1b.jpg,scab,0,1,0,0,0,0
b16797838b4965d4.jpg,healthy,1,0,0,0,0,0
bf68808591fe95a6.jpg,healthy,1,0,0,0,0,0
bdf282578d88638d.jpg,healthy,1,0,0,0,0,0
a1b5c52fccc48cce.jpg,frog_eye_leaf_spot,0,0,1,0,0,0
c9d4322bf087c7a9.jpg,powdery_mildew,0,0,0,0,1,0
dfc6361293735191.jpg,scab,0,1,0,0,0,0
bc371e934091cd67.jpg,scab frog_eye_leaf_spot complex,0,1,1,0,0,1
969a9a0f29b1f1d2.jpg,healthy,1,0,0,0,0,0
ebc3cd3c4955072a.jpg,scab,0,1,0,0,0,0
b6989f8cfc4f00a6.jpg,scab,0,1,0,0,0,0
ff7ec1bc1ed08120.jpg,complex,0,0,0,0,0,1
a4f074f74bc58a07.jpg,scab,0,1,0,0,0,0
82977b4abd5b602a.jpg,frog_eye_leaf_spot,0,0,1,0,0,0
cb99274b4ab70b0b.jpg,scab,0,1,0,0,0,0
edb585a4ced6130a.jpg,scab frog_eye_leaf_spot,0,1,1,0,0,0
fc8fccc6c4dcc8c0.jpg,scab,0,1,0,0,0,0
e768c2378a969cd2.jpg,scab,0,1,0,0,0,0
85cfb6a8c1b4b0b5.jpg,frog_eye_leaf_spot,0,0,1,0,0,0
8ee1286c79c6771c.jpg,scab,0,1,0,0,0,0
c0791f49e0dee1b8.jpg,healthy,1,0,0,0,0,0
dca33a9ae3261a72.jpg,healthy,1,0,0,0,0,0
d2093b747ae213d6.jpg,frog_eye_leaf_spot,0,0,1,0,0,0
c7c17c13e11f87b0.jpg,scab,0,1,0,0,0,0
fd079574943156b8.jpg,healthy,1,0,0,0,0,0
ad25956fd21499aa.jpg,frog_eye_leaf_spot,0,0,1,0,0,0
d382ef2d8332e6c4.jpg,healthy,1,0,0,0,0,0
f468bb1136c7c51c.jpg,powdery_mildew,0,0,0,0,1,0
f106f3942b3a65b2.jpg,frog_eye_leaf_spot,0,0,1,0,0,0
9a35e26ce68879aa.jpg,scab,0,1,0,0,0,0
c187277f3b30cc4c.jpg,powdery_mildew,0,0,0,0,1,0
9faed2c7d28a4858.jpg,scab frog_eye_leaf_spot,0,1,1,0,0,0
a945cdd58d1cb8e8.jpg,scab,0,1,0,0,0,0
99532983da243edb.jpg,scab,0,1,0,0,0,0
a0f550e3fdd2324c.jpg,scab,0,1,0,0,0,0
a1bed512ea5a5ac2.jpg,healthy,1,0,0,0,0,0
f188d04d97798af4.jpg,rust complex,0,0,0,1,0,1
ed82367d2270f730.jpg,scab frog_eye_leaf_spot,0,1,1,0,0,0
8bb3538e387d5099.jpg,scab,0,1,0,0,0,0
ababc2d3da534a0a.jpg,healthy,1,0,0,0,0,0
ab17c98607a7e1b1.jpg,healthy,1,0,0,0,0,0
94d24ff29516543e.jpg,complex,0,0,0,0,0,1
8828f5f9daa9582d.jpg,scab frog_eye_leaf_spot,0,1,1,0,0,0
95b4aaf013cfb885.jpg,scab,0,1,0,0,0,0
87e8cb11791fd078.jpg,rust,0,0,0,1,0,0
ce6f04c72a2fd690.jpg,rust,0,0,0,1,0,0
d770b13291f3710b.jpg,scab,0,1,0,0,0,0
bc629b6b4a416765.jpg,powdery_mildew complex,0,0,0,0,1,1
ff83c08387c694f2.jpg,scab,0,1,0,0,0,0
b4dec60f123c5555.jpg,scab,0,1,0,0,0,0
a13b3f73c0b4a658.jpg,healthy,1,0,0,0,0,0
ad909a4ac1ede4ad.jpg,complex,0,0,0,0,0,1
cbe3ad8ca8898bb4.jpg,scab,0,1,0,0,0,0
dfce515e700b0d2a.jpg,scab,0,1,0,0,0,0
f20f09aa95b61b65.jpg,rust,0,0,0,1,0,0
bc01cabf35da31a4.jpg,powdery_mildew,0,0,0,0,1,0
f5e90287ebb20179.jpg,powdery_mildew,0,0,0,0,1,0
b83bc035cad21fc6.jpg,scab frog_eye_leaf_spot,0,1,1,0,0,0
ce2f2c303486db9b.jpg,frog_eye_leaf_spot,0,0,1,0,0,0
f08f70f59452da26.jpg,scab,0,1,0,0,0,0
d4cdda807fe0f190.jpg,complex,0,0,0,0,0,1
d469229c720b5dfa.jpg,powdery_mildew,0,0,0,0,1,0
fd59e11af47a05c0.jpg,frog_eye_leaf_spot,0,0,1,0,0,0
851edfe31ac0c3b1.jpg,scab,0,1,0,0,0,0
b2c894c890dfe9da.jpg,healthy,1,0,0,0,0,0
faff88e1c804a12f.jpg,frog_eye_leaf_spot,0,0,1,0,0,0
b4cc1a5eed767420.jpg,scab,0,1,0,0,0,0
fed8ec9540ca83e4.jpg,frog_eye_leaf_spot,0,0,1,0,0,0
d5ddd4403cb29bc4.jpg,complex,0,0,0,0,0,1
858fafdb52a44e42.jpg,scab,0,1,0,0,0,0
aa93464ed5ea25ac.jpg,frog_eye_leaf_spot,0,0,1,0,0,0
f2cdd2c568b23c32.jpg,healthy,1,0,0,0,0,0
fbc313ad2d0089b7.jpg,scab,0,1,0,0,0,0
c1b038b9b4971797.jpg,frog_eye_leaf_spot,0,0,1,0,0,0
d4b09efd7c98cc20.jpg,healthy,1,0,0,0,0,0
a5eeb294c45f2827.jpg,rust frog_eye_leaf_spot,0,0,1,1,0,0
94330a6977d433da.jpg,healthy,1,0,0,0,0,0
a5de520f52ac9355.jpg,complex,0,0,0,0,0,1
e07885e071d08ffb.jpg,scab,0,1,0,0,0,0
fe89eab04fd35012.jpg,complex,0,0,0,0,0,1
cdfd5c912881eaca.jpg,healthy,1,0,0,0,0,0
b4f6c3904b49b13d.jpg,scab,0,1,0,0,0,0
e3529727c92568ea.jpg,frog_eye_leaf_spot,0,0,1,0,0,0
d79341f2584f4257.jpg,scab,0,1,0,0,0,0
b7fad2d0c0a14e8d.jpg,frog_eye_leaf_spot,0,0,1,0,0,0
f1a49f88a5e76883.jpg,rust,0,0,0,1,0,0
bff3509380da3b90.jpg,scab,0,1,0,0,0,0
c54b2fb53ed6300a.jpg,scab,0,1,0,0,0,0
8bf8dc40ec70a4fa.jpg,healthy,1,0,0,0,0,0
d14a26bccd72a627.jpg,powdery_mildew,0,0,0,0,1,0
c37d119290dbb5c9.jpg,frog_eye_leaf_spot,0,0,1,0,0,0
d6d5c28a0f2d31f4.jpg,healthy,1,0,0,0,0,0
cfec7cb06cf70088.jpg,scab,0,1,0,0,0,0
c77e1c29824c39f3.jpg,powdery_mildew,0,0,0,0,1,0
f5ff87209ee10486.jpg,healthy,1,0,0,0,0,0
b5c751dc051e4e1e.jpg,powdery_mildew,0,0,0,0,1,0
f9138ffada29a900.jpg,healthy,1,0,0,0,0,0
dad5d6250cae80b7.jpg,complex,0,0,0,0,0,1
a9d295950ee25a3b.jpg,complex,0,0,0,0,0,1
c296d22f6d292d35.jpg,scab,0,1,0,0,0,0
c5f224959c81cff2.jpg,frog_eye_leaf_spot,0,0,1,0,0,0
fd816136fc9ca04d.jpg,healthy,1,0,0,0,0,0
f067f9cd414b16c1.jpg,rust,0,0,0,1,0,0
cfc00f48246fbe2e.jpg,healthy,1,0,0,0,0,0
80a5a17f5e48697d.jpg,healthy,1,0,0,0,0,0
c0c083d79f833bba.jpg,scab,0,1,0,0,0,0
a11ea5bb30a87b2d.jpg,frog_eye_leaf_spot,0,0,1,0,0,0
fe8ec0dfc9054949.jpg,healthy,1,0,0,0,0,0
bfebc7d6a20412b0.jpg,scab frog_eye_leaf_spot,0,1,1,0,0,0
dea8feb100041bfd.jpg,rust,0,0,0,1,0,0
a7495c07bc86c35e.jpg,scab,0,1,0,0,0,0
e8e8ebb86d932c05.jpg,healthy,1,0,0,0,0,0
84633e4af84bbc17.jpg,scab,0,1,0,0,0,0
82aa784781369ff5.jpg,scab,0,1,0,0,0,0
ddaac8c3c3612f61.jpg,scab,0,1,0,0,0,0
cc4f857ad53138b8.jpg,healthy,1,0,0,0,0,0
b4a96bcad2b4078d.jpg,rust,0,0,0,1,0,0
92da3fc9e12265e2.jpg,complex,0,0,0,0,0,1
a5f886a4f70f02b9.jpg,scab,0,1,0,0,0,0
b5a512cec17c3e1c.jpg,scab,0,1,0,0,0,0
98b51293b9fb4748.jpg,frog_eye_leaf_spot,0,0,1,0,0,0
ae46959a9a497b29.jpg,rust,0,0,0,1,0,0
958c3e9a9915a9f1.jpg,scab,0,1,0,0,0,0
f0c1b0d5d58b9a1d.jpg,rust,0,0,0,1,0,0
ebe393908947f858.jpg,frog_eye_leaf_spot,0,0,1,0,0,0
c0de3e9259cf184b.jpg,frog_eye_leaf_spot,0,0,1,0,0,0
c1a56069de75b899.jpg,complex,0,0,0,0,0,1
f1e5d88b61d23a68.jpg,scab,0,1,0,0,0,0
9413dfe0c7366338.jpg,healthy,1,0,0,0,0,0
ae505a6dc574d4b2.jpg,healthy,1,0,0,0,0,0
85ee63732c8cf3c0.jpg,healthy,1,0,0,0,0,0
e5b996714a29368e.jpg,powdery_mildew,0,0,0,0,1,0
9325f52a34abd05e.jpg,rust,0,0,0,1,0,0
999253817358fa75.jpg,frog_eye_leaf_spot,0,0,1,0,0,0
feaec2d6c4d41458.jpg,scab,0,1,0,0,0,0
9293ca9a49e995e9.jpg,healthy,1,0,0,0,0,0
adad7819c9b98d09.jpg,scab,0,1,0,0,0,0
b536d2f5612792c1.jpg,complex,0,0,0,0,0,1
daa87a93b8de1588.jpg,frog_eye_leaf_spot,0,0,1,0,0,0
9df0522b5a11fc4d.jpg,scab,0,1,0,0,0,0
e422e6bd35ca311e.jpg,rust,0,0,0,1,0,0
a34990afc3e4eae4.jpg,frog_eye_leaf_spot,0,0,1,0,0,0
c5ece5c48190dbdc.jpg,healthy,1,0,0,0,0,0
89842bd77b22436f.jpg,frog_eye_leaf_spot,0,0,1,0,0,0
81c6390de497ce3b.jpg,powdery_mildew,0,0,0,0,1,0
cf7b9047f0417a07.jpg,healthy,1,0,0,0,0,0
90e939d6567f0391.jpg,healthy,1,0,0,0,0,0
ffd8c8c80cc68e8b.jpg,scab,0,1,0,0,0,0
e55a8a699de19871.jpg,complex,0,0,0,0,0,1
8292796ae6c666e5.jpg,powdery_mildew,0,0,0,0,1,0
eafed023ac463ea0.jpg,scab,0,1,0,0,0,0
b29fd0b641c01fe9.jpg,healthy,1,0,0,0,0,0
def76a9002058be7.jpg,powdery_mildew,0,0,0,0,1,0
be6a963f8a90059b.jpg,healthy,1,0,0,0,0,0
ebdfd21c4b01c90d.jpg,powdery_mildew,0,0,0,0,1,0
9994c666d7d92951.jpg,scab frog_eye_leaf_spot,0,1,1,0,0,0
e9b581d0df887a2a.jpg,scab,0,1,0,0,0,0
d1b071759353da54.jpg,frog_eye_leaf_spot,0,0,1,0,0,0
b6e2e2f5076d8c50.jpg,scab,0,1,0,0,0,0
fddcd0695202b317.jpg,frog_eye_leaf_spot,0,0,1,0,0,0
809106ca5fc7735f.jpg,complex,0,0,0,0,0,1
c341e1c71db9f071.jpg,healthy,1,0,0,0,0,0
f5ead5a20a52a9b1.jpg,frog_eye_leaf_spot,0,0,1,0,0,0
d64460a3b19f1cfc.jpg,complex,0,0,0,0,0,1
ad1af639e68e109c.jpg,rust,0,0,0,1,0,0
dde56a58255216a7.jpg,healthy,1,0,0,0,0,0
d90e6135b7b093cc.jpg,healthy,1,0,0,0,0,0
eb3ce0f040f20bde.jpg,healthy,1,0,0,0,0,0
8fb8972e88e67170.jpg,scab,0,1,0,0,0,0
b0d6cb718c95e88d.jpg,frog_eye_leaf_spot,0,0,1,0,0,0
e9d2464f1f1ee0c2.jpg,rust,0,0,0,1,0,0
9fcb68a0fc2a60ae.jpg,healthy,1,0,0,0,0,0
d298b77db0a1664a.jpg,healthy,1,0,0,0,0,0
a87f9474dee04dc0.jpg,scab,0,1,0,0,0,0
bfccdbe240c227c1.jpg,frog_eye_leaf_spot,0,0,1,0,0,0
a9b61b807a1a79ae.jpg,scab,0,1,0,0,0,0
ee15c6709acf08ce.jpg,scab,0,1,0,0,0,0
809a1f3ddfe49e20.jpg,frog_eye_leaf_spot,0,0,1,0,0,0
f1b5d91cc48a535a.jpg,frog_eye_leaf_spot,0,0,1,0,0,0
82f49a4a7b9585f1.jpg,rust,0,0,0,1,0,0
b04827b3e460ff2d.jpg,powdery_mildew,0,0,0,0,1,0
a684def700203f3f.jpg,frog_eye_leaf_spot,0,0,1,0,0,0
96d1a52dac752237.jpg,healthy,1,0,0,0,0,0
ece9b6d69e9a1802.jpg,complex,0,0,0,0,0,1
94d46fc180ecabb9.jpg,scab,0,1,0,0,0,0
a24782dedc2b25ab.jpg,healthy,1,0,0,0,0,0
d375275f98c88d42.jpg,rust,0,0,0,1,0,0
d5e72937db898007.jpg,powdery_mildew,0,0,0,0,1,0
8ea96e32d50acad5.jpg,rust,0,0,0,1,0,0
af6196b1ca9a6d88.jpg,healthy,1,0,0,0,0,0
b4d2d813c97b4476.jpg,healthy,1,0,0,0,0,0
ecfdb59a48c94d08.jpg,healthy,1,0,0,0,0,0
f5e4c2f7849a8c91.jpg,healthy,1,0,0,0,0,0
cc94223ba6cd59f8.jpg,rust,0,0,0,1,0,0
af82c5d0565767e0.jpg,scab,0,1,0,0,0,0
d82f24566fa868cb.jpg,frog_eye_leaf_spot,0,0,1,0,0,0
baad94c9a1a9f550.jpg,healthy,1,0,0,0,0,0
a93e95b098fa9351.jpg,frog_eye_leaf_spot,0,0,1,0,0,0
b03abfba2db510b0.jpg,frog_eye_leaf_spot,0,0,1,0,0,0
e58b34c955c9da34.jpg,complex,0,0,0,0,0,1
d1cccf27b860393c.jpg,healthy,1,0,0,0,0,0
a8f6a1829f9298f6.jpg,frog_eye_leaf_spot,0,0,1,0,0,0
e09ec40bb23eada9.jpg,complex,0,0,0,0,0,1
9d4263d1966b721d.jpg,rust,0,0,0,1,0,0
ad69979660b9323a.jpg,frog_eye_leaf_spot,0,0,1,0,0,0
9ead5d8dd60e3c02.jpg,scab,0,1,0,0,0,0
c8a83ed8f09e12de.jpg,healthy,1,0,0,0,0,0
f1c2c3c107dda61e.jpg,scab,0,1,0,0,0,0
b46c9bcada8d181d.jpg,healthy,1,0,0,0,0,0
f1e9023edef80171.jpg,healthy,1,0,0,0,0,0
e0ff08e05ea0d39d.jpg,healthy,1,0,0,0,0,0
aaa5b644b2a4d2ed.jpg,scab,0,1,0,0,0,0
ac5ed3e5c9027970.jpg,rust,0,0,0,1,0,0
b1cd46ad561551f4.jpg,frog_eye_leaf_spot,0,0,1,0,0,0
c47bc0a107973f5c.jpg,scab,0,1,0,0,0,0
f434f0441f871e9b.jpg,rust,0,0,0,1,0,0
b92dd1b54acb28e4.jpg,scab,0,1,0,0,0,0
e1a0e3d2cb15fd09.jpg,frog_eye_leaf_spot,0,0,1,0,0,0
d2d4e8dc70d0e347.jpg,frog_eye_leaf_spot,0,0,1,0,0,0
9cd0cc3176c4fad1.jpg,healthy,1,0,0,0,0,0
ef30e1849fd6c48c.jpg,scab frog_eye_leaf_spot,0,1,1,0,0,0
d8f4cc9c3d2831f2.jpg,scab,0,1,0,0,0,0
8b534adf4c8a3c35.jpg,rust,0,0,0,1,0,0
9724da92ed49a28f.jpg,rust,0,0,0,1,0,0
fc2e32a505e5a978.jpg,scab,0,1,0,0,0,0
ff299470906095f7.jpg,healthy,1,0,0,0,0,0
bf47f73d3820c0a4.jpg,rust,0,0,0,1,0,0
d4f28a2f5f1e2909.jpg,scab,0,1,0,0,0,0
f0a6cfda4bcc1384.jpg,complex,0,0,0,0,0,1
a836d9969197964b.jpg,scab,0,1,0,0,0,0
bc9f85e81a4df0a8.jpg,rust,0,0,0,1,0,0
b58c5a4dfe298615.jpg,frog_eye_leaf_spot,0,0,1,0,0,0
ee87879890b8a3c7.jpg,powdery_mildew,0,0,0,0,1,0
9c6cd46dadc86c98.jpg,frog_eye_leaf_spot complex,0,0,1,0,0,1
ff08642fde5dc480.jpg,healthy,1,0,0,0,0,0
ff329bc1af3820b0.jpg,frog_eye_leaf_spot,0,0,1,0,0,0
986f50a4ae50753f.jpg,healthy,1,0,0,0,0,0
c8d0dc9ada2339b3.jpg,healthy,1,0,0,0,0,0
b88de0bd0fb4354a.jpg,scab,0,1,0,0,0,0
dab3c0cfc52071f2.jpg,complex,0,0,0,0,0,1
b61b12cb6d25233b.jpg,scab frog_eye_leaf_spot,0,1,1,0,0,0
94e9c93678307b27.jpg,healthy,1,0,0,0,0,0
aac7910bd3d6c0f2.jpg,healthy,1,0,0,0,0,0
b79284874fae29a9.jpg,scab,0,1,0,0,0,0
f06d6b829f1568c9.jpg,rust,0,0,0,1,0,0
c1c16eb51dc6e370.jpg,healthy,1,0,0,0,0,0
cea2313e3753c5c2.jpg,rust,0,0,0,1,0,0
95472b1f452d45b9.jpg,frog_eye_leaf_spot,0,0,1,0,0,0
f006d1379be21e4b.jpg,scab,0,1,0,0,0,0
c3d422a2f13f3c71.jpg,powdery_mildew,0,0,0,0,1,0
e1b9c199938dd1c6.jpg,rust complex,0,0,0,1,0,1
9bd2c4ec23071c9f.jpg,rust,0,0,0,1,0,0
f22ec5be9401b82f.jpg,scab,0,1,0,0,0,0
96ca813667359acd.jpg,frog_eye_leaf_spot,0,0,1,0,0,0
c46ca393cbb9544e.jpg,scab,0,1,0,0,0,0
b08f90cdcee4a707.jpg,scab,0,1,0,0,0,0
d0e760cf307f5a50.jpg,scab,0,1,0,0,0,0
b4ec0f96b117231b.jpg,healthy,1,0,0,0,0,0
c474e3c29f5818db.jpg,frog_eye_leaf_spot,0,0,1,0,0,0
95081a79b56f5aa5.jpg,scab,0,1,0,0,0,0
8338c71c78437ee5.jpg,powdery_mildew,0,0,0,0,1,0
94a99387cd1a2dd3.jpg,healthy,1,0,0,0,0,0
d78523d681c3d1ea.jpg,rust,0,0,0,1,0,0
a5ad479260d25df2.jpg,frog_eye_leaf_spot,0,0,1,0,0,0
9837d2dad29bf009.jpg,healthy,1,0,0,0,0,0
b43fc89226cc1bf2.jpg,healthy,1,0,0,0,0,0
a985f5e98decc112.jpg,healthy,1,0,0,0,0,0
c53b70395fb1b130.jpg,scab,0,1,0,0,0,0
b4e1c0fdc749de08.jpg,complex,0,0,0,0,0,1
9becf8e0308dca1e.jpg,complex,0,0,0,0,0,1
ffadc0e406e09f05.jpg,frog_eye_leaf_spot,0,0,1,0,0,0
b3dec698ea8bca01.jpg,frog_eye_leaf_spot,0,0,1,0,0,0
e0d1c371b4f89536.jpg,frog_eye_leaf_spot,0,0,1,0,0,0
ae72ae638d21152f.jpg,rust,0,0,0,1,0,0
905b6691423fc73d.jpg,healthy,1,0,0,0,0,0
fc803b33128edee8.jpg,healthy,1,0,0,0,0,0
8cabfc30e0a380ff.jpg,healthy,1,0,0,0,0,0
bdc0d09e2eb436c3.jpg,frog_eye_leaf_spot,0,0,1,0,0,0
f514d58e50bf21a9.jpg,healthy,1,0,0,0,0,0
dcdf3c3166d22524.jpg,rust,0,0,0,1,0,0
fab2c71f14191c9c.jpg,complex,0,0,0,0,0,1
fc0795f8820b0bcf.jpg,scab,0,1,0,0,0,0
81b09bc35d29cb67.jpg,scab frog_eye_leaf_spot,0,1,1,0,0,0
f6a08b8adeb8b449.jpg,rust,0,0,0,1,0,0
b84c9ae4f696ac92.jpg,scab frog_eye_leaf_spot,0,1,1,0,0,0
d2dde6604dc5a534.jpg,powdery_mildew,0,0,0,0,1,0
fef438c593e68046.jpg,scab,0,1,0,0,0,0
f0f607c23aa56f82.jpg,frog_eye_leaf_spot,0,0,1,0,0,0
97dd8d78303985a9.jpg,frog_eye_leaf_spot,0,0,1,0,0,0
85338f9de9893253.jpg,healthy,1,0,0,0,0,0
dcc93c1d6259868f.jpg,scab,0,1,0,0,0,0
c7f37a984e62832c.jpg,scab,0,1,0,0,0,0
a1b5b4901e53aafa.jpg,scab,0,1,0,0,0,0
a380d784cbdd09ed.jpg,scab,0,1,0,0,0,0
f0cbe0c587d43c87.jpg,scab,0,1,0,0,0,0
dffb6340c0b1a0b5.jpg,complex,0,0,0,0,0,1
f892d7c3828a92cf.jpg,healthy,1,0,0,0,0,0
d0c2ffd485e6211b.jpg,scab,0,1,0,0,0,0
80acd65fd76ac8a4.jpg,scab,0,1,0,0,0,0
aab23789d34a413f.jpg,rust,0,0,0,1,0,0
ff1780d1df487a01.jpg,scab,0,1,0,0,0,0
ddf560853ed8981a.jpg,scab,0,1,0,0,0,0
e52761df18667254.jpg,scab frog_eye_leaf_spot,0,1,1,0,0,0
b44a90ffdd16a425.jpg,scab,0,1,0,0,0,0
8d0f987126dcd44f.jpg,rust,0,0,0,1,0,0
e9e9c53e84652bc2.jpg,frog_eye_leaf_spot complex,0,0,1,0,0,1
86e6f9716d953444.jpg,powdery_mildew,0,0,0,0,1,0
c338f103cacc7e55.jpg,scab,0,1,0,0,0,0
c13f6903bef06f20.jpg,scab,0,1,0,0,0,0
f53ac32209875dce.jpg,rust,0,0,0,1,0,0
b437dac49b9f003c.jpg,frog_eye_leaf_spot,0,0,1,0,0,0
c6f658e5390a21d7.jpg,frog_eye_leaf_spot,0,0,1,0,0,0
cb661b6c82793e98.jpg,healthy,1,0,0,0,0,0
e9f830a54cb5f0a5.jpg,powdery_mildew,0,0,0,0,1,0
f83a91551f1e683a.jpg,healthy,1,0,0,0,0,0
c2ea4ed80ec724de.jpg,frog_eye_leaf_spot,0,0,1,0,0,0
a88ec4dc9e5cb8b4.jpg,frog_eye_leaf_spot,0,0,1,0,0,0
c5a588f9a7b4e50a.jpg,rust complex,0,0,0,1,0,1
97398ee8529435a7.jpg,healthy,1,0,0,0,0,0
ab20f14a756f10e7.jpg,rust,0,0,0,1,0,0
b48a558d485d6bea.jpg,scab,0,1,0,0,0,0
8e310ce31987b1fe.jpg,frog_eye_leaf_spot,0,0,1,0,0,0
afe17496f9045703.jpg,frog_eye_leaf_spot,0,0,1,0,0,0
f1bda9c9c98dad00.jpg,scab,0,1,0,0,0,0
ad1af3bdc53084b4.jpg,rust,0,0,0,1,0,0
f4b49e82c9d2459d.jpg,frog_eye_leaf_spot,0,0,1,0,0,0
fc3887612a7f3198.jpg,powdery_mildew,0,0,0,0,1,0
d58b161b6a224bb7.jpg,healthy,1,0,0,0,0,0
c3bd61c8157e7548.jpg,frog_eye_leaf_spot,0,0,1,0,0,0
96e0ec34d056d38f.jpg,scab,0,1,0,0,0,0
b63e966f4a0ae28a.jpg,frog_eye_leaf_spot complex,0,0,1,0,0,1
eb1981dfd100fd38.jpg,healthy,1,0,0,0,0,0
96cccdd84fd54542.jpg,frog_eye_leaf_spot,0,0,1,0,0,0
ae7a84319e8f5187.jpg,frog_eye_leaf_spot,0,0,1,0,0,0
f5ac98eaa9a5601b.jpg,scab,0,1,0,0,0,0
ef8fc40c5c350af4.jpg,healthy,1,0,0,0,0,0
8b8b96c561331fac.jpg,healthy,1,0,0,0,0,0
b4fc6a662c2617a5.jpg,rust,0,0,0,1,0,0
b4d6db43a94da4c2.jpg,scab,0,1,0,0,0,0
bdea51256df60192.jpg,frog_eye_leaf_spot,0,0,1,0,0,0
c07f6dd8974b52c0.jpg,rust,0,0,0,1,0,0
fd4f9fb548118541.jpg,scab,0,1,0,0,0,0
d0599b7cbeb66090.jpg,healthy,1,0,0,0,0,0
8534c6d01eed7ca3.jpg,scab,0,1,0,0,0,0
c5fcd58eac84bcc0.jpg,scab,0,1,0,0,0,0
e8709a2eb1d8e70d.jpg,complex,0,0,0,0,0,1
f474927ad9c0e88d.jpg,frog_eye_leaf_spot,0,0,1,0,0,0
8c752297c26a97cb.jpg,frog_eye_leaf_spot,0,0,1,0,0,0
c08f78701497ff54.jpg,healthy,1,0,0,0,0,0
f4e9ca85859c2b99.jpg,healthy,1,0,0,0,0,0
dca525ea879c4a99.jpg,healthy,1,0,0,0,0,0
bdbdc89546a91b22.jpg,healthy,1,0,0,0,0,0
fef744c0874ba80d.jpg,healthy,1,0,0,0,0,0
aff985c16e9d4640.jpg,healthy,1,0,0,0,0,0
e2e1d2a4285656bf.jpg,rust,0,0,0,1,0,0
b6fdcbc804c21abc.jpg,scab,0,1,0,0,0,0
d872934cc5953735.jpg,rust,0,0,0,1,0,0
f6966ff0022df00b.jpg,healthy,1,0,0,0,0,0
f0b007765a329f8b.jpg,rust,0,0,0,1,0,0
adad4ab6c281d5ac.jpg,healthy,1,0,0,0,0,0
df25c4c2dd9d31c0.jpg,scab frog_eye_leaf_spot complex,0,1,1,0,0,1
f47ac9cba0885aec.jpg,healthy,1,0,0,0,0,0
cf74e034f23303a7.jpg,healthy,1,0,0,0,0,0
c0ea339ff039d4b0.jpg,healthy,1,0,0,0,0,0
b3f3ed460303387c.jpg,rust,0,0,0,1,0,0
874a7954c7696aa5.jpg,healthy,1,0,0,0,0,0
abe1cabfc6190e18.jpg,healthy,1,0,0,0,0,0
f76cc04be5a4a592.jpg,healthy,1,0,0,0,0,0
fcd8e8123c5360cf.jpg,scab,0,1,0,0,0,0
f59ec6c1c89ec350.jpg,healthy,1,0,0,0,0,0
c64730bc11fc31de.jpg,healthy,1,0,0,0,0,0
f595a1aa8a0b5a5e.jpg,scab,0,1,0,0,0,0
d0af38a2527645f6.jpg,powdery_mildew,0,0,0,0,1,0
d06f7f3fd8864804.jpg,scab frog_eye_leaf_spot,0,1,1,0,0,0
e9d03b21d8d2a3a7.jpg,powdery_mildew,0,0,0,0,1,0
9792cb5b859d448d.jpg,frog_eye_leaf_spot complex,0,0,1,0,0,1
94404bcbad9b56d3.jpg,frog_eye_leaf_spot,0,0,1,0,0,0
fd87b8488b606db4.jpg,complex,0,0,0,0,0,1
aaf693d63e786009.jpg,rust complex,0,0,0,1,0,1
8189697c4f3fd624.jpg,complex,0,0,0,0,0,1
8a9e5c177d273168.jpg,healthy,1,0,0,0,0,0
d185c95a44f7326b.jpg,healthy,1,0,0,0,0,0
85bf2add3c500b3a.jpg,frog_eye_leaf_spot,0,0,1,0,0,0
a78cd5b6d09f01aa.jpg,complex,0,0,0,0,0,1
fcd486545a7a2a27.jpg,healthy,1,0,0,0,0,0
c73c1f7070838b9b.jpg,frog_eye_leaf_spot,0,0,1,0,0,0
fd3f804ac2628bd3.jpg,frog_eye_leaf_spot,0,0,1,0,0,0
e07cf05a49f98b29.jpg,frog_eye_leaf_spot,0,0,1,0,0,0
cadf1952b0b2d0b5.jpg,healthy,1,0,0,0,0,0
b6b2bb45d2aa4730.jpg,rust,0,0,0,1,0,0
c190339f3b38f8e1.jpg,frog_eye_leaf_spot,0,0,1,0,0,0
85dfc22c76240f73.jpg,rust,0,0,0,1,0,0
afb0d560c6a5459e.jpg,rust complex,0,0,0,1,0,1
af9d4a9a1d01b5e4.jpg,frog_eye_leaf_spot,0,0,1,0,0,0
d4f4ac72582a14f7.jpg,healthy,1,0,0,0,0,0
c1c61c8270af577d.jpg,scab,0,1,0,0,0,0
a5ce9f9c808fd494.jpg,complex,0,0,0,0,0,1
f0b59e569bd26094.jpg,powdery_mildew,0,0,0,0,1,0
a054d06ad8977dd3.jpg,rust,0,0,0,1,0,0
a0ea25b711f13d69.jpg,frog_eye_leaf_spot,0,0,1,0,0,0
a8e492a69197dbd2.jpg,healthy,1,0,0,0,0,0
de0ce09f109ef0da.jpg,scab,0,1,0,0,0,0
8aa285f60fb2ee19.jpg,scab,0,1,0,0,0,0
d1d883b44fae15e2.jpg,frog_eye_leaf_spot,0,0,1,0,0,0
accad4eb4a749b12.jpg,frog_eye_leaf_spot,0,0,1,0,0,0
b9346dc9aa90f5d0.jpg,frog_eye_leaf_spot,0,0,1,0,0,0
c18c3f0424bedfac.jpg,scab,0,1,0,0,0,0
c537c2cd2d92b549.jpg,healthy,1,0,0,0,0,0
e2b687c43c71d2a9.jpg,powdery_mildew,0,0,0,0,1,0
9acdcb86e572550a.jpg,scab,0,1,0,0,0,0
8e8437b3c15d1e9a.jpg,frog_eye_leaf_spot,0,0,1,0,0,0
e1630bd373652527.jpg,frog_eye_leaf_spot,0,0,1,0,0,0
b5d091894a3f6d72.jpg,healthy,1,0,0,0,0,0
d091fe959ad001fd.jpg,healthy,1,0,0,0,0,0
c3c6ba699a72a3b0.jpg,frog_eye_leaf_spot,0,0,1,0,0,0
adfd80cbd24dca44.jpg,complex,0,0,0,0,0,1
c493255adbb658c3.jpg,scab,0,1,0,0,0,0
8dfe3d95c06b40a9.jpg,scab,0,1,0,0,0,0
bda991185edd4591.jpg,frog_eye_leaf_spot,0,0,1,0,0,0
81a8f5d54427c87f.jpg,scab,0,1,0,0,0,0
b0929bcf5c0d7670.jpg,powdery_mildew,0,0,0,0,1,0
9498690ee31fc0fe.jpg,scab,0,1,0,0,0,0
f522d62e882c9d75.jpg,rust,0,0,0,1,0,0
ccb152972a7a6555.jpg,frog_eye_leaf_spot complex,0,0,1,0,0,1
9996528d99714fa5.jpg,rust,0,0,0,1,0,0
c2f01eca72b59c0f.jpg,powdery_mildew,0,0,0,0,1,0
e2e48da9f30d91d4.jpg,frog_eye_leaf_spot,0,0,1,0,0,0
944a35d6d3594cb6.jpg,frog_eye_leaf_spot,0,0,1,0,0,0
b7e5c8c04cf9b928.jpg,complex,0,0,0,0,0,1
a786284969ca3fb5.jpg,healthy,1,0,0,0,0,0
d2266ac99461e9db.jpg,rust complex,0,0,0,1,0,1
a1b494629b68ff0d.jpg,frog_eye_leaf_spot,0,0,1,0,0,0
fb30c0f52e475256.jpg,healthy,1,0,0,0,0,0
e94b8b3d070a1dad.jpg,scab,0,1,0,0,0,0
80fb7d79f090434b.jpg,frog_eye_leaf_spot,0,0,1,0,0,0
e8a9d4c94abdfc02.jpg,healthy,1,0,0,0,0,0
82e73390fe15c11f.jpg,scab,0,1,0,0,0,0
af86dadf003c13e1.jpg,scab frog_eye_leaf_spot,0,1,1,0,0,0
b84e05ccaa9bb13b.jpg,healthy,1,0,0,0,0,0
adf8b4855f1e5848.jpg,scab,0,1,0,0,0,0
978038f973a1e366.jpg,frog_eye_leaf_spot,0,0,1,0,0,0
c9e135cb7455b225.jpg,rust,0,0,0,1,0,0
bfcad0872fe05445.jpg,healthy,1,0,0,0,0,0
90f4bbf5d25454a8.jpg,rust,0,0,0,1,0,0
e11dc6a0bcfff100.jpg,healthy,1,0,0,0,0,0
f8adc5153e9238e1.jpg,healthy,1,0,0,0,0,0
a5c65f3c2c792233.jpg,powdery_mildew,0,0,0,0,1,0
af688e42daf78306.jpg,scab frog_eye_leaf_spot,0,1,1,0,0,0
a2ae3e5dc0c0ce3e.jpg,scab,0,1,0,0,0,0
e88a9a3de8511d9b.jpg,scab frog_eye_leaf_spot complex,0,1,1,0,0,1
c5d8f407c33d9ce0.jpg,scab,0,1,0,0,0,0
ffd4c5088f4605a7.jpg,complex,0,0,0,0,0,1
a870b5a58e9765d2.jpg,complex,0,0,0,0,0,1
96952d807ec276d6.jpg,scab,0,1,0,0,0,0
ee1d74cb1d70a650.jpg,rust,0,0,0,1,0,0
cc73e025cc36d31e.jpg,rust,0,0,0,1,0,0
b429d9d86ddc6650.jpg,healthy,1,0,0,0,0,0
a8c397ed0aa55da4.jpg,complex,0,0,0,0,0,1
cbc96fbcb2551380.jpg,scab,0,1,0,0,0,0
eddfc02f8b82321a.jpg,powdery_mildew,0,0,0,0,1,0
914a66365cd5dc59.jpg,powdery_mildew,0,0,0,0,1,0
95f1238a96c4de6c.jpg,scab,0,1,0,0,0,0
a59ecb099ec05c6b.jpg,frog_eye_leaf_spot,0,0,1,0,0,0
ad43d2868af552ce.jpg,healthy,1,0,0,0,0,0
ca7f1898c8617f94.jpg,scab,0,1,0,0,0,0
8ec3743f0d50cce3.jpg,scab,0,1,0,0,0,0
a2eb3d1c6010df73.jpg,rust,0,0,0,1,0,0
fe69c6a4ec0e310e.jpg,healthy,1,0,0,0,0,0
f1d280259a4d73bd.jpg,complex,0,0,0,0,0,1
d1ad65c00fd31fd0.jpg,scab,0,1,0,0,0,0
8ca5a13c3653aee3.jpg,complex,0,0,0,0,0,1
f467b837e948520d.jpg,scab,0,1,0,0,0,0
be90a564c99ae28f.jpg,frog_eye_leaf_spot,0,0,1,0,0,0
8bd96ae02c2b9cb6.jpg,healthy,1,0,0,0,0,0
87ad263153c1e4f6.jpg,powdery_mildew,0,0,0,0,1,0
af34c2f44fd43c41.jpg,healthy,1,0,0,0,0,0
a9d1540a2d2eeeb3.jpg,scab,0,1,0,0,0,0
feafa6909610c539.jpg,complex,0,0,0,0,0,1
c8d12a9652bbb7a1.jpg,scab,0,1,0,0,0,0
feb598adbc182434.jpg,scab,0,1,0,0,0,0
9ea05e3b8f8a2ad8.jpg,frog_eye_leaf_spot,0,0,1,0,0,0
b8d49db96aac54a2.jpg,powdery_mildew,0,0,0,0,1,0
cc873aa1ede2126d.jpg,frog_eye_leaf_spot,0,0,1,0,0,0
80c43018ef70fef7.jpg,scab,0,1,0,0,0,0
fc8683a09ecaa45f.jpg,frog_eye_leaf_spot,0,0,1,0,0,0
c1b87f90f03a3ab8.jpg,healthy,1,0,0,0,0,0
da16e2d596f10875.jpg,healthy,1,0,0,0,0,0
9b643cd594c80fcd.jpg,scab,0,1,0,0,0,0
c38f7e0565f40696.jpg,scab,0,1,0,0,0,0
af8314d0af2a7d29.jpg,complex,0,0,0,0,0,1
879fc2e00f8274db.jpg,rust,0,0,0,1,0,0
d582499614eefe15.jpg,scab,0,1,0,0,0,0
d5ca68b740f85a8d.jpg,scab,0,1,0,0,0,0
d0be2fe165c23a34.jpg,powdery_mildew,0,0,0,0,1,0
d2fe2c88249f309f.jpg,scab,0,1,0,0,0,0
e535b287e594e942.jpg,frog_eye_leaf_spot,0,0,1,0,0,0
f8b1e1908a919d9f.jpg,healthy,1,0,0,0,0,0
a92b4474cb39972e.jpg,scab,0,1,0,0,0,0
8e9863c49b63c747.jpg,scab,0,1,0,0,0,0
e024b69a784e9fc3.jpg,scab,0,1,0,0,0,0
afa9c5cb2023f0f8.jpg,rust,0,0,0,1,0,0
a5ad82d6cf808ccf.jpg,healthy,1,0,0,0,0,0
f9e594ce123c1e38.jpg,scab,0,1,0,0,0,0
b466cb31302f3adc.jpg,scab frog_eye_leaf_spot,0,1,1,0,0,0
e13a85816ad47d3b.jpg,rust,0,0,0,1,0,0
f886c8de9cb49d18.jpg,frog_eye_leaf_spot,0,0,1,0,0,0
b5e2d24f1a546ba2.jpg,healthy,1,0,0,0,0,0
fae651854d89fc44.jpg,scab,0,1,0,0,0,0
854d79c3a9a9c5ac.jpg,healthy,1,0,0,0,0,0
ced3405f1e3c31a3.jpg,scab,0,1,0,0,0,0
b0e7871c58f44de1.jpg,frog_eye_leaf_spot,0,0,1,0,0,0
85b8ce6594955ad9.jpg,healthy,1,0,0,0,0,0
f588f8d5e5ae820c.jpg,rust,0,0,0,1,0,0
85517e75c3b21ea4.jpg,complex,0,0,0,0,0,1
dcb140dad09edf0a.jpg,frog_eye_leaf_spot,0,0,1,0,0,0
d407669e43f03373.jpg,rust,0,0,0,1,0,0
e9eb37a882dca0e8.jpg,scab,0,1,0,0,0,0
838667499f317267.jpg,healthy,1,0,0,0,0,0
b5964ba556822cd7.jpg,scab,0,1,0,0,0,0
c03f1bbf94c8a5a8.jpg,scab frog_eye_leaf_spot,0,1,1,0,0,0
8d4225d53c3d1f9c.jpg,scab,0,1,0,0,0,0
d70c337c1146fd83.jpg,healthy,1,0,0,0,0,0
b463427db0d461cf.jpg,powdery_mildew,0,0,0,0,1,0
d9a4117e92e96e91.jpg,frog_eye_leaf_spot,0,0,1,0,0,0
8185e94b5a4b5f0f.jpg,scab,0,1,0,0,0,0
dc761f4ff008e0e1.jpg,scab,0,1,0,0,0,0
91356d6693af5445.jpg,healthy,1,0,0,0,0,0
f59fc0209e629e2d.jpg,powdery_mildew,0,0,0,0,1,0
c49ccecb0db79c30.jpg,complex,0,0,0,0,0,1
d999856c6d2ce94c.jpg,rust,0,0,0,1,0,0
ee06c5d48fd2358a.jpg,scab,0,1,0,0,0,0
f0ded1e91ee0420f.jpg,healthy,1,0,0,0,0,0
d8c07e747aa0fcd0.jpg,scab,0,1,0,0,0,0
e13fd2d0c5602d67.jpg,complex,0,0,0,0,0,1
c1d0052f673433fb.jpg,frog_eye_leaf_spot,0,0,1,0,0,0
81935a3879e1f68e.jpg,healthy,1,0,0,0,0,0
d24fe4be88d221e3.jpg,frog_eye_leaf_spot,0,0,1,0,0,0
a54a74aad857ad91.jpg,scab,0,1,0,0,0,0
e88ce94d8eca5e4a.jpg,complex,0,0,0,0,0,1
c0630f69dcd1789d.jpg,powdery_mildew,0,0,0,0,1,0
ae9f33e3a8517248.jpg,powdery_mildew,0,0,0,0,1,0
e00f934d9e50ad5b.jpg,powdery_mildew,0,0,0,0,1,0
cfdc3fc9320d0592.jpg,scab,0,1,0,0,0,0
92e83ad88015df3f.jpg,healthy,1,0,0,0,0,0
c5f2b5c295aad544.jpg,scab,0,1,0,0,0,0
c19c64bab271b63c.jpg,healthy,1,0,0,0,0,0
b67042d2cf9e9554.jpg,healthy,1,0,0,0,0,0
9db2847e2cc4f8c9.jpg,frog_eye_leaf_spot,0,0,1,0,0,0
b615c97c84e2ecc3.jpg,scab,0,1,0,0,0,0
ddca6366873618cc.jpg,rust,0,0,0,1,0,0
a0a13597969d2f4d.jpg,healthy,1,0,0,0,0,0
80769797ce42f658.jpg,scab frog_eye_leaf_spot,0,1,1,0,0,0
d1aacfbe1870059e.jpg,healthy,1,0,0,0,0,0
9462726f63dec438.jpg,rust,0,0,0,1,0,0
cf9f700326c43e71.jpg,healthy,1,0,0,0,0,0
f69942d8212d31ef.jpg,complex,0,0,0,0,0,1
cd5827b1f0733632.jpg,powdery_mildew,0,0,0,0,1,0
ceb6b4cbf4a00b83.jpg,complex,0,0,0,0,0,1
ada5d48b57d35250.jpg,frog_eye_leaf_spot,0,0,1,0,0,0
f174962487d5ae16.jpg,healthy,1,0,0,0,0,0
d2d46e1a342f5e1a.jpg,scab,0,1,0,0,0,0
a069d3d0ff8334cc.jpg,frog_eye_leaf_spot,0,0,1,0,0,0
aae478b7af070c07.jpg,healthy,1,0,0,0,0,0
9e8fccf26a27a130.jpg,healthy,1,0,0,0,0,0
961a8f69cd659c43.jpg,scab,0,1,0,0,0,0
aa2ab58fd21dc06b.jpg,rust,0,0,0,1,0,0
8ab55494869e92f7.jpg,powdery_mildew,0,0,0,0,1,0
f2fd92d288434baa.jpg,healthy,1,0,0,0,0,0
c5861f35c0dce725.jpg,healthy,1,0,0,0,0,0
9add92c183c85d57.jpg,rust,0,0,0,1,0,0
8bef10f40efa0a59.jpg,complex,0,0,0,0,0,1
86dc97b0c163e2d3.jpg,complex,0,0,0,0,0,1
b658436d4c665f31.jpg,scab,0,1,0,0,0,0
c8c77086dec7ad60.jpg,frog_eye_leaf_spot,0,0,1,0,0,0
cf6a8b1689fe8c12.jpg,complex,0,0,0,0,0,1
a78392ef69197e01.jpg,scab,0,1,0,0,0,0
e010c7c35ecf3d1c.jpg,frog_eye_leaf_spot,0,0,1,0,0,0
fea394d7d86aa005.jpg,healthy,1,0,0,0,0,0
dc34c9e074f7a249.jpg,healthy,1,0,0,0,0,0
fa84d0dec8c007fe.jpg,frog_eye_leaf_spot,0,0,1,0,0,0
e981d0cacbabce89.jpg,scab,0,1,0,0,0,0
adbf82de8fa08e40.jpg,healthy,1,0,0,0,0,0
f6b2c241e8e725cc.jpg,powdery_mildew,0,0,0,0,1,0
b0c5cfa5ad23445e.jpg,complex,0,0,0,0,0,1
9672ce2a6dcf6284.jpg,healthy,1,0,0,0,0,0
8d3d8239cdcd08f5.jpg,healthy,1,0,0,0,0,0
e52d3fc23ac57085.jpg,complex,0,0,0,0,0,1
89a8e93c633cd61d.jpg,scab,0,1,0,0,0,0
bfb0920bc96d68e4.jpg,scab,0,1,0,0,0,0
a8c4d287db3f3815.jpg,healthy,1,0,0,0,0,0
a341f89f3139d760.jpg,healthy,1,0,0,0,0,0
c7023cb0f07ad3f1.jpg,scab,0,1,0,0,0,0
de4ac22bb072c2dd.jpg,scab frog_eye_leaf_spot,0,1,1,0,0,0
c8359a30cef4275d.jpg,frog_eye_leaf_spot,0,0,1,0,0,0
a8d0828ad4a7b5df.jpg,healthy,1,0,0,0,0,0
93a16fdf1202996b.jpg,powdery_mildew,0,0,0,0,1,0
a1e0d5f01f1a59d9.jpg,healthy,1,0,0,0,0,0
aa25ca9edd116c0f.jpg,scab frog_eye_leaf_spot,0,1,1,0,0,0
ff541ed020c875ad.jpg,rust,0,0,0,1,0,0
92d26b42e665b26d.jpg,scab,0,1,0,0,0,0
89fe57d268a0f88a.jpg,scab,0,1,0,0,0,0
fd5356434f43c419.jpg,scab,0,1,0,0,0,0
a5030e3ec1ced9ec.jpg,complex,0,0,0,0,0,1
e9a6657c981061fb.jpg,frog_eye_leaf_spot,0,0,1,0,0,0
85162a5a5b6a757c.jpg,scab,0,1,0,0,0,0
f089b32d93750bf0.jpg,scab,0,1,0,0,0,0
f5a486e5525e5349.jpg,scab,0,1,0,0,0,0
dd9b1bd851f03033.jpg,healthy,1,0,0,0,0,0
892ac679d77095a9.jpg,healthy,1,0,0,0,0,0
c3746b963742c387.jpg,rust,0,0,0,1,0,0
d4f822dcf48334e5.jpg,healthy,1,0,0,0,0,0
b8fcdeb458998095.jpg,healthy,1,0,0,0,0,0
f7b7874a1fc03884.jpg,scab,0,1,0,0,0,0
c8c2359eca389be3.jpg,complex,0,0,0,0,0,1
a1c50b1db25e2ead.jpg,scab,0,1,0,0,0,0
d5e36bf53ca41406.jpg,frog_eye_leaf_spot,0,0,1,0,0,0
fd92f8d4cae64422.jpg,healthy,1,0,0,0,0,0
ff909c85e83f20e4.jpg,healthy,1,0,0,0,0,0
f8e470868d83bd69.jpg,scab,0,1,0,0,0,0
872f7f9440d70716.jpg,frog_eye_leaf_spot,0,0,1,0,0,0
ef3cc084cfc33cc2.jpg,rust,0,0,0,1,0,0
b4b0c6284ee1a7cf.jpg,complex,0,0,0,0,0,1
bc6b5996b491c839.jpg,scab,0,1,0,0,0,0
ac5a41484f5acfb6.jpg,rust,0,0,0,1,0,0
e497c6d09ad073b8.jpg,scab,0,1,0,0,0,0
ca8dfb9272be2206.jpg,frog_eye_leaf_spot,0,0,1,0,0,0
c7485f3c687df0a0.jpg,rust,0,0,0,1,0,0
dedc61319ed86621.jpg,healthy,1,0,0,0,0,0
f827e186dfb28485.jpg,scab,0,1,0,0,0,0
80efccd95ab1256c.jpg,powdery_mildew,0,0,0,0,1,0
fae951d4c0c3f1e0.jpg,scab,0,1,0,0,0,0
e2ecc268db38db30.jpg,frog_eye_leaf_spot,0,0,1,0,0,0
b5e6d2c6c9c864cc.jpg,healthy,1,0,0,0,0,0
c5e324359ea1ec8d.jpg,healthy,1,0,0,0,0,0
89df8738da38a196.jpg,healthy,1,0,0,0,0,0
a44b84ae7b38233f.jpg,powdery_mildew,0,0,0,0,1,0
cdf43ac5238c53b8.jpg,scab frog_eye_leaf_spot,0,1,1,0,0,0
c93a61ca82c27afe.jpg,frog_eye_leaf_spot,0,0,1,0,0,0
e7ff131ef6e08020.jpg,scab,0,1,0,0,0,0
dddc1348e2c732a5.jpg,frog_eye_leaf_spot,0,0,1,0,0,0
8e972ab564c4c39b.jpg,scab,0,1,0,0,0,0
e07099e1d9cd6d98.jpg,scab frog_eye_leaf_spot,0,1,1,0,0,0
e22b86d278fef180.jpg,scab,0,1,0,0,0,0
f383cb98583b5835.jpg,frog_eye_leaf_spot,0,0,1,0,0,0
f728e036d729a0ad.jpg,rust,0,0,0,1,0,0
d9ac30c5127e607f.jpg,healthy,1,0,0,0,0,0
91aa99c1c877e0bd.jpg,scab frog_eye_leaf_spot complex,0,1,1,0,0,1
d14f2286f163b333.jpg,frog_eye_leaf_spot,0,0,1,0,0,0
ff7ac0031fa1063d.jpg,scab,0,1,0,0,0,0
daf8efe02e301272.jpg,frog_eye_leaf_spot,0,0,1,0,0,0
eba035974baa8566.jpg,complex,0,0,0,0,0,1
b646ce9fce191321.jpg,frog_eye_leaf_spot,0,0,1,0,0,0
af951cde41f43816.jpg,scab,0,1,0,0,0,0
cac0033ba92a7fd9.jpg,frog_eye_leaf_spot,0,0,1,0,0,0
b5b3cad1ca8d6c0a.jpg,powdery_mildew,0,0,0,0,1,0
8568b2e313eefc12.jpg,healthy,1,0,0,0,0,0
e531c2743d1e2e96.jpg,scab,0,1,0,0,0,0
eb2999cab4d74503.jpg,scab frog_eye_leaf_spot,0,1,1,0,0,0
dccc7085e900c5ff.jpg,scab,0,1,0,0,0,0
d22c694f76c6d618.jpg,healthy,1,0,0,0,0,0
dc95818fecb86037.jpg,scab frog_eye_leaf_spot complex,0,1,1,0,0,1
db4372c742c9c39c.jpg,frog_eye_leaf_spot,0,0,1,0,0,0
a920cdb61f60e66b.jpg,rust,0,0,0,1,0,0
e26d9782451b743b.jpg,complex,0,0,0,0,0,1
e592c91c2b64b26f.jpg,powdery_mildew,0,0,0,0,1,0
94d2c39ae8f86b26.jpg,healthy,1,0,0,0,0,0
c83b6692da4b99e4.jpg,complex,0,0,0,0,0,1
f73c821bc0f81fb0.jpg,healthy,1,0,0,0,0,0
d92248c86fdd30de.jpg,healthy,1,0,0,0,0,0
b496940a7adb9995.jpg,scab,0,1,0,0,0,0
c3e995b03b526a87.jpg,rust complex,0,0,0,1,0,1
c3ffeb8d42c80594.jpg,frog_eye_leaf_spot,0,0,1,0,0,0
82db97c102e8cf9d.jpg,healthy,1,0,0,0,0,0
84eeda34c7b05d89.jpg,complex,0,0,0,0,0,1
9bb0c062e31fb69c.jpg,scab,0,1,0,0,0,0
8a57ba815538fce1.jpg,healthy,1,0,0,0,0,0
c88ef30df4f087c4.jpg,rust,0,0,0,1,0,0
9d9bb09c8b40db5a.jpg,healthy,1,0,0,0,0,0
b28792305b9575da.jpg,frog_eye_leaf_spot,0,0,1,0,0,0
aacedff0d881c189.jpg,rust,0,0,0,1,0,0
d02b1390df930fb3.jpg,healthy,1,0,0,0,0,0
eb7ac5800ff8c0d3.jpg,healthy,1,0,0,0,0,0
a50fc3ce67617a30.jpg,rust,0,0,0,1,0,0
d9e028a7f139a1b5.jpg,scab,0,1,0,0,0,0
d013280bc7ff037e.jpg,frog_eye_leaf_spot,0,0,1,0,0,0
e6e38085ca0bedf1.jpg,scab,0,1,0,0,0,0
93bdcbc8c9ac01b3.jpg,healthy,1,0,0,0,0,0
cfffc1e2d81d4840.jpg,powdery_mildew,0,0,0,0,1,0
fea880b74f960c8b.jpg,healthy,1,0,0,0,0,0
9b4dd76b61002d9e.jpg,scab,0,1,0,0,0,0
a9da90f8d20b4bcb.jpg,scab,0,1,0,0,0,0
b474d0c39eaaad0d.jpg,complex,0,0,0,0,0,1
f9d1d38ec42a5e28.jpg,healthy,1,0,0,0,0,0
c8c3a90eb17b7962.jpg,complex,0,0,0,0,0,1
aac83039145fcfe9.jpg,powdery_mildew,0,0,0,0,1,0
c2b68e8dc1cf7524.jpg,healthy,1,0,0,0,0,0
8c539728dbb64bd0.jpg,rust frog_eye_leaf_spot,0,0,1,1,0,0
df0c76a22cb93a51.jpg,scab,0,1,0,0,0,0
b29d8f488938f879.jpg,frog_eye_leaf_spot,0,0,1,0,0,0
ffb0a55e925ec041.jpg,scab,0,1,0,0,0,0
d2d9c2bca7a72458.jpg,rust,0,0,0,1,0,0
91283697c763174f.jpg,scab,0,1,0,0,0,0
cfff3fc16004c11c.jpg,rust,0,0,0,1,0,0
f7f2cb44243ea88a.jpg,scab,0,1,0,0,0,0
af98918559879d4b.jpg,frog_eye_leaf_spot,0,0,1,0,0,0
8096787430575fcf.jpg,healthy,1,0,0,0,0,0
cfce603233317acc.jpg,scab,0,1,0,0,0,0
a8fe9f432f452491.jpg,frog_eye_leaf_spot,0,0,1,0,0,0
e1a785f0d83819f9.jpg,frog_eye_leaf_spot,0,0,1,0,0,0
ca93368f301cf1e6.jpg,powdery_mildew,0,0,0,0,1,0
cfa720df009b358d.jpg,scab frog_eye_leaf_spot,0,1,1,0,0,0
c0e1616f4d439b9b.jpg,healthy,1,0,0,0,0,0
b7f15149c2726f06.jpg,scab,0,1,0,0,0,0
b52592c0e9b3f4d1.jpg,rust,0,0,0,1,0,0
80b4a4d8d2f2db5b.jpg,frog_eye_leaf_spot,0,0,1,0,0,0
a53fd2498b4d80fc.jpg,scab frog_eye_leaf_spot,0,1,1,0,0,0
b9d4d26ac8e7cc12.jpg,frog_eye_leaf_spot,0,0,1,0,0,0
afc5f08512573b4a.jpg,complex,0,0,0,0,0,1
f47ada2192e7d902.jpg,scab,0,1,0,0,0,0
b50fc37c4720bf03.jpg,scab,0,1,0,0,0,0
f69c80543e1f8ae6.jpg,powdery_mildew,0,0,0,0,1,0
bff715fecaa08200.jpg,healthy,1,0,0,0,0,0
ae4c5a950daf4b54.jpg,rust frog_eye_leaf_spot,0,0,1,1,0,0
966b1441eb5897b6.jpg,rust,0,0,0,1,0,0
d2e7b5924b0d3d88.jpg,frog_eye_leaf_spot,0,0,1,0,0,0
b03e87c1d64f1f18.jpg,complex,0,0,0,0,0,1
b4a89ec89ababc15.jpg,frog_eye_leaf_spot complex,0,0,1,0,0,1
a06a5237afb63a1a.jpg,frog_eye_leaf_spot,0,0,1,0,0,0
8a55853d77b262d2.jpg,powdery_mildew,0,0,0,0,1,0
ad55210adca4dc7b.jpg,powdery_mildew,0,0,0,0,1,0
acf5c563301a4cf3.jpg,rust,0,0,0,1,0,0
dfff461189732601.jpg,frog_eye_leaf_spot,0,0,1,0,0,0
8c9f80e15a36e97a.jpg,powdery_mildew,0,0,0,0,1,0
afbca5fc88e818c2.jpg,frog_eye_leaf_spot,0,0,1,0,0,0
f5e21d13363c1a17.jpg,powdery_mildew,0,0,0,0,1,0
e0fd9ed2de40a8a8.jpg,healthy,1,0,0,0,0,0
be9a20ecdb9bc281.jpg,scab,0,1,0,0,0,0
80ef45b66491e3f8.jpg,scab,0,1,0,0,0,0
f0d4e30585c398ef.jpg,scab frog_eye_leaf_spot,0,1,1,0,0,0
9d733a95ac628d62.jpg,powdery_mildew,0,0,0,0,1,0
be0996c056e03ef3.jpg,rust,0,0,0,1,0,0
bfd08860b16c723f.jpg,scab,0,1,0,0,0,0
a02fd286efc907c9.jpg,frog_eye_leaf_spot,0,0,1,0,0,0
d521d73612df209b.jpg,rust,0,0,0,1,0,0
c8ed3091d97563f0.jpg,frog_eye_leaf_spot,0,0,1,0,0,0
8cfcc02dcf278de0.jpg,complex,0,0,0,0,0,1
883b67aa9a5362b6.jpg,healthy,1,0,0,0,0,0
b0b18baf7ec208da.jpg,frog_eye_leaf_spot,0,0,1,0,0,0
959dc2e94b1d1c87.jpg,scab frog_eye_leaf_spot,0,1,1,0,0,0
b19787f0a8b0bbc1.jpg,frog_eye_leaf_spot,0,0,1,0,0,0
a9c5a102852fa77f.jpg,scab,0,1,0,0,0,0
94f297139780a5eb.jpg,healthy,1,0,0,0,0,0
bf8bf202005f07d7.jpg,healthy,1,0,0,0,0,0
ea01f3d49b327952.jpg,rust,0,0,0,1,0,0
f51ee3f8988478c4.jpg,healthy,1,0,0,0,0,0
b9ad93daab836260.jpg,healthy,1,0,0,0,0,0
8f2f6ec09516f145.jpg,healthy,1,0,0,0,0,0
a842f2a79696d6d4.jpg,healthy,1,0,0,0,0,0
95dfd2b021222fcd.jpg,scab frog_eye_leaf_spot,0,1,1,0,0,0
f0c115ae3c593799.jpg,rust,0,0,0,1,0,0
d0e7c9609923a5eb.jpg,scab,0,1,0,0,0,0
ae0aa5a094f7ce96.jpg,scab,0,1,0,0,0,0
fb9fd1486816f2a0.jpg,scab frog_eye_leaf_spot,0,1,1,0,0,0
9507976774e01d1d.jpg,healthy,1,0,0,0,0,0
eaad950b6c642733.jpg,powdery_mildew,0,0,0,0,1,0
adb295d7ca4c282e.jpg,rust,0,0,0,1,0,0
b4b608adef7d402c.jpg,rust frog_eye_leaf_spot,0,0,1,1,0,0
ccf32d99e6a50349.jpg,scab,0,1,0,0,0,0
84f3ca39a79d4354.jpg,frog_eye_leaf_spot,0,0,1,0,0,0
92bab269d20f43b6.jpg,rust,0,0,0,1,0,0
ffcbc7d2e030e050.jpg,rust,0,0,0,1,0,0
b4bf74d534a0a34a.jpg,healthy,1,0,0,0,0,0
c29c9ce3aaec441f.jpg,powdery_mildew,0,0,0,0,1,0
e5c69f1ba0a415b6.jpg,rust,0,0,0,1,0,0
81c97ef498cc87c3.jpg,rust,0,0,0,1,0,0
8fc92789391ced45.jpg,scab,0,1,0,0,0,0
fb42d2a082877f96.jpg,healthy,1,0,0,0,0,0
faeb42dad680e0a3.jpg,frog_eye_leaf_spot,0,0,1,0,0,0
965295a64a97859f.jpg,rust,0,0,0,1,0,0
f40a426e473f8eaa.jpg,scab,0,1,0,0,0,0
e01112939f783fec.jpg,scab,0,1,0,0,0,0
aca7c490a3ced6d2.jpg,scab,0,1,0,0,0,0
e0f0328b4f68dda5.jpg,scab,0,1,0,0,0,0
83ad25b4f04178bf.jpg,scab,0,1,0,0,0,0
f403db3cf924c196.jpg,scab frog_eye_leaf_spot,0,1,1,0,0,0
e3a781050fbe5ce8.jpg,scab,0,1,0,0,0,0
a8dad5a59ab061ea.jpg,complex,0,0,0,0,0,1
f9011ffc0a4552af.jpg,powdery_mildew,0,0,0,0,1,0
9e0324f705fc03db.jpg,complex,0,0,0,0,0,1
ba1a5fcc262aa783.jpg,complex,0,0,0,0,0,1
b4ae98a3ad52c939.jpg,frog_eye_leaf_spot,0,0,1,0,0,0
8a9e59da6b61608f.jpg,healthy,1,0,0,0,0,0
d0e491f459626cbb.jpg,scab,0,1,0,0,0,0
e3818cce7b91332b.jpg,frog_eye_leaf_spot,0,0,1,0,0,0
d7b8c3c20f61389b.jpg,healthy,1,0,0,0,0,0
95b6798b131b838d.jpg,scab,0,1,0,0,0,0
9f9f35aaf4c20252.jpg,scab,0,1,0,0,0,0
ff80f052daf3e801.jpg,frog_eye_leaf_spot,0,0,1,0,0,0
c9c07394f8d4ae39.jpg,scab frog_eye_leaf_spot,0,1,1,0,0,0
84c3f037e53e66a1.jpg,rust,0,0,0,1,0,0
e8b8b358ae22af1a.jpg,rust,0,0,0,1,0,0
be8892e1c09dcbd9.jpg,powdery_mildew,0,0,0,0,1,0
a49cfa0ccc9e9a2b.jpg,scab,0,1,0,0,0,0
84f0c8e17cb707dc.jpg,healthy,1,0,0,0,0,0
b6a48ad62d96c9b4.jpg,scab frog_eye_leaf_spot,0,1,1,0,0,0
a5f190a2c9d374f4.jpg,frog_eye_leaf_spot,0,0,1,0,0,0
a516de7d3d371028.jpg,scab,0,1,0,0,0,0
9a96746d61e5c43c.jpg,powdery_mildew,0,0,0,0,1,0
b8828287cfdafc49.jpg,healthy,1,0,0,0,0,0
aaf46850f0f0bbe8.jpg,scab,0,1,0,0,0,0
ffa09422ca21edab.jpg,healthy,1,0,0,0,0,0
fce318c6518fd20e.jpg,scab,0,1,0,0,0,0
f581d74fc06ca16c.jpg,scab,0,1,0,0,0,0
def0c5838e2238f5.jpg,rust,0,0,0,1,0,0
d4906ad169d705d7.jpg,frog_eye_leaf_spot,0,0,1,0,0,0
de450fc62b9429d6.jpg,healthy,1,0,0,0,0,0
f1c1878f96958a53.jpg,scab,0,1,0,0,0,0
c4b3978a58cdd9c8.jpg,scab,0,1,0,0,0,0
b086649bb6648f9b.jpg,rust,0,0,0,1,0,0
fa3cc3581d323633.jpg,scab,0,1,0,0,0,0
aba799221b74b386.jpg,scab,0,1,0,0,0,0
c5339e87235c6ac5.jpg,rust,0,0,0,1,0,0
8efc207070f3b9c9.jpg,frog_eye_leaf_spot,0,0,1,0,0,0
ede81a32efa83ac0.jpg,healthy,1,0,0,0,0,0
c0611f4bb19da3b9.jpg,scab,0,1,0,0,0,0
d5f32a8f6310ae62.jpg,complex,0,0,0,0,0,1
e7e89790a41c5ad6.jpg,scab,0,1,0,0,0,0
f73e5fc2c40f0701.jpg,scab,0,1,0,0,0,0
94c6db7e61330e70.jpg,rust,0,0,0,1,0,0
e8f98d8e900fb90b.jpg,rust,0,0,0,1,0,0
83f03e8bcb5a483d.jpg,scab,0,1,0,0,0,0
f232d6b3c1593790.jpg,scab frog_eye_leaf_spot,0,1,1,0,0,0
85ca3c8fa0b4dfd0.jpg,healthy,1,0,0,0,0,0
e56f9634b81249da.jpg,scab frog_eye_leaf_spot,0,1,1,0,0,0
80bf2381975655d7.jpg,scab,0,1,0,0,0,0
ad2bd48aa8e517b4.jpg,healthy,1,0,0,0,0,0
ab186c9ed37a258c.jpg,scab,0,1,0,0,0,0
9dd9370b620d0ee3.jpg,healthy,1,0,0,0,0,0
aaa525d257129f4b.jpg,scab frog_eye_leaf_spot,0,1,1,0,0,0
85613ea3387e9696.jpg,scab,0,1,0,0,0,0
ba38cd302f9bf08c.jpg,scab,0,1,0,0,0,0
fff9c005c2c738c2.jpg,healthy,1,0,0,0,0,0
eaf2c5e1cc112f68.jpg,complex,0,0,0,0,0,1
f8c525de0a7b2c64.jpg,complex,0,0,0,0,0,1
f4f3193761c4a09e.jpg,complex,0,0,0,0,0,1
8e8727a1a53eb2e1.jpg,rust,0,0,0,1,0,0
f4259813f6ee3870.jpg,healthy,1,0,0,0,0,0
e143c3dc78704757.jpg,complex,0,0,0,0,0,1
c27537e5e50f046c.jpg,frog_eye_leaf_spot,0,0,1,0,0,0
eabbc205444f3ecc.jpg,scab,0,1,0,0,0,0
bad8e5044c9eb0db.jpg,scab,0,1,0,0,0,0
fbbbf09400ee06e4.jpg,healthy,1,0,0,0,0,0
bd99db95857e1220.jpg,scab frog_eye_leaf_spot,0,1,1,0,0,0
e0af1fbcb1404d9a.jpg,healthy,1,0,0,0,0,0
81ff35908a9ecf81.jpg,complex,0,0,0,0,0,1
adde48d46f32b242.jpg,powdery_mildew,0,0,0,0,1,0
d19c998f74ae2856.jpg,scab frog_eye_leaf_spot,0,1,1,0,0,0
ac55ead5d6a80e83.jpg,healthy,1,0,0,0,0,0
f92d44f8ee98e224.jpg,complex,0,0,0,0,0,1
f1a4e1e483988f3e.jpg,rust,0,0,0,1,0,0
a5eff281c9c10d8d.jpg,healthy,1,0,0,0,0,0
d8ec2836ddce061b.jpg,frog_eye_leaf_spot,0,0,1,0,0,0
b2e4f22dc14ebc1c.jpg,rust,0,0,0,1,0,0
a2aeb7a5508e7a8a.jpg,powdery_mildew,0,0,0,0,1,0
bdaac03da5e8225e.jpg,scab frog_eye_leaf_spot,0,1,1,0,0,0
c0b03acb56d4d74b.jpg,scab,0,1,0,0,0,0
dfbcc0ee8261134e.jpg,scab,0,1,0,0,0,0
ff7e2b8d02a85458.jpg,scab,0,1,0,0,0,0
80ebf6c08f87413f.jpg,scab,0,1,0,0,0,0
933d71cb1ea08d47.jpg,complex,0,0,0,0,0,1
94282376ca4dbd3d.jpg,healthy,1,0,0,0,0,0
e58390afc33c3fa0.jpg,rust,0,0,0,1,0,0
e0909f5a9f239e26.jpg,scab frog_eye_leaf_spot,0,1,1,0,0,0
af69cc47f8661311.jpg,rust,0,0,0,1,0,0
f8fdc0a083e0cf87.jpg,healthy,1,0,0,0,0,0
9bf450372db2ac89.jpg,scab,0,1,0,0,0,0
ecd10ab757ab1648.jpg,scab,0,1,0,0,0,0
cc0f23382f3b706b.jpg,scab,0,1,0,0,0,0
98c8333cd39565a7.jpg,powdery_mildew,0,0,0,0,1,0
fae2d2934c9172b8.jpg,scab,0,1,0,0,0,0
fd32c1ea1be4a560.jpg,scab frog_eye_leaf_spot,0,1,1,0,0,0
c8c1c6bb67063b71.jpg,scab,0,1,0,0,0,0
b6e468956c729f06.jpg,scab,0,1,0,0,0,0
e1818f6b9ca945e5.jpg,frog_eye_leaf_spot,0,0,1,0,0,0
f525c234c71b349d.jpg,scab frog_eye_leaf_spot,0,1,1,0,0,0
ba29d0fb91d0358d.jpg,healthy,1,0,0,0,0,0
858b20fbb3333b32.jpg,scab,0,1,0,0,0,0
f48fc2ac96465a65.jpg,healthy,1,0,0,0,0,0
bee695369c810b93.jpg,frog_eye_leaf_spot,0,0,1,0,0,0
9fc2d6662e3e3c10.jpg,scab,0,1,0,0,0,0
c24327b37513f493.jpg,frog_eye_leaf_spot,0,0,1,0,0,0
a5b5926b47a46e32.jpg,scab frog_eye_leaf_spot,0,1,1,0,0,0
c285d82f2ab65ada.jpg,healthy,1,0,0,0,0,0
f6eececc241419d1.jpg,powdery_mildew,0,0,0,0,1,0
afd684083567cb36.jpg,powdery_mildew,0,0,0,0,1,0
c51a77312e5634b6.jpg,complex,0,0,0,0,0,1
b48cd279e13ad0bc.jpg,scab,0,1,0,0,0,0
f06c03c96398f6b9.jpg,scab,0,1,0,0,0,0
ae7a52cc3cc3241f.jpg,healthy,1,0,0,0,0,0
ebaedb4088c13477.jpg,healthy,1,0,0,0,0,0
bfa02e61c0ec1f2e.jpg,powdery_mildew,0,0,0,0,1,0
90693d3fa578d04d.jpg,powdery_mildew,0,0,0,0,1,0
a58f8e901971b2e7.jpg,healthy,1,0,0,0,0,0
baa308c56476d74b.jpg,scab,0,1,0,0,0,0
9e187517126d597a.jpg,rust,0,0,0,1,0,0
e1a9c197eb8a545c.jpg,rust,0,0,0,1,0,0
8bfa9601c837a9bc.jpg,frog_eye_leaf_spot,0,0,1,0,0,0
e761b89e928a4fc8.jpg,healthy,1,0,0,0,0,0
a680161d5b3f333d.jpg,scab,0,1,0,0,0,0
b4bd8f0960f0f0f8.jpg,healthy,1,0,0,0,0,0
e9d60ce0dcef450a.jpg,scab,0,1,0,0,0,0
bbd080e930cef94b.jpg,rust,0,0,0,1,0,0
a0ab4fa09d1f0bf1.jpg,rust,0,0,0,1,0,0
ec27c83e03c602ff.jpg,scab,0,1,0,0,0,0
d7e52ca23ac0b8cd.jpg,frog_eye_leaf_spot,0,0,1,0,0,0
9ef144c9da1a616d.jpg,healthy,1,0,0,0,0,0
a52e958588da3b3d.jpg,complex,0,0,0,0,0,1
e8aff80715332ae1.jpg,scab,0,1,0,0,0,0
f01bc1e83dc700fe.jpg,scab,0,1,0,0,0,0
86e1b785c79b1f04.jpg,scab,0,1,0,0,0,0
be20f56885f547b0.jpg,scab,0,1,0,0,0,0
afae2ad16a21b1b1.jpg,scab,0,1,0,0,0,0
de7f628fc5400a72.jpg,scab,0,1,0,0,0,0
c3b8259eb27e8a86.jpg,healthy,1,0,0,0,0,0
f47ed2a14ac36998.jpg,frog_eye_leaf_spot,0,0,1,0,0,0
b4b5d2348b529b0f.jpg,frog_eye_leaf_spot,0,0,1,0,0,0
a7b0921acf317ce1.jpg,complex,0,0,0,0,0,1
da8aa6a38b32a63d.jpg,frog_eye_leaf_spot,0,0,1,0,0,0
8e8470687be37378.jpg,healthy,1,0,0,0,0,0
afe985385630ae6a.jpg,scab frog_eye_leaf_spot,0,1,1,0,0,0
8ea704c6dd9e1cd8.jpg,scab,0,1,0,0,0,0
a4d55a89d25a1d7a.jpg,scab frog_eye_leaf_spot,0,1,1,0,0,0
c5e571092139f1f3.jpg,scab,0,1,0,0,0,0
ee2fa0bf8550d582.jpg,healthy,1,0,0,0,0,0
e7ba97c10ada618c.jpg,healthy,1,0,0,0,0,0
f4fcc34f4a074aa4.jpg,healthy,1,0,0,0,0,0
d934622b27d5db48.jpg,powdery_mildew,0,0,0,0,1,0
d099821f3ee54cda.jpg,powdery_mildew,0,0,0,0,1,0
a8ebe72602c3ca4f.jpg,frog_eye_leaf_spot,0,0,1,0,0,0
ac03cff3708c7b0c.jpg,healthy,1,0,0,0,0,0
b398686736974a0f.jpg,rust,0,0,0,1,0,0
fe09c996ad4f4624.jpg,healthy,1,0,0,0,0,0
8abadec8f8c944f0.jpg,scab,0,1,0,0,0,0
d0273ce0acbc9f52.jpg,scab,0,1,0,0,0,0
9c309a8b35313abf.jpg,rust,0,0,0,1,0,0
d2bf3b8d27416c50.jpg,scab,0,1,0,0,0,0
ef88c69fce823cc0.jpg,scab,0,1,0,0,0,0
e0fad8ff45646406.jpg,healthy,1,0,0,0,0,0
ff65d03a845167c1.jpg,powdery_mildew,0,0,0,0,1,0
f5ab17d41803863f.jpg,scab,0,1,0,0,0,0
f403cb7e3c3589c1.jpg,scab,0,1,0,0,0,0
a96294bfd89eac0a.jpg,healthy,1,0,0,0,0,0
8ee286b918b5b9c6.jpg,scab,0,1,0,0,0,0
fe5cd40c8a00deaf.jpg,rust,0,0,0,1,0,0
a02dcfdab0b46745.jpg,scab frog_eye_leaf_spot complex,0,1,1,0,0,1
8cace85a5555acbc.jpg,healthy,1,0,0,0,0,0
e8df04865c3aad95.jpg,healthy,1,0,0,0,0,0
a6b38643c66b360f.jpg,frog_eye_leaf_spot,0,0,1,0,0,0
b483da0b8d7476b4.jpg,scab,0,1,0,0,0,0
d02f7abc20d21b73.jpg,rust,0,0,0,1,0,0
849aef6643cd3668.jpg,powdery_mildew,0,0,0,0,1,0
d2da5a85633a87b1.jpg,rust complex,0,0,0,1,0,1
e8ad464d3b96c51c.jpg,scab,0,1,0,0,0,0
84329a65b5ee78f0.jpg,rust,0,0,0,1,0,0
91ab6ae12db59156.jpg,healthy,1,0,0,0,0,0
b0a486d6d05ec93f.jpg,healthy,1,0,0,0,0,0
d46e799638e869a8.jpg,scab,0,1,0,0,0,0
c8cc6d2701337bb3.jpg,scab,0,1,0,0,0,0
9be41b823d13e3c6.jpg,healthy,1,0,0,0,0,0
d5fe2b4b6485308e.jpg,scab,0,1,0,0,0,0
b1a743f74a425f42.jpg,frog_eye_leaf_spot,0,0,1,0,0,0
b4c5f8e43718633a.jpg,scab,0,1,0,0,0,0
92cdca92ad922cfa.jpg,scab,0,1,0,0,0,0
b45e91cf9fb42111.jpg,powdery_mildew,0,0,0,0,1,0
f06bc12e7e809c8f.jpg,scab frog_eye_leaf_spot,0,1,1,0,0,0
a3a9f195cf8a8d14.jpg,frog_eye_leaf_spot,0,0,1,0,0,0
8a39f159f554aac8.jpg,scab,0,1,0,0,0,0
b6f4a0bce8912cd9.jpg,scab,0,1,0,0,0,0
880727c00f7d377e.jpg,powdery_mildew,0,0,0,0,1,0
cda838bf810ae9e9.jpg,scab,0,1,0,0,0,0
a499364749bd91ae.jpg,powdery_mildew,0,0,0,0,1,0
bf94d4ab3466c294.jpg,rust,0,0,0,1,0,0
f52ad73c4a5b11a4.jpg,frog_eye_leaf_spot,0,0,1,0,0,0
bdd5c49c3c644c2d.jpg,frog_eye_leaf_spot,0,0,1,0,0,0
b9bf337cd22281c2.jpg,frog_eye_leaf_spot,0,0,1,0,0,0
cd9d6464786e254b.jpg,frog_eye_leaf_spot,0,0,1,0,0,0
adecc8c68c55d855.jpg,rust,0,0,0,1,0,0
b3b4e283e0278d76.jpg,rust,0,0,0,1,0,0
ca94e990b5d2a6ea.jpg,healthy,1,0,0,0,0,0
98f4000fff7b8313.jpg,rust,0,0,0,1,0,0
bfc002ff819f4b09.jpg,scab,0,1,0,0,0,0
c06c7a60b360b77e.jpg,healthy,1,0,0,0,0,0
e9f6c20d32358b74.jpg,healthy,1,0,0,0,0,0
fcd5c081c48fbde0.jpg,rust,0,0,0,1,0,0
a04a7269a7d78793.jpg,healthy,1,0,0,0,0,0
b5e9d286da244567.jpg,complex,0,0,0,0,0,1
dee0c0f3d80ef11c.jpg,frog_eye_leaf_spot,0,0,1,0,0,0
95db69a5719a3918.jpg,scab,0,1,0,0,0,0
a6d2d2bada81aaa5.jpg,healthy,1,0,0,0,0,0
87b091f8dccec0ce.jpg,scab,0,1,0,0,0,0
e02b80b5cfc29e4f.jpg,frog_eye_leaf_spot,0,0,1,0,0,0
fec4810ed43cf4e4.jpg,scab,0,1,0,0,0,0
e12ac2685d3d6357.jpg,healthy,1,0,0,0,0,0
e09cd5e0af874aca.jpg,scab,0,1,0,0,0,0
b585cb571c5a728a.jpg,healthy,1,0,0,0,0,0
bca748ce908a7f49.jpg,scab,0,1,0,0,0,0
a92fe16ec18f51d0.jpg,healthy,1,0,0,0,0,0
e19d92f94908e1db.jpg,scab,0,1,0,0,0,0
e28e3df0a91d153a.jpg,healthy,1,0,0,0,0,0
c5600c7f3d5b9a94.jpg,complex,0,0,0,0,0,1
f432afbd96b013c0.jpg,rust,0,0,0,1,0,0
f9a2835a3ae36266.jpg,healthy,1,0,0,0,0,0
f59190526b646797.jpg,frog_eye_leaf_spot,0,0,1,0,0,0
fcabce515e21ba40.jpg,healthy,1,0,0,0,0,0
f289c39d38a11bce.jpg,complex,0,0,0,0,0,1
b9a3c4884db911bf.jpg,frog_eye_leaf_spot,0,0,1,0,0,0
e884d4f13133cece.jpg,frog_eye_leaf_spot,0,0,1,0,0,0
d4c8bec5608d24df.jpg,healthy,1,0,0,0,0,0
b6c1cf3c70726a4a.jpg,rust,0,0,0,1,0,0
9f9c01be504ab8e7.jpg,scab,0,1,0,0,0,0
c04bb370935d9b69.jpg,frog_eye_leaf_spot,0,0,1,0,0,0
956a94bcb8d1c69a.jpg,scab,0,1,0,0,0,0
82157fc7bc832cca.jpg,frog_eye_leaf_spot,0,0,1,0,0,0
a1a5f290d28fc3ab.jpg,frog_eye_leaf_spot,0,0,1,0,0,0
d537d83d16295781.jpg,scab,0,1,0,0,0,0
803f899768b5b789.jpg,rust,0,0,0,1,0,0
cf97f98898a98331.jpg,frog_eye_leaf_spot,0,0,1,0,0,0
ef8fca3c8200c0ff.jpg,complex,0,0,0,0,0,1
964f73349852e569.jpg,complex,0,0,0,0,0,1
e98bc3aa3034b8fa.jpg,scab,0,1,0,0,0,0
a94bec916a905b6d.jpg,rust,0,0,0,1,0,0
ed9ece0ece85082b.jpg,scab,0,1,0,0,0,0
cda27e91867ac0f8.jpg,scab,0,1,0,0,0,0
e855d0a2eea447b6.jpg,frog_eye_leaf_spot,0,0,1,0,0,0
97cb96ead0c481f4.jpg,scab frog_eye_leaf_spot,0,1,1,0,0,0
e1e21c0c2f0f5f1b.jpg,frog_eye_leaf_spot,0,0,1,0,0,0
fed994c7b6061522.jpg,scab,0,1,0,0,0,0
ad65b56714849da5.jpg,rust,0,0,0,1,0,0
e9c8d93581f7b405.jpg,rust,0,0,0,1,0,0
b6c436f21f6804f9.jpg,healthy,1,0,0,0,0,0
a0aa17b6f95a630d.jpg,healthy,1,0,0,0,0,0
cfbe36936a27030a.jpg,frog_eye_leaf_spot,0,0,1,0,0,0
acc49c8b5c6d44b7.jpg,scab,0,1,0,0,0,0
da8770e819d2696d.jpg,scab,0,1,0,0,0,0
9e86de42723231bd.jpg,rust,0,0,0,1,0,0
e65895a55ae12a75.jpg,complex,0,0,0,0,0,1
aaeac6c1cdab0a9a.jpg,complex,0,0,0,0,0,1
c08fd16dbac130af.jpg,powdery_mildew,0,0,0,0,1,0
aaf08594ded6ca86.jpg,rust,0,0,0,1,0,0
8a695cd7e4533513.jpg,healthy,1,0,0,0,0,0
bda092cf01775f28.jpg,scab,0,1,0,0,0,0
a650c509377f72a6.jpg,frog_eye_leaf_spot,0,0,1,0,0,0
dc75921d9bcb1c0a.jpg,scab,0,1,0,0,0,0
de23c5b90811beab.jpg,scab,0,1,0,0,0,0
c2f2beed3a8e40e0.jpg,complex,0,0,0,0,0,1
e9c999c9a8abb5a0.jpg,frog_eye_leaf_spot,0,0,1,0,0,0
94859487ade41afb.jpg,scab,0,1,0,0,0,0
a04bde3e997baa08.jpg,frog_eye_leaf_spot complex,0,0,1,0,0,1
a490e28f9b72656d.jpg,complex,0,0,0,0,0,1
b536d4e1caca47c4.jpg,powdery_mildew,0,0,0,0,1,0
e4b03f4f1d45d612.jpg,frog_eye_leaf_spot complex,0,0,1,0,0,1
b6305e447728e379.jpg,rust,0,0,0,1,0,0
f4fd6f4e0cc24407.jpg,frog_eye_leaf_spot,0,0,1,0,0,0
d846939cc86af475.jpg,complex,0,0,0,0,0,1
a082cbfccd78366a.jpg,complex,0,0,0,0,0,1
cc1e616693ec3f82.jpg,complex,0,0,0,0,0,1
ad2195f0cb40fc3b.jpg,scab,0,1,0,0,0,0
e3a027abe04b1f4e.jpg,healthy,1,0,0,0,0,0
f10f8cb24c99c3d9.jpg,scab frog_eye_leaf_spot,0,1,1,0,0,0
8193ea38ede4e586.jpg,scab frog_eye_leaf_spot,0,1,1,0,0,0
c28d7a2f91403fd9.jpg,rust complex,0,0,0,1,0,1
e073ec5c1c051f1f.jpg,healthy,1,0,0,0,0,0
8c6e3d86f81e111f.jpg,rust,0,0,0,1,0,0
b8a24c1fe4398cf6.jpg,rust,0,0,0,1,0,0
9ae2d58b6cee05a2.jpg,scab,0,1,0,0,0,0
aafaf75184038567.jpg,rust,0,0,0,1,0,0
dcb23699c30e2b1e.jpg,scab,0,1,0,0,0,0
de288798942d29fe.jpg,scab frog_eye_leaf_spot complex,0,1,1,0,0,1
b5b4f0f0c28027fb.jpg,frog_eye_leaf_spot,0,0,1,0,0,0
e3e5d32468334fc8.jpg,scab,0,1,0,0,0,0
f0bfc210c2f3acd1.jpg,complex,0,0,0,0,0,1
94b13bcb218c66f6.jpg,scab,0,1,0,0,0,0
ede08a35b543b1aa.jpg,scab,0,1,0,0,0,0
9ba127c75e1e8398.jpg,frog_eye_leaf_spot,0,0,1,0,0,0
cfb97653558381d0.jpg,healthy,1,0,0,0,0,0
aba803af1fbca832.jpg,healthy,1,0,0,0,0,0
c130dc7e1fca307a.jpg,healthy,1,0,0,0,0,0
a01692bb4f4d1dec.jpg,frog_eye_leaf_spot,0,0,1,0,0,0
eab395172e3c68e0.jpg,scab frog_eye_leaf_spot complex,0,1,1,0,0,1
bff6b15ac248ab02.jpg,scab,0,1,0,0,0,0
de1cda2ec91ca41e.jpg,complex,0,0,0,0,0,1
8eea38f671078695.jpg,complex,0,0,0,0,0,1
89287577168fe721.jpg,healthy,1,0,0,0,0,0
c43f87309fe77802.jpg,frog_eye_leaf_spot,0,0,1,0,0,0
e4c1f5cd983c9269.jpg,frog_eye_leaf_spot,0,0,1,0,0,0
91803d6d7aaa627e.jpg,healthy,1,0,0,0,0,0
e0cd4b382df53474.jpg,scab,0,1,0,0,0,0
94a0c0e703eeaf37.jpg,scab frog_eye_leaf_spot,0,1,1,0,0,0
c9ad6e343217f1a2.jpg,scab frog_eye_leaf_spot complex,0,1,1,0,0,1
c388333f050f1cfb.jpg,healthy,1,0,0,0,0,0
fff094a1d85289a5.jpg,powdery_mildew complex,0,0,0,0,1,1
e850924eb9e720ef.jpg,frog_eye_leaf_spot,0,0,1,0,0,0
ddea65f621132a51.jpg,healthy,1,0,0,0,0,0
f5b596079c6240eb.jpg,complex,0,0,0,0,0,1
c3c070c6ada6f715.jpg,scab,0,1,0,0,0,0
afb227171c565558.jpg,scab,0,1,0,0,0,0
ff81e70d86ee2460.jpg,scab,0,1,0,0,0,0
b286a56d493873d5.jpg,powdery_mildew,0,0,0,0,1,0
ddd8c0f988653f03.jpg,healthy,1,0,0,0,0,0
deb90397d308caa3.jpg,frog_eye_leaf_spot,0,0,1,0,0,0
a5c08583969b7af9.jpg,complex,0,0,0,0,0,1
da04f131e63b933a.jpg,powdery_mildew,0,0,0,0,1,0
f6e501f5b0975423.jpg,rust,0,0,0,1,0,0
efe0202fa3c23ad3.jpg,healthy,1,0,0,0,0,0
c9ab7990a048fe6e.jpg,scab,0,1,0,0,0,0
ffabc1a0188f3531.jpg,healthy,1,0,0,0,0,0
ff9f8050aa362e43.jpg,scab,0,1,0,0,0,0
80bf21a07dfcf047.jpg,frog_eye_leaf_spot,0,0,1,0,0,0
add51530e6e2ee12.jpg,rust,0,0,0,1,0,0
fb8b8d2c841acb69.jpg,frog_eye_leaf_spot,0,0,1,0,0,0
bc7388f2070f7236.jpg,complex,0,0,0,0,0,1
995e63329a5a4e56.jpg,healthy,1,0,0,0,0,0
d7fd10fb8365d080.jpg,healthy,1,0,0,0,0,0
c4f8dc6ad40fca07.jpg,rust,0,0,0,1,0,0
c8297ba99f098bcc.jpg,healthy,1,0,0,0,0,0
fda19ee020b6b652.jpg,frog_eye_leaf_spot,0,0,1,0,0,0
81405ffffafcc020.jpg,scab,0,1,0,0,0,0
841435249ddb7377.jpg,powdery_mildew,0,0,0,0,1,0
c858cc884f6f3675.jpg,healthy,1,0,0,0,0,0
a50ad20b9ab93d75.jpg,rust frog_eye_leaf_spot,0,0,1,1,0,0
95b5b504d84eeb0e.jpg,frog_eye_leaf_spot,0,0,1,0,0,0
955b9ac5cc86949b.jpg,scab frog_eye_leaf_spot complex,0,1,1,0,0,1
f7d16829c4b68be0.jpg,healthy,1,0,0,0,0,0
e1f0202edf1a4b79.jpg,healthy,1,0,0,0,0,0
897c3c3b82e174b9.jpg,scab,0,1,0,0,0,0
b8708635c951e55f.jpg,complex,0,0,0,0,0,1
f8a2171e4f1f0d83.jpg,healthy,1,0,0,0,0,0
c1b63f3a0da84657.jpg,scab frog_eye_leaf_spot complex,0,1,1,0,0,1
cb5f3b6099dc1423.jpg,scab,0,1,0,0,0,0
a857f057f08ade81.jpg,healthy,1,0,0,0,0,0
96abab3ab9561514.jpg,rust,0,0,0,1,0,0
95c685566ab21f59.jpg,healthy,1,0,0,0,0,0
cd24bffc080b76c1.jpg,frog_eye_leaf_spot,0,0,1,0,0,0
e08387c44f6f28f6.jpg,healthy,1,0,0,0,0,0
c7c3877e8c449f90.jpg,rust,0,0,0,1,0,0
e08a8dc0efa6b267.jpg,healthy,1,0,0,0,0,0
a183f6c95bf880b9.jpg,frog_eye_leaf_spot,0,0,1,0,0,0
80070f7fb5e2ccaa.jpg,scab,0,1,0,0,0,0
a9f465ce356e5290.jpg,rust,0,0,0,1,0,0
e47492f4aacb603d.jpg,healthy,1,0,0,0,0,0
f4fa81984f817c2d.jpg,scab,0,1,0,0,0,0
e3a4b7b5bb484309.jpg,scab,0,1,0,0,0,0
bdd0901b0b73a5ec.jpg,rust,0,0,0,1,0,0
e5bc849c0bced0d3.jpg,complex,0,0,0,0,0,1
bcfceb5f4b881041.jpg,frog_eye_leaf_spot,0,0,1,0,0,0
b5a4b6b48b528ada.jpg,frog_eye_leaf_spot,0,0,1,0,0,0
a89d3ee68877d700.jpg,scab,0,1,0,0,0,0
c2ac827a58cfd175.jpg,scab,0,1,0,0,0,0
aaad95e41fed0650.jpg,frog_eye_leaf_spot,0,0,1,0,0,0
9265699e34ce914f.jpg,scab frog_eye_leaf_spot,0,1,1,0,0,0
f899d8a713346b1a.jpg,rust,0,0,0,1,0,0
8aad6dcbada40e1c.jpg,complex,0,0,0,0,0,1
a5930e8d9e521d6b.jpg,powdery_mildew,0,0,0,0,1,0
b615c279c7311cab.jpg,scab,0,1,0,0,0,0
94c23d39d1e5e836.jpg,frog_eye_leaf_spot,0,0,1,0,0,0
95bc9f8946d14cc6.jpg,healthy,1,0,0,0,0,0
ea8e28cc62719fe2.jpg,healthy,1,0,0,0,0,0
c03c1fc07b9f360b.jpg,frog_eye_leaf_spot,0,0,1,0,0,0
bcec42c1594d2b6b.jpg,scab frog_eye_leaf_spot,0,1,1,0,0,0
c78f5c1928de08fc.jpg,frog_eye_leaf_spot,0,0,1,0,0,0
cf7e6070c74795a0.jpg,healthy,1,0,0,0,0,0
e9ca94f4dcb4d806.jpg,frog_eye_leaf_spot,0,0,1,0,0,0
afcbd7a1c090d89a.jpg,healthy,1,0,0,0,0,0
889d20d7f87e10fc.jpg,scab,0,1,0,0,0,0
f5a5c3541d282d3d.jpg,rust,0,0,0,1,0,0
8bd177f52858815d.jpg,scab,0,1,0,0,0,0
b53ff23ac310c525.jpg,scab frog_eye_leaf_spot,0,1,1,0,0,0
f3249c3b0e892b8f.jpg,rust,0,0,0,1,0,0
e007a597831d5e3d.jpg,complex,0,0,0,0,0,1
a7f642858e4ada47.jpg,scab,0,1,0,0,0,0
e92f3d3ae18894d4.jpg,healthy,1,0,0,0,0,0
a263f418785f09f6.jpg,rust,0,0,0,1,0,0
e60b8ed801dc23ef.jpg,healthy,1,0,0,0,0,0
cb99c188efc035e9.jpg,healthy,1,0,0,0,0,0
bab6903fc1b28b61.jpg,scab,0,1,0,0,0,0
a8bd7e787080ed85.jpg,frog_eye_leaf_spot,0,0,1,0,0,0
a3658a948953d65f.jpg,healthy,1,0,0,0,0,0
a1bcd0c28ba78bc7.jpg,complex,0,0,0,0,0,1
90f3c04f4d6ebc98.jpg,rust,0,0,0,1,0,0
f161a75a4a952d0f.jpg,complex,0,0,0,0,0,1
94da5ebd8646506b.jpg,rust,0,0,0,1,0,0
d8f89f83075d2626.jpg,frog_eye_leaf_spot,0,0,1,0,0,0
f3b19b71a064687c.jpg,rust,0,0,0,1,0,0
a07995d4ded82d0e.jpg,frog_eye_leaf_spot,0,0,1,0,0,0
bffcc27090c693c4.jpg,rust,0,0,0,1,0,0
aaadd580de47ad0a.jpg,healthy,1,0,0,0,0,0
87f41ada746b2b05.jpg,scab frog_eye_leaf_spot,0,1,1,0,0,0
c1e3f343646c1f58.jpg,scab,0,1,0,0,0,0
e3afc7600a2b0aeb.jpg,healthy,1,0,0,0,0,0
f303a1f09d5fc5a0.jpg,rust,0,0,0,1,0,0
f59f5995d2898948.jpg,healthy,1,0,0,0,0,0
f4e1d31f81253d8c.jpg,frog_eye_leaf_spot,0,0,1,0,0,0
b090e776d625d427.jpg,complex,0,0,0,0,0,1
e5b8c75501e729c6.jpg,frog_eye_leaf_spot,0,0,1,0,0,0
c0f035c0df956373.jpg,scab,0,1,0,0,0,0
da2a0b820bcf759d.jpg,healthy,1,0,0,0,0,0
8e4c2456576bb52b.jpg,powdery_mildew,0,0,0,0,1,0
d6f8848fb30bce12.jpg,healthy,1,0,0,0,0,0
e85e3483b79549cc.jpg,scab,0,1,0,0,0,0
f96bcdc462c4e341.jpg,powdery_mildew,0,0,0,0,1,0
d034b416d6373f29.jpg,healthy,1,0,0,0,0,0
f40bdac147a23379.jpg,rust,0,0,0,1,0,0
e4c956562e34e1cb.jpg,scab frog_eye_leaf_spot,0,1,1,0,0,0
e79dd7bac8c2082c.jpg,scab,0,1,0,0,0,0
f790e827669a989c.jpg,frog_eye_leaf_spot,0,0,1,0,0,0
b9482096ce7cf69a.jpg,scab,0,1,0,0,0,0
81e73b75d30306e9.jpg,frog_eye_leaf_spot,0,0,1,0,0,0
a8ab97d0cf01ce35.jpg,healthy,1,0,0,0,0,0
b58a89149eb0d779.jpg,scab,0,1,0,0,0,0
ab7f92a8cdd02c8c.jpg,frog_eye_leaf_spot,0,0,1,0,0,0
e850cf117da33c8d.jpg,healthy,1,0,0,0,0,0
e7dc4fa825607a85.jpg,scab,0,1,0,0,0,0
f4f281c06b83536f.jpg,scab,0,1,0,0,0,0
fcc29a2fcc761892.jpg,healthy,1,0,0,0,0,0
c09ff01acbfd0ba0.jpg,scab,0,1,0,0,0,0
94d17345892ed1d7.jpg,powdery_mildew,0,0,0,0,1,0
fff11a16638e2514.jpg,powdery_mildew,0,0,0,0,1,0
d38385cfb498235b.jpg,frog_eye_leaf_spot,0,0,1,0,0,0
eb9ac0d3d1ab30c9.jpg,healthy,1,0,0,0,0,0
d4a96a051ba46d5f.jpg,powdery_mildew,0,0,0,0,1,0
ba92d03b891dda69.jpg,scab,0,1,0,0,0,0
fb06c19485507c7f.jpg,scab frog_eye_leaf_spot,0,1,1,0,0,0
8bc2979962db6549.jpg,healthy,1,0,0,0,0,0
d09bc3f08f846e99.jpg,healthy,1,0,0,0,0,0
e9bae0c83285356f.jpg,healthy,1,0,0,0,0,0
e287f603b5a101fd.jpg,healthy,1,0,0,0,0,0
8687c6bca99a35d1.jpg,frog_eye_leaf_spot,0,0,1,0,0,0
b2999b69da846d98.jpg,healthy,1,0,0,0,0,0
deece3b039686245.jpg,complex,0,0,0,0,0,1
ec97a9cb3d8b8112.jpg,frog_eye_leaf_spot,0,0,1,0,0,0
c4f46ee06dc6c29c.jpg,powdery_mildew,0,0,0,0,1,0
b0f0be7f17a5408a.jpg,powdery_mildew,0,0,0,0,1,0
e2b49596ceb9c14a.jpg,frog_eye_leaf_spot,0,0,1,0,0,0
e8d7cd908993f2a1.jpg,scab,0,1,0,0,0,0
94325f9125bb52b6.jpg,healthy,1,0,0,0,0,0
f4430bf49c0f0ef8.jpg,scab,0,1,0,0,0,0
c0dd7ac9944d62b5.jpg,rust,0,0,0,1,0,0
a1c2d09c7d387d65.jpg,healthy,1,0,0,0,0,0
9c3774083b47d8e3.jpg,scab,0,1,0,0,0,0
d89f9971a649c6c8.jpg,scab,0,1,0,0,0,0
dca4487f178d15f0.jpg,scab,0,1,0,0,0,0
8df767cb72448990.jpg,scab,0,1,0,0,0,0
a99dc9166e12b479.jpg,healthy,1,0,0,0,0,0
873407b3fe462935.jpg,rust,0,0,0,1,0,0
a23fa42b9e95d894.jpg,healthy,1,0,0,0,0,0
acdcd4f2dae28930.jpg,healthy,1,0,0,0,0,0
838397476a6b323d.jpg,rust,0,0,0,1,0,0
cccb15a3875c393a.jpg,rust,0,0,0,1,0,0
d89062fbf4452a9e.jpg,rust,0,0,0,1,0,0
e083471e9e9893b7.jpg,healthy,1,0,0,0,0,0
db10638d7266635d.jpg,frog_eye_leaf_spot,0,0,1,0,0,0
ca62f80f2f42dcf0.jpg,frog_eye_leaf_spot,0,0,1,0,0,0
ae7e82e8d2415dca.jpg,healthy,1,0,0,0,0,0
f3be87f18047382c.jpg,frog_eye_leaf_spot,0,0,1,0,0,0
e85ce5e91595f510.jpg,scab,0,1,0,0,0,0
be02b556a855ca6d.jpg,powdery_mildew,0,0,0,0,1,0
bc974520a691df2d.jpg,healthy,1,0,0,0,0,0
c3877ad5e0c0e44f.jpg,complex,0,0,0,0,0,1
ca7335da2c104adf.jpg,frog_eye_leaf_spot,0,0,1,0,0,0
d2aa52d331432b77.jpg,healthy,1,0,0,0,0,0
aac6deb45870616b.jpg,scab,0,1,0,0,0,0
f6aad316c8298575.jpg,scab frog_eye_leaf_spot,0,1,1,0,0,0
a5d265aae9b64836.jpg,frog_eye_leaf_spot,0,0,1,0,0,0
e8b095a93a1d33ce.jpg,scab frog_eye_leaf_spot,0,1,1,0,0,0
95eada96b43a6017.jpg,scab,0,1,0,0,0,0
ce0e617c24d3cd2b.jpg,rust,0,0,0,1,0,0
febcb08c02a3179b.jpg,scab,0,1,0,0,0,0
c1e792921b613fa5.jpg,scab,0,1,0,0,0,0
d0abd5950ee8545e.jpg,healthy,1,0,0,0,0,0
fff8e3b8c1d88300.jpg,healthy,1,0,0,0,0,0
b4c8d092c17b477b.jpg,frog_eye_leaf_spot,0,0,1,0,0,0
c1c84f379c17aa93.jpg,scab,0,1,0,0,0,0
e8b8a49085dd7ed8.jpg,rust frog_eye_leaf_spot,0,0,1,1,0,0
9549bad02dda4e69.jpg,scab,0,1,0,0,0,0
c81fc31ff98138c9.jpg,scab,0,1,0,0,0,0
dfdf8881d4e0e416.jpg,scab,0,1,0,0,0,0
e9819f0bab01e95e.jpg,powdery_mildew,0,0,0,0,1,0
c5f93d81389530de.jpg,frog_eye_leaf_spot,0,0,1,0,0,0
cbc7f466d895c304.jpg,powdery_mildew,0,0,0,0,1,0
a1d196b94b8f6d60.jpg,healthy,1,0,0,0,0,0
9dc171ee311f3a09.jpg,frog_eye_leaf_spot,0,0,1,0,0,0
c99b5c46303633db.jpg,healthy,1,0,0,0,0,0
b4e6ccdd2e0921ad.jpg,healthy,1,0,0,0,0,0
b162da288b73e58b.jpg,frog_eye_leaf_spot,0,0,1,0,0,0
a7b2da2f66b04866.jpg,complex,0,0,0,0,0,1
d4df2f93901b1f20.jpg,scab,0,1,0,0,0,0
d4e59ec145970f1a.jpg,healthy,1,0,0,0,0,0
8b9d367469c27d28.jpg,frog_eye_leaf_spot,0,0,1,0,0,0
c126e25eb08f48ef.jpg,frog_eye_leaf_spot,0,0,1,0,0,0
95c71dc0cffa050e.jpg,complex,0,0,0,0,0,1
adbc373ed8c73004.jpg,healthy,1,0,0,0,0,0
e1a64386c9d6295f.jpg,complex,0,0,0,0,0,1
d023c15f9eb8e1a9.jpg,complex,0,0,0,0,0,1
a8a581a3da37cf23.jpg,scab,0,1,0,0,0,0
ea5ba53a9a134c27.jpg,frog_eye_leaf_spot,0,0,1,0,0,0
c0bb3b5b0fc600de.jpg,complex,0,0,0,0,0,1
9b718db9041ce36e.jpg,healthy,1,0,0,0,0,0
c1804d3e1f4eb64f.jpg,complex,0,0,0,0,0,1
aaf45b4d5165ac58.jpg,complex,0,0,0,0,0,1
d6f23b1b99896161.jpg,rust,0,0,0,1,0,0
dd83061ca1775e8e.jpg,powdery_mildew,0,0,0,0,1,0
9569383f433a6f41.jpg,rust frog_eye_leaf_spot,0,0,1,1,0,0
eb6247d4858f18d6.jpg,scab,0,1,0,0,0,0
c2f5cea0b18bccc9.jpg,complex,0,0,0,0,0,1
ad9cda9cc8ad8a26.jpg,healthy,1,0,0,0,0,0
e298c74765261d9d.jpg,scab frog_eye_leaf_spot complex,0,1,1,0,0,1
8791c68b1e4f2f16.jpg,scab,0,1,0,0,0,0
83753b8a299f4794.jpg,scab,0,1,0,0,0,0
c3a29a7b982895cf.jpg,frog_eye_leaf_spot,0,0,1,0,0,0
c0bdd62dbf80dc42.jpg,frog_eye_leaf_spot,0,0,1,0,0,0
a92ad0f581f221df.jpg,healthy,1,0,0,0,0,0
fc8b609593385e33.jpg,frog_eye_leaf_spot,0,0,1,0,0,0
fa5a221f9d6e2941.jpg,powdery_mildew,0,0,0,0,1,0
bccb9208883b6f3b.jpg,healthy,1,0,0,0,0,0
adc7b441421d9c7e.jpg,rust,0,0,0,1,0,0
9a6328ee7ae70c1c.jpg,scab frog_eye_leaf_spot,0,1,1,0,0,0
8158a7b8c3b16a77.jpg,powdery_mildew,0,0,0,0,1,0
c9c9a42b9ae5e25c.jpg,healthy,1,0,0,0,0,0
ce469d3c40997ccb.jpg,healthy,1,0,0,0,0,0
f1b46387b86ad0e4.jpg,complex,0,0,0,0,0,1
edb48787424f92e1.jpg,frog_eye_leaf_spot,0,0,1,0,0,0
fd27bade43308f00.jpg,rust,0,0,0,1,0,0
95c1c8caf7a7710c.jpg,powdery_mildew complex,0,0,0,0,1,1
9f99256166c89dd1.jpg,scab,0,1,0,0,0,0
e08ac3bf87f08655.jpg,healthy,1,0,0,0,0,0
f1dbaf25507a2541.jpg,healthy,1,0,0,0,0,0
b5e4da068d17d417.jpg,scab,0,1,0,0,0,0
b47a9ab4222376b5.jpg,frog_eye_leaf_spot,0,0,1,0,0,0
859d3ac6e0bc4fa1.jpg,healthy,1,0,0,0,0,0
b57cf3b488c20ccb.jpg,scab,0,1,0,0,0,0
ded57ce32063350a.jpg,complex,0,0,0,0,0,1
cbd63c87339a428d.jpg,rust,0,0,0,1,0,0
ebc0355b5541ccce.jpg,scab,0,1,0,0,0,0
8c7a63253ad82ece.jpg,scab,0,1,0,0,0,0
a8b097cad7eb89c0.jpg,frog_eye_leaf_spot,0,0,1,0,0,0
d9a336b35e632521.jpg,powdery_mildew,0,0,0,0,1,0
e19791d01e683d3d.jpg,scab,0,1,0,0,0,0
8db8965acacfca0c.jpg,scab,0,1,0,0,0,0
d7756a439e4dd048.jpg,healthy,1,0,0,0,0,0
d03fe072c99b26cc.jpg,complex,0,0,0,0,0,1
f41787a50fe27630.jpg,complex,0,0,0,0,0,1
db838bc1d8432be3.jpg,complex,0,0,0,0,0,1
faead67640c0868f.jpg,scab,0,1,0,0,0,0
a7d2966f9521da30.jpg,frog_eye_leaf_spot,0,0,1,0,0,0
e2fa92d7d8d04c4a.jpg,scab,0,1,0,0,0,0
d70680ad17fc33f0.jpg,scab,0,1,0,0,0,0
85897ea7f064b26a.jpg,complex,0,0,0,0,0,1
a5b8b7b852b90d49.jpg,healthy,1,0,0,0,0,0
8935609715f7d28b.jpg,scab,0,1,0,0,0,0
d3a679d4654a870d.jpg,frog_eye_leaf_spot,0,0,1,0,0,0
aa7a2ef0e1e039e2.jpg,rust,0,0,0,1,0,0
8554353dd6961cb5.jpg,scab,0,1,0,0,0,0
a5d29ea15c2be463.jpg,scab,0,1,0,0,0,0
ad6990cd9994d8cb.jpg,scab,0,1,0,0,0,0
ccf9344ea31e992a.jpg,powdery_mildew,0,0,0,0,1,0
ac6902fd1f0f3ce0.jpg,healthy,1,0,0,0,0,0
eaabc28781959717.jpg,rust,0,0,0,1,0,0
984fa9ca5c25e64b.jpg,healthy,1,0,0,0,0,0
baebf0f58010cd93.jpg,complex,0,0,0,0,0,1
9545afa1952a6e96.jpg,healthy,1,0,0,0,0,0
efa9f410cb80e4b3.jpg,frog_eye_leaf_spot,0,0,1,0,0,0
f8c31a3d1871256f.jpg,scab,0,1,0,0,0,0
b53cb02b1ce694ec.jpg,healthy,1,0,0,0,0,0
a4b3d2c945976e31.jpg,scab frog_eye_leaf_spot complex,0,1,1,0,0,1
d88a80f08f7c7e6a.jpg,healthy,1,0,0,0,0,0
b2dac27a02799b4d.jpg,scab,0,1,0,0,0,0
a1ac3398e1cc87cf.jpg,complex,0,0,0,0,0,1
838183cd39b95b7a.jpg,scab,0,1,0,0,0,0
9e16f0cb615b33a4.jpg,frog_eye_leaf_spot,0,0,1,0,0,0
fbd5966a08b17832.jpg,complex,0,0,0,0,0,1
ab9691964db06cf1.jpg,healthy,1,0,0,0,0,0
cde3244bb5167b50.jpg,scab,0,1,0,0,0,0
cddb0dc46aa5b078.jpg,scab,0,1,0,0,0,0
fdb2d01083d0daf9.jpg,scab,0,1,0,0,0,0
d9141b2bf2ff0229.jpg,frog_eye_leaf_spot,0,0,1,0,0,0
97aaac8d23e74706.jpg,scab frog_eye_leaf_spot,0,1,1,0,0,0
bda9cad0cd4e6a24.jpg,scab,0,1,0,0,0,0
f4cba4a7294d6585.jpg,rust,0,0,0,1,0,0
aa4694deaf305587.jpg,healthy,1,0,0,0,0,0
a5f8c4c14e873ccb.jpg,healthy,1,0,0,0,0,0
a429d29769cf3a4c.jpg,healthy,1,0,0,0,0,0
f598dad04dc16c17.jpg,scab,0,1,0,0,0,0
e88aa5bcf6358a19.jpg,frog_eye_leaf_spot,0,0,1,0,0,0
8f8b2fd5a038d760.jpg,frog_eye_leaf_spot,0,0,1,0,0,0
e18fd86994e0f287.jpg,frog_eye_leaf_spot,0,0,1,0,0,0
cad871996e4b78a2.jpg,healthy,1,0,0,0,0,0
d9b283cd98b19d13.jpg,scab,0,1,0,0,0,0
9b9832ecbd60702f.jpg,powdery_mildew,0,0,0,0,1,0
d0fdf6e5d8a81501.jpg,healthy,1,0,0,0,0,0
bc4bccb746334919.jpg,frog_eye_leaf_spot,0,0,1,0,0,0
a08cd2cc9fd09ade.jpg,frog_eye_leaf_spot,0,0,1,0,0,0
b5a55292438277ed.jpg,healthy,1,0,0,0,0,0
fdcf04fa23b2a308.jpg,powdery_mildew,0,0,0,0,1,0
a38796d33c797310.jpg,powdery_mildew,0,0,0,0,1,0
decb693131273323.jpg,complex,0,0,0,0,0,1
c03afb8149b1d9ec.jpg,scab,0,1,0,0,0,0
b560d2de9f29609a.jpg,healthy,1,0,0,0,0,0
f1cdc0c6e7d044e5.jpg,frog_eye_leaf_spot,0,0,1,0,0,0
d2a781db29d33589.jpg,rust,0,0,0,1,0,0
8aa1674fda23c14f.jpg,healthy,1,0,0,0,0,0
9193d0a789233f3b.jpg,scab,0,1,0,0,0,0
b588d22dcb252f72.jpg,scab,0,1,0,0,0,0
ff93979c180b60c5.jpg,scab,0,1,0,0,0,0
fa92d2da9a24345e.jpg,healthy,1,0,0,0,0,0
88975a972c5cdea4.jpg,healthy,1,0,0,0,0,0
a1a4cbcc32d51b73.jpg,healthy,1,0,0,0,0,0
f0c8a0ccf9fda311.jpg,rust,0,0,0,1,0,0
c372309fce61de30.jpg,healthy,1,0,0,0,0,0
e87581c9c9a9cdc5.jpg,rust,0,0,0,1,0,0
a77c35e0f885c03b.jpg,complex,0,0,0,0,0,1
d091d0d019e37d3f.jpg,scab frog_eye_leaf_spot,0,1,1,0,0,0
a597d89149b16eac.jpg,scab,0,1,0,0,0,0
de9a27d790d09315.jpg,scab,0,1,0,0,0,0
e0969dca9b0da72a.jpg,healthy,1,0,0,0,0,0
ab1883bdd07f8278.jpg,scab,0,1,0,0,0,0
90fc3c90d72f05f4.jpg,scab,0,1,0,0,0,0
e787c35e0f0c34e8.jpg,frog_eye_leaf_spot,0,0,1,0,0,0
b1dfa38b1e0a29e8.jpg,healthy,1,0,0,0,0,0
e78610d4d04d7de9.jpg,scab,0,1,0,0,0,0
d4b9cbf09c3f8026.jpg,healthy,1,0,0,0,0,0
dd49395b9489663c.jpg,scab frog_eye_leaf_spot,0,1,1,0,0,0
875f956058cd7398.jpg,frog_eye_leaf_spot,0,0,1,0,0,0
e5bc83c5812661fd.jpg,scab,0,1,0,0,0,0
bf303c6261f69730.jpg,frog_eye_leaf_spot,0,0,1,0,0,0
fabb86521e27e184.jpg,complex,0,0,0,0,0,1
fcff93a21a3419a0.jpg,rust,0,0,0,1,0,0
c9c2b57f1438b62c.jpg,healthy,1,0,0,0,0,0
8abf58cb98c58f60.jpg,scab,0,1,0,0,0,0
e3a90f126055e73e.jpg,healthy,1,0,0,0,0,0
caf08eb1d8d7f280.jpg,scab,0,1,0,0,0,0
89f63639b00fdb03.jpg,powdery_mildew,0,0,0,0,1,0
92aa92758b9a71da.jpg,healthy,1,0,0,0,0,0
fab6c09b8d989c64.jpg,complex,0,0,0,0,0,1
c4533ff20ae27da0.jpg,scab,0,1,0,0,0,0
b521d254de8a17ce.jpg,frog_eye_leaf_spot,0,0,1,0,0,0
a8df9550c2bfc243.jpg,frog_eye_leaf_spot,0,0,1,0,0,0
b485b2cc560db5b5.jpg,frog_eye_leaf_spot,0,0,1,0,0,0
ccc76c0c809cfa9f.jpg,healthy,1,0,0,0,0,0
a8d715892ad9467b.jpg,scab,0,1,0,0,0,0
a8a5eecd95923513.jpg,powdery_mildew,0,0,0,0,1,0
d2cbcc4732b9ce06.jpg,frog_eye_leaf_spot,0,0,1,0,0,0
e9b8f8d21051473f.jpg,scab,0,1,0,0,0,0
a6b6599956c5c46c.jpg,healthy,1,0,0,0,0,0
aaebd091d8b780d6.jpg,scab frog_eye_leaf_spot,0,1,1,0,0,0
96983d20c68fdbb2.jpg,healthy,1,0,0,0,0,0
fad480075f21697b.jpg,healthy,1,0,0,0,0,0
a4bc82687ab61f4b.jpg,complex,0,0,0,0,0,1
efd1b128866ca758.jpg,scab,0,1,0,0,0,0
d0f5e0ed993a5a18.jpg,healthy,1,0,0,0,0,0
82e72ec6feccc288.jpg,scab,0,1,0,0,0,0
c118bd3f90fa89e8.jpg,frog_eye_leaf_spot,0,0,1,0,0,0
8bda74e18b458f0d.jpg,healthy,1,0,0,0,0,0
ff8ac2d286a6a43c.jpg,complex,0,0,0,0,0,1
fab0992adc3580eb.jpg,rust,0,0,0,1,0,0
bbcdc4a3a403f712.jpg,powdery_mildew,0,0,0,0,1,0
a316931e4bb52dc9.jpg,healthy,1,0,0,0,0,0
9e99dd8a8dd46238.jpg,healthy,1,0,0,0,0,0
ee4e84354b93d4c9.jpg,scab,0,1,0,0,0,0
d595813ad012f1f7.jpg,healthy,1,0,0,0,0,0
f5cb92a9937b802a.jpg,frog_eye_leaf_spot,0,0,1,0,0,0
e183135910f5ffc2.jpg,frog_eye_leaf_spot,0,0,1,0,0,0
eaa4c0c2cf438f2f.jpg,rust,0,0,0,1,0,0
9110cb3572d97dca.jpg,powdery_mildew,0,0,0,0,1,0
b4ec42cf3b01f0b6.jpg,scab,0,1,0,0,0,0
eab083129d8f1dbc.jpg,complex,0,0,0,0,0,1
e5e6dc266f02609e.jpg,frog_eye_leaf_spot,0,0,1,0,0,0
9ddccc001c07f9ee.jpg,scab,0,1,0,0,0,0
f6e2e50fc2b48a31.jpg,healthy,1,0,0,0,0,0
a9525d8554fa04bf.jpg,healthy,1,0,0,0,0,0
aa4f9584c92f2d8d.jpg,healthy,1,0,0,0,0,0
847b34450db547d7.jpg,scab,0,1,0,0,0,0
d80487d5621ef375.jpg,healthy,1,0,0,0,0,0
ab6b9425dd34ca92.jpg,healthy,1,0,0,0,0,0
beb4c18d95452fc4.jpg,frog_eye_leaf_spot,0,0,1,0,0,0
ff8ac1dcf03c8322.jpg,healthy,1,0,0,0,0,0
aece8209507953ef.jpg,scab frog_eye_leaf_spot,0,1,1,0,0,0
ddb839dd4d25108b.jpg,complex,0,0,0,0,0,1
dcca6a2b254ca4f6.jpg,powdery_mildew,0,0,0,0,1,0
d7a707de26863862.jpg,powdery_mildew,0,0,0,0,1,0
f010d3e93b8d2bd8.jpg,scab,0,1,0,0,0,0
fe481335a91ec751.jpg,complex,0,0,0,0,0,1
dc080c7fd461df34.jpg,scab frog_eye_leaf_spot complex,0,1,1,0,0,1
fd3e84d412e996a1.jpg,healthy,1,0,0,0,0,0
d5e045da6525b3b1.jpg,healthy,1,0,0,0,0,0
dc95507836e4cbc3.jpg,healthy,1,0,0,0,0,0
dab57a4bc314a551.jpg,scab,0,1,0,0,0,0
c1c596cc5eb811b7.jpg,scab,0,1,0,0,0,0
e8da8b2d65741693.jpg,scab,0,1,0,0,0,0
838cccdfac5ab470.jpg,powdery_mildew,0,0,0,0,1,0
9fff82d70a004eaa.jpg,scab,0,1,0,0,0,0
c72afdc6b04fa150.jpg,frog_eye_leaf_spot,0,0,1,0,0,0
fc3e9ca118ec4cc6.jpg,frog_eye_leaf_spot,0,0,1,0,0,0
f43435f29c94fc88.jpg,scab,0,1,0,0,0,0
e83507dd6015e91f.jpg,scab frog_eye_leaf_spot complex,0,1,1,0,0,1
ca9c77dc51a08cec.jpg,frog_eye_leaf_spot,0,0,1,0,0,0
bd608e2fcf26209e.jpg,healthy,1,0,0,0,0,0
db2a09a51dd66a9a.jpg,frog_eye_leaf_spot,0,0,1,0,0,0
e121839ddd3885bd.jpg,rust,0,0,0,1,0,0
f93d9b138bb3c042.jpg,healthy,1,0,0,0,0,0
c514966632dbc6c7.jpg,powdery_mildew,0,0,0,0,1,0
8c2f1e0de1ba4d95.jpg,frog_eye_leaf_spot,0,0,1,0,0,0
cde5e94ad1c88b8a.jpg,healthy,1,0,0,0,0,0
d68bced0c0b0fb26.jpg,frog_eye_leaf_spot,0,0,1,0,0,0
e0f1857b3f6024d3.jpg,scab,0,1,0,0,0,0
c5a2da4d9b2d51a5.jpg,healthy,1,0,0,0,0,0
be95969a8a491c6d.jpg,scab,0,1,0,0,0,0
c5153f91786e7132.jpg,healthy,1,0,0,0,0,0
f55a13990fa70267.jpg,complex,0,0,0,0,0,1
e91d8517bcfe8182.jpg,healthy,1,0,0,0,0,0
adb6b584819ed8e8.jpg,scab,0,1,0,0,0,0
f9ecc388d8517945.jpg,frog_eye_leaf_spot,0,0,1,0,0,0
f3e2e74e8742489a.jpg,rust,0,0,0,1,0,0
949a6a87356bc378.jpg,healthy,1,0,0,0,0,0
8a1a97abda0b4a7a.jpg,frog_eye_leaf_spot,0,0,1,0,0,0
f08fcf469f61c0e0.jpg,frog_eye_leaf_spot,0,0,1,0,0,0
b151e925333a1dcb.jpg,scab,0,1,0,0,0,0
a5d449e56c83b29d.jpg,rust,0,0,0,1,0,0
81bda79ad21bc11d.jpg,scab,0,1,0,0,0,0
b213939d2be9e0a9.jpg,rust,0,0,0,1,0,0
e0998e0c7eb9b866.jpg,powdery_mildew,0,0,0,0,1,0
f1bcd73442a79612.jpg,complex,0,0,0,0,0,1
a2bc95a517325ad3.jpg,scab,0,1,0,0,0,0
a9c994aebe3c9542.jpg,scab,0,1,0,0,0,0
b4c2db760d86718e.jpg,scab,0,1,0,0,0,0
bf36b4009e129b3b.jpg,scab,0,1,0,0,0,0
f07a976798070da6.jpg,healthy,1,0,0,0,0,0
a1a7d297584c2d3d.jpg,healthy,1,0,0,0,0,0
a4a5d6d69e9a981c.jpg,healthy,1,0,0,0,0,0
c54b27b8da41ba8b.jpg,frog_eye_leaf_spot,0,0,1,0,0,0
f5d8ca115fb50153.jpg,frog_eye_leaf_spot,0,0,1,0,0,0
b4aed33a8323cc4b.jpg,complex,0,0,0,0,0,1
a05ed4e25f2a8769.jpg,healthy,1,0,0,0,0,0
e8927b946127169f.jpg,healthy,1,0,0,0,0,0
ba647a90859479ee.jpg,rust,0,0,0,1,0,0
c8177d1a9729073d.jpg,scab,0,1,0,0,0,0
dabfd1d813082f0d.jpg,scab,0,1,0,0,0,0
e8b8e4da073f170c.jpg,healthy,1,0,0,0,0,0
f4c1c1991c683b6f.jpg,scab frog_eye_leaf_spot,0,1,1,0,0,0
c93b263ac8e86793.jpg,scab,0,1,0,0,0,0
beead2c18b14947a.jpg,scab,0,1,0,0,0,0
f053873ac7e246f0.jpg,frog_eye_leaf_spot,0,0,1,0,0,0
92b4e9cb8e0ccccd.jpg,scab,0,1,0,0,0,0
a5a39117d90e593d.jpg,complex,0,0,0,0,0,1
badad2115ff12c81.jpg,healthy,1,0,0,0,0,0
e481cfb71adc21b8.jpg,complex,0,0,0,0,0,1
fcb0c3171ef04879.jpg,complex,0,0,0,0,0,1
afb583bfc6109690.jpg,frog_eye_leaf_spot,0,0,1,0,0,0
a411c99f0dd9ed43.jpg,complex,0,0,0,0,0,1
c03f47d51a54eae8.jpg,scab,0,1,0,0,0,0
cc66388e63b1cc37.jpg,frog_eye_leaf_spot,0,0,1,0,0,0
ad52d5cb3cc4612e.jpg,healthy,1,0,0,0,0,0
d02aca982f2f1e37.jpg,complex,0,0,0,0,0,1
fcc4c8fe30300dcf.jpg,healthy,1,0,0,0,0,0
baa5c086079eaf59.jpg,scab,0,1,0,0,0,0
8bde3f5d5cd08484.jpg,healthy,1,0,0,0,0,0
a10993e55dd1955b.jpg,rust,0,0,0,1,0,0
def5f49f80d22812.jpg,scab,0,1,0,0,0,0
c3b837cc6761612d.jpg,frog_eye_leaf_spot,0,0,1,0,0,0
af50c50acaad5d8d.jpg,healthy,1,0,0,0,0,0
e1c5e346132e561f.jpg,healthy,1,0,0,0,0,0
c4ed49de07752d28.jpg,scab,0,1,0,0,0,0
f8be9580a45c85e7.jpg,complex,0,0,0,0,0,1
f5029a7e8d66e494.jpg,healthy,1,0,0,0,0,0
8ce23594509fe8bd.jpg,scab frog_eye_leaf_spot,0,1,1,0,0,0
ca303681f18ff8ae.jpg,rust,0,0,0,1,0,0
e22d913f6f4ab260.jpg,frog_eye_leaf_spot,0,0,1,0,0,0
f1c28fda8ab90327.jpg,scab,0,1,0,0,0,0
f7ad025385f6e902.jpg,powdery_mildew,0,0,0,0,1,0
ebc2536d378d3205.jpg,healthy,1,0,0,0,0,0
e4386ac65f4f81c6.jpg,frog_eye_leaf_spot,0,0,1,0,0,0
c98e1e3592db2f81.jpg,frog_eye_leaf_spot,0,0,1,0,0,0
ee288ee50b8ea13b.jpg,scab,0,1,0,0,0,0
fa8ec340cbcec706.jpg,frog_eye_leaf_spot,0,0,1,0,0,0
f0c217e200fe8f73.jpg,scab,0,1,0,0,0,0
b6eec297809a6369.jpg,healthy,1,0,0,0,0,0
813fe22dc37e4750.jpg,healthy,1,0,0,0,0,0
94e5c9cece4a14b3.jpg,frog_eye_leaf_spot,0,0,1,0,0,0
c4032937b437b537.jpg,frog_eye_leaf_spot,0,0,1,0,0,0
935b9982bcc57cb0.jpg,scab,0,1,0,0,0,0
c7820991322fe5bf.jpg,scab,0,1,0,0,0,0
f9fc31c08b1d8639.jpg,healthy,1,0,0,0,0,0
88afb82595415eeb.jpg,scab,0,1,0,0,0,0
f8ac9c2bc19e70f0.jpg,rust,0,0,0,1,0,0
ea557ce5c486d2c8.jpg,healthy,1,0,0,0,0,0
afa114d1ce69c52d.jpg,scab,0,1,0,0,0,0
9d34d9258879ed19.jpg,scab,0,1,0,0,0,0
cc939795b5a5292a.jpg,complex,0,0,0,0,0,1
c03f03ba663a871f.jpg,healthy,1,0,0,0,0,0
84d13582f48faa9f.jpg,scab,0,1,0,0,0,0
ec62934398749f5a.jpg,rust,0,0,0,1,0,0
b4ed0b23ef1a504e.jpg,frog_eye_leaf_spot,0,0,1,0,0,0
ca6a3a9dc562bcc1.jpg,powdery_mildew,0,0,0,0,1,0
d03180ff1ff63906.jpg,healthy,1,0,0,0,0,0
c0e85f9f29c654f0.jpg,healthy,1,0,0,0,0,0
c07721c1fa36e333.jpg,scab,0,1,0,0,0,0
aa6386f2c596f48c.jpg,scab,0,1,0,0,0,0
d0bc607d2d72f341.jpg,healthy,1,0,0,0,0,0
ae8c83b6a64554e7.jpg,rust,0,0,0,1,0,0
d8d4b4ca17412f2f.jpg,scab,0,1,0,0,0,0
a56587e58ed60a9c.jpg,scab,0,1,0,0,0,0
c085ce9d33b7851b.jpg,rust complex,0,0,0,1,0,1
af0cc2ae9e809df1.jpg,healthy,1,0,0,0,0,0
c2e1d6668b60e19f.jpg,frog_eye_leaf_spot,0,0,1,0,0,0
f91f819249f5036d.jpg,frog_eye_leaf_spot,0,0,1,0,0,0
94b46bc8663c25f9.jpg,healthy,1,0,0,0,0,0
dad8a11397f0351d.jpg,frog_eye_leaf_spot,0,0,1,0,0,0
ccf55287dca2064f.jpg,scab,0,1,0,0,0,0
91b0fd83b2670937.jpg,scab,0,1,0,0,0,0
f08087bc8fa18ff8.jpg,frog_eye_leaf_spot complex,0,0,1,0,0,1
f3a1039f7858ad83.jpg,healthy,1,0,0,0,0,0
c1d8a39df0bdae01.jpg,frog_eye_leaf_spot,0,0,1,0,0,0
c53bc227799e34d0.jpg,frog_eye_leaf_spot,0,0,1,0,0,0
ddae07c6fcdc2005.jpg,frog_eye_leaf_spot,0,0,1,0,0,0
932760c6955bb26b.jpg,scab,0,1,0,0,0,0
f53ab5c30d0b412f.jpg,healthy,1,0,0,0,0,0
81a1d3d74b4e746c.jpg,scab,0,1,0,0,0,0
8572eb8d1225c33f.jpg,rust,0,0,0,1,0,0
d99898db266ba865.jpg,rust complex,0,0,0,1,0,1
a835ecd68dd6b00b.jpg,scab frog_eye_leaf_spot,0,1,1,0,0,0
a5a5c0b4de964e9a.jpg,scab,0,1,0,0,0,0
8e912ede243bd551.jpg,scab,0,1,0,0,0,0
92f03f9158ba3d13.jpg,healthy,1,0,0,0,0,0
e3c38738313379e4.jpg,frog_eye_leaf_spot complex,0,0,1,0,0,1
a6b0deeb1c0fe980.jpg,scab,0,1,0,0,0,0
ece8c33c8e107575.jpg,healthy,1,0,0,0,0,0
a08d9a65e92f58ab.jpg,healthy,1,0,0,0,0,0
f08080bec5ab4fd7.jpg,frog_eye_leaf_spot,0,0,1,0,0,0
b1b5ba2b48afe1c0.jpg,rust,0,0,0,1,0,0
ff8a08ddd45a5207.jpg,frog_eye_leaf_spot,0,0,1,0,0,0
bd86ed885648a376.jpg,frog_eye_leaf_spot,0,0,1,0,0,0
da68f8c3d84f408f.jpg,rust,0,0,0,1,0,0
a88f9e58d209ad75.jpg,healthy,1,0,0,0,0,0
9d4bb55d88dd4289.jpg,rust,0,0,0,1,0,0
bf3e81021c99e2f3.jpg,rust,0,0,0,1,0,0
d76b5bd2078f0948.jpg,complex,0,0,0,0,0,1
baa4cf3860e25e9a.jpg,rust,0,0,0,1,0,0
f8a68be5d9345251.jpg,healthy,1,0,0,0,0,0
dcc7cb88347508f6.jpg,powdery_mildew,0,0,0,0,1,0
a01a8fe2f81f99f0.jpg,rust,0,0,0,1,0,0
8c95b34ad893ab59.jpg,scab,0,1,0,0,0,0
daba9a5070e77423.jpg,frog_eye_leaf_spot,0,0,1,0,0,0
a845d1e5d2f175d0.jpg,complex,0,0,0,0,0,1
e9dd83e4d20999a3.jpg,healthy,1,0,0,0,0,0
a8eaa00dc9b59f3a.jpg,frog_eye_leaf_spot,0,0,1,0,0,0
a09c879c4e25bee3.jpg,healthy,1,0,0,0,0,0
802969daaddbbc8c.jpg,scab,0,1,0,0,0,0
f9d18eb1ea2321ca.jpg,healthy,1,0,0,0,0,0
ab832728dbfd00f8.jpg,scab,0,1,0,0,0,0
fa76c3708d38219e.jpg,frog_eye_leaf_spot,0,0,1,0,0,0
cbd1ea80d1a586f6.jpg,frog_eye_leaf_spot,0,0,1,0,0,0
e0c2cba4ec5a2e9d.jpg,healthy,1,0,0,0,0,0
a9f191cb41345fb8.jpg,complex,0,0,0,0,0,1
d1fe498c6e855616.jpg,frog_eye_leaf_spot,0,0,1,0,0,0
92e91d23e0bb9399.jpg,frog_eye_leaf_spot,0,0,1,0,0,0
fce781c18495da93.jpg,scab,0,1,0,0,0,0
f2e1c2115f3dbc28.jpg,scab,0,1,0,0,0,0
f8fec19cd7a0b480.jpg,scab,0,1,0,0,0,0
ab0ed345cd4686e6.jpg,frog_eye_leaf_spot,0,0,1,0,0,0
d7eb25339214c539.jpg,frog_eye_leaf_spot,0,0,1,0,0,0
ff910611cff94303.jpg,rust,0,0,0,1,0,0
cca63aca25bc0abd.jpg,scab,0,1,0,0,0,0
9827d094ef36073e.jpg,scab,0,1,0,0,0,0
c5b434bf5e482ca5.jpg,frog_eye_leaf_spot,0,0,1,0,0,0
e14eded2888b1aab.jpg,frog_eye_leaf_spot,0,0,1,0,0,0
a1d5d5cacac0ced8.jpg,scab,0,1,0,0,0,0
b8d8b0d8d83d843f.jpg,scab,0,1,0,0,0,0
84f07e8787879785.jpg,complex,0,0,0,0,0,1
82c6a1c4de8f58bd.jpg,healthy,1,0,0,0,0,0
cf497003f625df90.jpg,rust,0,0,0,1,0,0
ad3f92d5899aa981.jpg,scab,0,1,0,0,0,0
81d5c3709f4e314f.jpg,rust,0,0,0,1,0,0
eea09f90979490de.jpg,healthy,1,0,0,0,0,0
ce13fc4a586b8ce4.jpg,rust complex,0,0,0,1,0,1
aaf071e247dfa806.jpg,healthy,1,0,0,0,0,0
d0a630d66786e51f.jpg,scab,0,1,0,0,0,0
d629b88478f0e1d7.jpg,frog_eye_leaf_spot,0,0,1,0,0,0
bd3ed2680fe23609.jpg,frog_eye_leaf_spot,0,0,1,0,0,0
bc2cd00bc93fd5e0.jpg,scab,0,1,0,0,0,0
a583c1433a3b3b5b.jpg,healthy,1,0,0,0,0,0
f99584c9944f5a95.jpg,frog_eye_leaf_spot complex,0,0,1,0,0,1
f1a623120fbfb1c1.jpg,healthy,1,0,0,0,0,0
fc2ac1e8ceb18d45.jpg,healthy,1,0,0,0,0,0
fa3d80493502fd3e.jpg,healthy,1,0,0,0,0,0
c87832c1c78f8ece.jpg,scab frog_eye_leaf_spot,0,1,1,0,0,0
aacb911bc8e86ea5.jpg,complex,0,0,0,0,0,1
e3e065e07a996d0e.jpg,rust complex,0,0,0,1,0,1
ac23deb544d0b3cc.jpg,healthy,1,0,0,0,0,0
e8e5d287804c3fdc.jpg,scab,0,1,0,0,0,0
b4e4c9424f79335a.jpg,scab,0,1,0,0,0,0
8257d64da9ca6479.jpg,frog_eye_leaf_spot,0,0,1,0,0,0
a07fc127c23c4f9c.jpg,healthy,1,0,0,0,0,0
a4b69e618ce4cb8e.jpg,healthy,1,0,0,0,0,0
a085dad6dc6af149.jpg,frog_eye_leaf_spot,0,0,1,0,0,0
9c9f21948b7a98da.jpg,rust,0,0,0,1,0,0
fe5e02c9d08f4fc0.jpg,frog_eye_leaf_spot,0,0,1,0,0,0
ba63d1e23ecb828a.jpg,frog_eye_leaf_spot,0,0,1,0,0,0
a4e1aa203ff44a5f.jpg,healthy,1,0,0,0,0,0
b3a36e9cc99185e1.jpg,frog_eye_leaf_spot,0,0,1,0,0,0
c5a21f933632f2f0.jpg,scab,0,1,0,0,0,0
8afa9687aab53506.jpg,complex,0,0,0,0,0,1
b035d913bd92d90d.jpg,scab frog_eye_leaf_spot,0,1,1,0,0,0
b620ef200fb91add.jpg,healthy,1,0,0,0,0,0
e0f4c0f48aca6b9e.jpg,healthy,1,0,0,0,0,0
b7d1c4cbab71c128.jpg,frog_eye_leaf_spot,0,0,1,0,0,0
85dab161cf9895a5.jpg,complex,0,0,0,0,0,1
c11d1e8fdc1dd09c.jpg,frog_eye_leaf_spot,0,0,1,0,0,0
b045d7fd9254d0b2.jpg,healthy,1,0,0,0,0,0
9aaca9daf58012f6.jpg,frog_eye_leaf_spot,0,0,1,0,0,0
98907fcaea0f3127.jpg,healthy,1,0,0,0,0,0
e5b0fdf416025b0e.jpg,healthy,1,0,0,0,0,0
a2ae397a0b3db40d.jpg,frog_eye_leaf_spot complex,0,0,1,0,0,1
d0bc1fd438bcb530.jpg,complex,0,0,0,0,0,1
b54bd839597082bd.jpg,complex,0,0,0,0,0,1
9d912819666aec6f.jpg,scab,0,1,0,0,0,0
9636cf240de139ea.jpg,healthy,1,0,0,0,0,0
d58ad09e28df7825.jpg,healthy,1,0,0,0,0,0
f5c2d2aac340df49.jpg,frog_eye_leaf_spot,0,0,1,0,0,0
c82b3ca1b4d197bc.jpg,scab frog_eye_leaf_spot,0,1,1,0,0,0
938641cd349ccd7d.jpg,healthy,1,0,0,0,0,0
c88637cdd038f9e8.jpg,complex,0,0,0,0,0,1
8694620b1eef1f74.jpg,healthy,1,0,0,0,0,0
d01e6b6226cc9cf5.jpg,frog_eye_leaf_spot,0,0,1,0,0,0
90e44ee17cf246ad.jpg,healthy,1,0,0,0,0,0
888e5642ce65f771.jpg,healthy,1,0,0,0,0,0
9eca32f855b5aa14.jpg,scab,0,1,0,0,0,0
b4666be4d303b4aa.jpg,scab,0,1,0,0,0,0
befbc3cda30c0388.jpg,powdery_mildew,0,0,0,0,1,0
e9964292bd756a25.jpg,complex,0,0,0,0,0,1
ea21879f1c7095cb.jpg,scab frog_eye_leaf_spot complex,0,1,1,0,0,1
addec069d820f536.jpg,scab,0,1,0,0,0,0
d8cd2c77f2b28348.jpg,healthy,1,0,0,0,0,0
e118deef33d806a1.jpg,frog_eye_leaf_spot,0,0,1,0,0,0
c514eb16de5ab609.jpg,scab,0,1,0,0,0,0
982170c79617b776.jpg,scab,0,1,0,0,0,0
d5b23ff00ba8c583.jpg,healthy,1,0,0,0,0,0
bd3cc0885dd1e1e5.jpg,rust,0,0,0,1,0,0
8dad7569d0b55b04.jpg,powdery_mildew,0,0,0,0,1,0
82d2b5c148cd6aef.jpg,frog_eye_leaf_spot,0,0,1,0,0,0
adc7d5c3cb456029.jpg,scab frog_eye_leaf_spot,0,1,1,0,0,0
b69ec20f073eadc0.jpg,scab,0,1,0,0,0,0
bd96b091cdcc7c48.jpg,rust,0,0,0,1,0,0
98db5e2574128dd6.jpg,powdery_mildew,0,0,0,0,1,0
9054ff819960dcf6.jpg,healthy,1,0,0,0,0,0
baa4893fb4314f94.jpg,scab,0,1,0,0,0,0
b8bcc1f04e87269d.jpg,complex,0,0,0,0,0,1
bdd2d8af806e802f.jpg,scab,0,1,0,0,0,0
953cd0d25cc3e92d.jpg,frog_eye_leaf_spot,0,0,1,0,0,0
a08ed6f64c0bf2b4.jpg,healthy,1,0,0,0,0,0
feac12e80993fd30.jpg,rust,0,0,0,1,0,0
adb3d7ec0d253c02.jpg,scab,0,1,0,0,0,0
dcae2a976f878058.jpg,scab,0,1,0,0,0,0
96574f331199465d.jpg,frog_eye_leaf_spot,0,0,1,0,0,0
ee90c6e138e391b5.jpg,rust,0,0,0,1,0,0
eacc8d7d35443d21.jpg,frog_eye_leaf_spot,0,0,1,0,0,0
94182aa9df56dab8.jpg,powdery_mildew,0,0,0,0,1,0
f1fef07ad500814b.jpg,scab frog_eye_leaf_spot complex,0,1,1,0,0,1
bda08481484afffd.jpg,complex,0,0,0,0,0,1
a539dee00b98dd43.jpg,scab,0,1,0,0,0,0
d1b93c588d1f3307.jpg,scab,0,1,0,0,0,0
f4c5c398f1a42e2d.jpg,frog_eye_leaf_spot,0,0,1,0,0,0
dbbc81f40f4a2a5a.jpg,healthy,1,0,0,0,0,0
977b0ac19c1f50d9.jpg,healthy,1,0,0,0,0,0
fce3c0b7381a32e8.jpg,complex,0,0,0,0,0,1
e0a59acbe9c43396.jpg,complex,0,0,0,0,0,1
d382c355a5e9ea4a.jpg,scab,0,1,0,0,0,0
b035dfe1929e6518.jpg,complex,0,0,0,0,0,1
be7f0a76c0568a8a.jpg,rust,0,0,0,1,0,0
b602d6e6487c3c9d.jpg,complex,0,0,0,0,0,1
80acda383e3367cd.jpg,healthy,1,0,0,0,0,0
ea604dda987238ee.jpg,rust,0,0,0,1,0,0
f82fd0ff0559220d.jpg,healthy,1,0,0,0,0,0
c0078fdbf2676c42.jpg,frog_eye_leaf_spot,0,0,1,0,0,0
d5c328d3439e83a7.jpg,scab,0,1,0,0,0,0
a21a9e32ff5560d1.jpg,frog_eye_leaf_spot,0,0,1,0,0,0
d7ded09919346945.jpg,scab,0,1,0,0,0,0
cd4a65822bd9de89.jpg,frog_eye_leaf_spot,0,0,1,0,0,0
edef81038cf08c9b.jpg,healthy,1,0,0,0,0,0
c9813f82f2df1c89.jpg,healthy,1,0,0,0,0,0
c836cd2b907f09ec.jpg,scab,0,1,0,0,0,0
c9ef7e5082bc6606.jpg,scab,0,1,0,0,0,0
a5495bea4b602d75.jpg,scab frog_eye_leaf_spot,0,1,1,0,0,0
a596846a3f1dc1ce.jpg,scab frog_eye_leaf_spot,0,1,1,0,0,0
cec1e0abcaa57ca8.jpg,frog_eye_leaf_spot,0,0,1,0,0,0
8d2020edbfbd9307.jpg,scab,0,1,0,0,0,0
e33803a7f8ae0d1d.jpg,scab,0,1,0,0,0,0
e262d83961e933e6.jpg,complex,0,0,0,0,0,1
9361476766879c53.jpg,frog_eye_leaf_spot,0,0,1,0,0,0
d5a577f502863117.jpg,scab,0,1,0,0,0,0
b9e8f2950a194f35.jpg,complex,0,0,0,0,0,1
c8df69cb1a5058f2.jpg,scab,0,1,0,0,0,0
c3d98f9f981239a2.jpg,scab,0,1,0,0,0,0
fb19d38bd288c760.jpg,healthy,1,0,0,0,0,0
b4a04f9a34d7a68d.jpg,scab frog_eye_leaf_spot,0,1,1,0,0,0
e3921d58a3a5acad.jpg,rust,0,0,0,1,0,0
e1de8cd263a05667.jpg,frog_eye_leaf_spot,0,0,1,0,0,0
85ae6cc33675c60e.jpg,powdery_mildew,0,0,0,0,1,0
97a58fc648ae9878.jpg,healthy,1,0,0,0,0,0
c58e6ecc4474db83.jpg,rust complex,0,0,0,1,0,1
e499777833c11366.jpg,healthy,1,0,0,0,0,0
cf3b10b30df2698c.jpg,complex,0,0,0,0,0,1
84f3b7d6d304847c.jpg,healthy,1,0,0,0,0,0
d5c9d1b53ab0a54a.jpg,healthy,1,0,0,0,0,0
b592b79548186c7b.jpg,scab,0,1,0,0,0,0
a03e9255de4d64ad.jpg,scab,0,1,0,0,0,0
9fa06d8af48a346d.jpg,frog_eye_leaf_spot,0,0,1,0,0,0
ee35d7b418f63480.jpg,scab frog_eye_leaf_spot,0,1,1,0,0,0
cfb483feda48030b.jpg,scab,0,1,0,0,0,0
ddff3aca680c5604.jpg,scab,0,1,0,0,0,0
9aa70dba24b96369.jpg,complex,0,0,0,0,0,1
81e33a4dd23971b6.jpg,scab,0,1,0,0,0,0
dc323ec3fde00598.jpg,scab,0,1,0,0,0,0
c887f37397b02586.jpg,scab,0,1,0,0,0,0
ecc13507413766d7.jpg,healthy,1,0,0,0,0,0
a0a5dc4ff450a2fa.jpg,healthy,1,0,0,0,0,0
c07ff0e7e6668188.jpg,healthy,1,0,0,0,0,0
c1a552eac3258bd7.jpg,powdery_mildew,0,0,0,0,1,0
ea55a437dda1d620.jpg,scab,0,1,0,0,0,0
c8a2359ae0a59777.jpg,frog_eye_leaf_spot,0,0,1,0,0,0
808d2f39f597f406.jpg,powdery_mildew,0,0,0,0,1,0
e569e742d9fa0123.jpg,frog_eye_leaf_spot,0,0,1,0,0,0
a3f71324666c44bd.jpg,healthy,1,0,0,0,0,0
fa2cdad71cda1228.jpg,rust,0,0,0,1,0,0
c1e7799ce06e0e1c.jpg,scab,0,1,0,0,0,0
858b970f870fee24.jpg,scab,0,1,0,0,0,0
a96ad6979a939194.jpg,complex,0,0,0,0,0,1
dfff20c074cd2055.jpg,frog_eye_leaf_spot,0,0,1,0,0,0
f7722793e492d128.jpg,rust,0,0,0,1,0,0
b8bd80f8b1c9e07c.jpg,healthy,1,0,0,0,0,0
d6c589e822da6a9d.jpg,powdery_mildew,0,0,0,0,1,0
b0233f3c7f1a029b.jpg,scab,0,1,0,0,0,0
fa31a7b08652d359.jpg,scab,0,1,0,0,0,0
aa42b58787c78dd4.jpg,scab,0,1,0,0,0,0
c7e003decc013f5e.jpg,healthy,1,0,0,0,0,0
d8f03a23f2813f0f.jpg,scab,0,1,0,0,0,0
c0a89f4f60bf47a1.jpg,scab,0,1,0,0,0,0
a4939c0572f6e0db.jpg,healthy,1,0,0,0,0,0
c0471c309f1fedc3.jpg,scab,0,1,0,0,0,0
80e39e21c97a3f87.jpg,scab,0,1,0,0,0,0
b56ac2d18d97da24.jpg,scab,0,1,0,0,0,0
a981bcb0523df25b.jpg,scab,0,1,0,0,0,0
d209d623d47fb0e2.jpg,healthy,1,0,0,0,0,0
c3bd40abc26b91c7.jpg,scab,0,1,0,0,0,0
e70e822c8bc8bdb3.jpg,powdery_mildew complex,0,0,0,0,1,1
b126a1924beb174f.jpg,frog_eye_leaf_spot,0,0,1,0,0,0
f61dd2b8ce724831.jpg,healthy,1,0,0,0,0,0
e9d88dddd6d29a00.jpg,frog_eye_leaf_spot,0,0,1,0,0,0
b02d61293d7f28e9.jpg,scab frog_eye_leaf_spot,0,1,1,0,0,0
c7669eb11b1a3b18.jpg,healthy,1,0,0,0,0,0
c8841f4c7e7a31ba.jpg,scab,0,1,0,0,0,0
f10733d80fd154f8.jpg,scab,0,1,0,0,0,0
ca1be18029db0bfe.jpg,complex,0,0,0,0,0,1
d4d6afa93a319216.jpg,complex,0,0,0,0,0,1
91af19dc085faab1.jpg,healthy,1,0,0,0,0,0
986b1d8478efa705.jpg,scab,0,1,0,0,0,0
fdc8c09d4d7c2872.jpg,scab,0,1,0,0,0,0
f5d005bc38b365ca.jpg,frog_eye_leaf_spot,0,0,1,0,0,0
e57390689f9c4a8d.jpg,healthy,1,0,0,0,0,0
81ad1d4bed8b20fa.jpg,complex,0,0,0,0,0,1
ce972e6dc1c84a5c.jpg,frog_eye_leaf_spot,0,0,1,0,0,0
8d5a652d9abd1cd0.jpg,scab,0,1,0,0,0,0
98779993c891e48f.jpg,rust,0,0,0,1,0,0
a0c49fd02b373772.jpg,complex,0,0,0,0,0,1
ce132ed2945dab4a.jpg,scab,0,1,0,0,0,0
d31c3d79c02989f9.jpg,rust,0,0,0,1,0,0
f80a903adbe9c9c5.jpg,healthy,1,0,0,0,0,0
beadfad2005119b5.jpg,scab frog_eye_leaf_spot,0,1,1,0,0,0
b297b43d650f6cc0.jpg,scab,0,1,0,0,0,0
8e8be69bc53038cb.jpg,powdery_mildew,0,0,0,0,1,0
af40f7ecc368c245.jpg,complex,0,0,0,0,0,1
cf703fda70e228a4.jpg,frog_eye_leaf_spot,0,0,1,0,0,0
cd9f7801fc03c71c.jpg,powdery_mildew,0,0,0,0,1,0
f5d3a38b4ba53118.jpg,frog_eye_leaf_spot complex,0,0,1,0,0,1
f0c19cf9c23a1747.jpg,frog_eye_leaf_spot,0,0,1,0,0,0
83b32ea384bf9634.jpg,scab,0,1,0,0,0,0
f7e2931711f82b03.jpg,healthy,1,0,0,0,0,0
c31b2b50f952b65a.jpg,healthy,1,0,0,0,0,0
c2af619cb9093acd.jpg,healthy,1,0,0,0,0,0
e9ca7404e15696fa.jpg,scab,0,1,0,0,0,0
e1889dcf98f0873a.jpg,scab,0,1,0,0,0,0
9aeefcee90809b44.jpg,scab,0,1,0,0,0,0
dbf1c4feca600562.jpg,healthy,1,0,0,0,0,0
8a70aa5145aeb3af.jpg,healthy,1,0,0,0,0,0
803f658f8cc35ce3.jpg,scab,0,1,0,0,0,0
84fec7e24097199e.jpg,complex,0,0,0,0,0,1
8052c7272b3b3f5c.jpg,complex,0,0,0,0,0,1
c0a42dfd195dd331.jpg,healthy,1,0,0,0,0,0
a1ebe7085e765413.jpg,complex,0,0,0,0,0,1
e4d4d48f1eb038e3.jpg,scab,0,1,0,0,0,0
9a0b2a6175d666ce.jpg,healthy,1,0,0,0,0,0
96edb05689bd12cc.jpg,rust,0,0,0,1,0,0
e9a494309f82dadd.jpg,scab,0,1,0,0,0,0
a966c81d5cfc54f0.jpg,scab,0,1,0,0,0,0
a7364aa4784f563a.jpg,frog_eye_leaf_spot,0,0,1,0,0,0
fd4dc9ccc20427ea.jpg,healthy,1,0,0,0,0,0
a5a9a4a0b523b2fd.jpg,scab,0,1,0,0,0,0
e200d5fa9c0b73e9.jpg,scab,0,1,0,0,0,0
8a7526cbd23ce1e2.jpg,healthy,1,0,0,0,0,0
9662e73258982d3f.jpg,powdery_mildew,0,0,0,0,1,0
c1c0682795fafac3.jpg,scab,0,1,0,0,0,0
d871274687d43eaa.jpg,healthy,1,0,0,0,0,0
c9e681f71dc0d558.jpg,rust,0,0,0,1,0,0
a8e895f5aa54d2a5.jpg,rust,0,0,0,1,0,0
80cf38907f9d631d.jpg,scab,0,1,0,0,0,0
c9b3f2434c8c3e3c.jpg,frog_eye_leaf_spot,0,0,1,0,0,0
e11f36fe5940c8cc.jpg,scab,0,1,0,0,0,0
f4a8cbc3246d643d.jpg,frog_eye_leaf_spot,0,0,1,0,0,0
d1409c79c674ccfc.jpg,scab,0,1,0,0,0,0
c6316360fd56332d.jpg,frog_eye_leaf_spot,0,0,1,0,0,0
9f1ab4caf5c3904c.jpg,rust,0,0,0,1,0,0
c9938a5a5aa3e1a7.jpg,healthy,1,0,0,0,0,0
d5c06b6cb7141e4e.jpg,healthy,1,0,0,0,0,0
f9fde00a80f05ef0.jpg,healthy,1,0,0,0,0,0
81fcce24b0ee5f90.jpg,powdery_mildew,0,0,0,0,1,0
e83f9fa0cc63809d.jpg,scab,0,1,0,0,0,0
8d9ffda8cc602534.jpg,scab,0,1,0,0,0,0
a4b5b3696bd0d292.jpg,healthy,1,0,0,0,0,0
f6dfcbc115ad2808.jpg,healthy,1,0,0,0,0,0
dbc07f3f8020d4b3.jpg,scab,0,1,0,0,0,0
c572f28f73c58541.jpg,healthy,1,0,0,0,0,0
e4c8d2922df00f77.jpg,rust,0,0,0,1,0,0
d4bb3c3598ecb148.jpg,healthy,1,0,0,0,0,0
ae25ce12cd5b8879.jpg,healthy,1,0,0,0,0,0
951f7ba97243cc12.jpg,rust,0,0,0,1,0,0
d8d2f0f08df65982.jpg,healthy,1,0,0,0,0,0
a6eb96cb8e082cbc.jpg,scab,0,1,0,0,0,0
9743fa575080ef52.jpg,healthy,1,0,0,0,0,0
f060008e97f0ef77.jpg,complex,0,0,0,0,0,1
b55fa02ad0217a77.jpg,healthy,1,0,0,0,0,0
de8668b7846b5594.jpg,complex,0,0,0,0,0,1
8217561f56b0abe9.jpg,scab frog_eye_leaf_spot,0,1,1,0,0,0
c5642ecaef1059cd.jpg,frog_eye_leaf_spot complex,0,0,1,0,0,1
85ff3d29fa3a4050.jpg,scab,0,1,0,0,0,0
c48d2edbf860939c.jpg,scab,0,1,0,0,0,0
95c06ef5c0dec94a.jpg,complex,0,0,0,0,0,1
dbf2525255a6a03e.jpg,scab,0,1,0,0,0,0
b5cd78de740981d4.jpg,rust,0,0,0,1,0,0
bdd290c8cbc9aca9.jpg,healthy,1,0,0,0,0,0
a560d1368e5eaf0d.jpg,healthy,1,0,0,0,0,0
f5f4aac090e47569.jpg,scab,0,1,0,0,0,0
87b29292d98e3da5.jpg,scab,0,1,0,0,0,0
ebbea8623a994b0c.jpg,frog_eye_leaf_spot,0,0,1,0,0,0
ffa0120a7805fcfc.jpg,scab,0,1,0,0,0,0
81db34cf107ccbf0.jpg,scab,0,1,0,0,0,0
cafe25b4aeb0a8a1.jpg,powdery_mildew,0,0,0,0,1,0
e9bd708007dbb4d1.jpg,scab frog_eye_leaf_spot,0,1,1,0,0,0
f590c0fdc378c570.jpg,scab,0,1,0,0,0,0
9ab47599c8d388e9.jpg,frog_eye_leaf_spot,0,0,1,0,0,0
ae47ca100dad66cf.jpg,healthy,1,0,0,0,0,0
a709c787de901679.jpg,scab frog_eye_leaf_spot,0,1,1,0,0,0
83f01fde2f56a250.jpg,complex,0,0,0,0,0,1
d8a49ce1bac1749d.jpg,powdery_mildew,0,0,0,0,1,0
c3611e24d8faf86a.jpg,scab,0,1,0,0,0,0
f1add98b26729528.jpg,powdery_mildew,0,0,0,0,1,0
d83f37f1c9508a91.jpg,healthy,1,0,0,0,0,0
a4d2ca9e7d9c61a4.jpg,complex,0,0,0,0,0,1
dda46b752573b110.jpg,scab,0,1,0,0,0,0
bcb1c1caf7562a12.jpg,healthy,1,0,0,0,0,0
c34b6ae4259ebcc8.jpg,scab,0,1,0,0,0,0
f0b4ca4272533e7c.jpg,frog_eye_leaf_spot,0,0,1,0,0,0
cb3d07905212f2df.jpg,scab,0,1,0,0,0,0
ea95c0d83f49616e.jpg,powdery_mildew,0,0,0,0,1,0
c9cc1e1cf9af0790.jpg,rust,0,0,0,1,0,0
aa4ec09174ef58d3.jpg,healthy,1,0,0,0,0,0
c8db70c393366ee0.jpg,scab,0,1,0,0,0,0
fc95830383908ffe.jpg,frog_eye_leaf_spot,0,0,1,0,0,0
a9d4d30a05e590ff.jpg,healthy,1,0,0,0,0,0
cb9ac52ee46b7203.jpg,powdery_mildew,0,0,0,0,1,0
e0de384a3d416cf5.jpg,scab,0,1,0,0,0,0
be95968a6af92131.jpg,rust,0,0,0,1,0,0
ba6197f1d0956b42.jpg,scab,0,1,0,0,0,0
f72d2b1b007f9483.jpg,healthy,1,0,0,0,0,0
d09c2dc1e8f1f6e0.jpg,healthy,1,0,0,0,0,0
f88cda8c1ff40ec2.jpg,rust,0,0,0,1,0,0
c3b2137ad30383eb.jpg,healthy,1,0,0,0,0,0
b712b81e5fca08cd.jpg,rust,0,0,0,1,0,0
9af6d185bdc8660c.jpg,healthy,1,0,0,0,0,0
e1de95755354d205.jpg,frog_eye_leaf_spot,0,0,1,0,0,0
9ccf643b1d42e19c.jpg,complex,0,0,0,0,0,1
da926adf9c38640e.jpg,healthy,1,0,0,0,0,0
93a7c1dd2fe04f20.jpg,healthy,1,0,0,0,0,0
aad5ea8d137069c3.jpg,rust,0,0,0,1,0,0
bd844ba640be67aa.jpg,frog_eye_leaf_spot,0,0,1,0,0,0
94ccde9c16ba2723.jpg,healthy,1,0,0,0,0,0
802b59956a7aa5e7.jpg,healthy,1,0,0,0,0,0
eff0a2f09343954a.jpg,scab,0,1,0,0,0,0
aefe4728cb204b3a.jpg,scab,0,1,0,0,0,0
cf0ec556d852a29e.jpg,powdery_mildew,0,0,0,0,1,0
bb99253ce86153a9.jpg,powdery_mildew,0,0,0,0,1,0
c2f02f8631c63ee3.jpg,healthy,1,0,0,0,0,0
ca3f3f3d542ac2a0.jpg,scab frog_eye_leaf_spot complex,0,1,1,0,0,1
953880958fd6dd93.jpg,scab,0,1,0,0,0,0
cfa336e032e44b56.jpg,frog_eye_leaf_spot,0,0,1,0,0,0
a696c069e7a1da69.jpg,complex,0,0,0,0,0,1
c2696e0515376f93.jpg,healthy,1,0,0,0,0,0
e3f2cb9e18612c69.jpg,healthy,1,0,0,0,0,0
e846c13def902ed1.jpg,frog_eye_leaf_spot,0,0,1,0,0,0
8bc8cb9dae2a1ab2.jpg,scab,0,1,0,0,0,0
94360b4b68b5b65b.jpg,healthy,1,0,0,0,0,0
dc0acfe53c673190.jpg,healthy,1,0,0,0,0,0
d0a92f3dd2d21656.jpg,scab,0,1,0,0,0,0
d56e6ac133d212ab.jpg,complex,0,0,0,0,0,1
c1fcb12a9dce3511.jpg,scab,0,1,0,0,0,0
c7379d49d16511a6.jpg,healthy,1,0,0,0,0,0
97f370b0d8d36078.jpg,scab,0,1,0,0,0,0
f53587a18fa17c48.jpg,frog_eye_leaf_spot,0,0,1,0,0,0
93bb3f6ea68d0241.jpg,scab,0,1,0,0,0,0
89bcd54ae4c4e4f4.jpg,frog_eye_leaf_spot,0,0,1,0,0,0
8e87c18acf98b5b1.jpg,scab,0,1,0,0,0,0
fd85cdd0930e3338.jpg,healthy,1,0,0,0,0,0
9554e9c0873b0d7b.jpg,healthy,1,0,0,0,0,0
816b93c24a07f6de.jpg,healthy,1,0,0,0,0,0
daaecb825076671a.jpg,rust complex,0,0,0,1,0,1
8fc7d83ce185c235.jpg,rust,0,0,0,1,0,0
916551e58ba47c3e.jpg,scab,0,1,0,0,0,0
fcf49e6662c13b20.jpg,rust,0,0,0,1,0,0
b6e9993d6c4a542a.jpg,frog_eye_leaf_spot,0,0,1,0,0,0
aabe958ad02959f1.jpg,scab,0,1,0,0,0,0
c0c75c137efdc221.jpg,complex,0,0,0,0,0,1
b04fa9ed8b86c28b.jpg,frog_eye_leaf_spot,0,0,1,0,0,0
d3a407fa4e23f09c.jpg,complex,0,0,0,0,0,1
93f212d69fd74888.jpg,scab,0,1,0,0,0,0
892c27f712a331db.jpg,frog_eye_leaf_spot,0,0,1,0,0,0
f90f41a4b6968e5c.jpg,healthy,1,0,0,0,0,0
b05a05e0dc6b9ce7.jpg,scab,0,1,0,0,0,0
d7cb0e1469ca61e5.jpg,frog_eye_leaf_spot,0,0,1,0,0,0
c0bea0ddec8a6595.jpg,scab,0,1,0,0,0,0
dee13184115f269f.jpg,rust,0,0,0,1,0,0
ccdfb764b0e002ae.jpg,scab,0,1,0,0,0,0
8fc3b16e36d0aac8.jpg,healthy,1,0,0,0,0,0
fdcecda5662283c0.jpg,scab frog_eye_leaf_spot,0,1,1,0,0,0
95d34bc96ce6e054.jpg,scab,0,1,0,0,0,0
eb72c48380bf8b9c.jpg,rust,0,0,0,1,0,0
954d0ecd3e8b328e.jpg,healthy,1,0,0,0,0,0
9d62dca8a51c74bc.jpg,rust,0,0,0,1,0,0
91eac9a4fdbaa430.jpg,scab,0,1,0,0,0,0
b40b9228a4d7bd9e.jpg,scab,0,1,0,0,0,0
922d966d8c9f0c9b.jpg,rust,0,0,0,1,0,0
d43d3a9d2050ff31.jpg,rust,0,0,0,1,0,0
ca87815b2f3190df.jpg,rust,0,0,0,1,0,0
efef968d1a126122.jpg,frog_eye_leaf_spot,0,0,1,0,0,0
fc9a81c01fce3e34.jpg,scab,0,1,0,0,0,0
8d84872ccaf56d96.jpg,frog_eye_leaf_spot,0,0,1,0,0,0
c07c2895eda0cddd.jpg,frog_eye_leaf_spot,0,0,1,0,0,0
82d73f0b98618fd2.jpg,scab,0,1,0,0,0,0
f428c7cbdc8fa980.jpg,complex,0,0,0,0,0,1
a0be96eb7830bd18.jpg,rust,0,0,0,1,0,0
d951343eb28bc3cc.jpg,scab,0,1,0,0,0,0
ed68ecfad8416843.jpg,rust,0,0,0,1,0,0
b0c297949e9cc9bc.jpg,complex,0,0,0,0,0,1
83a75e2de0cb984b.jpg,rust,0,0,0,1,0,0
f11a43b01bf4326f.jpg,healthy,1,0,0,0,0,0
e4ead58e0dd0f930.jpg,frog_eye_leaf_spot,0,0,1,0,0,0
895f6a4cc46ceae4.jpg,complex,0,0,0,0,0,1
a6f1cac269679750.jpg,powdery_mildew,0,0,0,0,1,0
d9bec9c80fc38a89.jpg,scab,0,1,0,0,0,0
dd1ae054d3ed0ab4.jpg,scab,0,1,0,0,0,0
eab66bdb9f210092.jpg,complex,0,0,0,0,0,1
bde0d1e55a076e05.jpg,powdery_mildew complex,0,0,0,0,1,1
97f8914ca7a33896.jpg,powdery_mildew,0,0,0,0,1,0
c5d8d129e69686da.jpg,healthy,1,0,0,0,0,0
9df0cb146ea1549e.jpg,powdery_mildew,0,0,0,0,1,0
e8bcbcdd4949ad02.jpg,frog_eye_leaf_spot,0,0,1,0,0,0
eaf485908ebad8aa.jpg,scab,0,1,0,0,0,0
801d6dcd96e48ebc.jpg,healthy,1,0,0,0,0,0
f4edc1811f78b826.jpg,complex,0,0,0,0,0,1
e4f4b4851486576f.jpg,scab,0,1,0,0,0,0
a5c9d1d96a336463.jpg,rust,0,0,0,1,0,0
e7a9d84a19ed5c11.jpg,scab,0,1,0,0,0,0
b085190f4fdaeaa9.jpg,healthy,1,0,0,0,0,0
e5aa3acb67391226.jpg,scab,0,1,0,0,0,0
e0bf98838ec39e2a.jpg,scab frog_eye_leaf_spot complex,0,1,1,0,0,1
f8f5ca9394cd3940.jpg,scab,0,1,0,0,0,0
d4af231a039d67d2.jpg,scab,0,1,0,0,0,0
fd9fc0887a8832ea.jpg,frog_eye_leaf_spot,0,0,1,0,0,0
b9a211a8dbff0b48.jpg,healthy,1,0,0,0,0,0
a03cc1e9ef39a392.jpg,healthy,1,0,0,0,0,0
f48dd51b4e2d0f44.jpg,complex,0,0,0,0,0,1
a8b4d1f0e959d750.jpg,rust,0,0,0,1,0,0
89bdcd8b899e1926.jpg,frog_eye_leaf_spot,0,0,1,0,0,0
defe7e9568880138.jpg,scab,0,1,0,0,0,0
fc1004634d12ff3f.jpg,powdery_mildew,0,0,0,0,1,0
d4b7a38333b22d58.jpg,scab,0,1,0,0,0,0
a1cfb1fa91f80e09.jpg,scab,0,1,0,0,0,0
834cd3923a567aec.jpg,powdery_mildew,0,0,0,0,1,0
ccb846c327699d87.jpg,scab frog_eye_leaf_spot,0,1,1,0,0,0
8e8e96c59a6a01fd.jpg,scab,0,1,0,0,0,0
e234ace67299d30d.jpg,frog_eye_leaf_spot,0,0,1,0,0,0
b183de92d1381b6e.jpg,complex,0,0,0,0,0,1
f7dacac706874d04.jpg,healthy,1,0,0,0,0,0
8cda19a8392f24bf.jpg,frog_eye_leaf_spot,0,0,1,0,0,0
93d90c204f3d9bf2.jpg,healthy,1,0,0,0,0,0
d3a57b6966113613.jpg,scab,0,1,0,0,0,0
b44bba962d60566d.jpg,scab,0,1,0,0,0,0
98f2cde2e0e5e3c0.jpg,rust,0,0,0,1,0,0
a9b3946aa56cb2cc.jpg,healthy,1,0,0,0,0,0
a5b6d63e8e159831.jpg,powdery_mildew complex,0,0,0,0,1,1
8da7726a68d99998.jpg,powdery_mildew,0,0,0,0,1,0
f89dd29e913a8331.jpg,healthy,1,0,0,0,0,0
e5ecc08a3c793873.jpg,healthy,1,0,0,0,0,0
a585c19e14f895de.jpg,complex,0,0,0,0,0,1
eaa86fc81665d817.jpg,healthy,1,0,0,0,0,0
8a9a1e72a7ac507d.jpg,scab,0,1,0,0,0,0
e6329790d9473927.jpg,complex,0,0,0,0,0,1
af60c467c7278387.jpg,frog_eye_leaf_spot,0,0,1,0,0,0
95e0f230c9747bc5.jpg,frog_eye_leaf_spot,0,0,1,0,0,0
baf827069efb2045.jpg,powdery_mildew,0,0,0,0,1,0
e93ec57218685d55.jpg,healthy,1,0,0,0,0,0
e8a452dee2714ce6.jpg,rust,0,0,0,1,0,0
b5868fe54242a757.jpg,healthy,1,0,0,0,0,0
b4fad020add2427f.jpg,healthy,1,0,0,0,0,0
a17acb4d4e962974.jpg,rust,0,0,0,1,0,0
a5b297ca66370b19.jpg,complex,0,0,0,0,0,1
f1802ee312d8ec77.jpg,scab,0,1,0,0,0,0
aad0bffb1114803f.jpg,frog_eye_leaf_spot complex,0,0,1,0,0,1
b2f1899f43c9c92a.jpg,healthy,1,0,0,0,0,0
87851bc59ace671a.jpg,rust frog_eye_leaf_spot,0,0,1,1,0,0
c4ed06b4bbd92a52.jpg,scab frog_eye_leaf_spot,0,1,1,0,0,0
819a123b5a157ff2.jpg,healthy,1,0,0,0,0,0
f657c3069683d233.jpg,frog_eye_leaf_spot,0,0,1,0,0,0
eab2950de8f64f80.jpg,powdery_mildew,0,0,0,0,1,0
a4bc8365e1e38557.jpg,rust,0,0,0,1,0,0
a9e0d7f7c3124d22.jpg,healthy,1,0,0,0,0,0
b19ecaf500fb068d.jpg,frog_eye_leaf_spot,0,0,1,0,0,0
faa4708f0fdf0198.jpg,scab frog_eye_leaf_spot,0,1,1,0,0,0
dea69666de2868c8.jpg,healthy,1,0,0,0,0,0
80aaeaaa275d5e36.jpg,healthy,1,0,0,0,0,0
f06e8b295f8b64b0.jpg,healthy,1,0,0,0,0,0
daefc1c8905f8139.jpg,healthy,1,0,0,0,0,0
e0c7a1d757432cc5.jpg,scab,0,1,0,0,0,0
957c2090cd9e5af9.jpg,powdery_mildew,0,0,0,0,1,0
d1d5e28c1e0a6e97.jpg,frog_eye_leaf_spot,0,0,1,0,0,0
e4e862cac37e2738.jpg,frog_eye_leaf_spot,0,0,1,0,0,0
daeb2fc49405972a.jpg,frog_eye_leaf_spot,0,0,1,0,0,0
84e4c8c73e9983ed.jpg,powdery_mildew,0,0,0,0,1,0
a9851297f85a6aad.jpg,healthy,1,0,0,0,0,0
aec7c6a28eb7a812.jpg,healthy,1,0,0,0,0,0
e58b9e853855674a.jpg,scab,0,1,0,0,0,0
afe08e4bc47078b5.jpg,complex,0,0,0,0,0,1
a434962decbe9e12.jpg,scab frog_eye_leaf_spot,0,1,1,0,0,0
aa8397518f3d44bc.jpg,scab frog_eye_leaf_spot complex,0,1,1,0,0,1
fa0297d21fc123cb.jpg,scab frog_eye_leaf_spot,0,1,1,0,0,0
d59737ed053066a1.jpg,frog_eye_leaf_spot,0,0,1,0,0,0
a82a41c0defc8fec.jpg,scab frog_eye_leaf_spot,0,1,1,0,0,0
f5a1d2d70ad4b984.jpg,scab,0,1,0,0,0,0
d8a312cbe4f2ad32.jpg,healthy,1,0,0,0,0,0
eaaf329457d40b16.jpg,healthy,1,0,0,0,0,0
95eae1840ba50ffa.jpg,scab,0,1,0,0,0,0
8030a3a79fca6abb.jpg,rust,0,0,0,1,0,0
93831b7db531c0e5.jpg,powdery_mildew,0,0,0,0,1,0
f2dc41a1fccb6486.jpg,scab frog_eye_leaf_spot,0,1,1,0,0,0
b44bc273adb14785.jpg,scab,0,1,0,0,0,0
c0b665ed587278c3.jpg,complex,0,0,0,0,0,1
e8b3a4c8438d2f75.jpg,scab,0,1,0,0,0,0
d24e32c799613f92.jpg,powdery_mildew,0,0,0,0,1,0
c47a6ed8a111175f.jpg,scab,0,1,0,0,0,0
f7920aca5af61585.jpg,scab frog_eye_leaf_spot complex,0,1,1,0,0,1
85dd857129e5c6a6.jpg,healthy,1,0,0,0,0,0
c18d3fd012ab332f.jpg,scab,0,1,0,0,0,0
cdc03a19cda715d5.jpg,frog_eye_leaf_spot,0,0,1,0,0,0
f1048e4ad0fa8e3f.jpg,complex,0,0,0,0,0,1
aadcc108446675ff.jpg,healthy,1,0,0,0,0,0
eeec941f18c07c78.jpg,healthy,1,0,0,0,0,0
c7263f8fe09486aa.jpg,scab,0,1,0,0,0,0
e26ac5c59218e9cf.jpg,complex,0,0,0,0,0,1
e2f9105769d0ab47.jpg,scab,0,1,0,0,0,0
f196f11a99d91ce0.jpg,scab,0,1,0,0,0,0
cad5578b97415692.jpg,frog_eye_leaf_spot,0,0,1,0,0,0
fad5e5ca18709833.jpg,powdery_mildew,0,0,0,0,1,0
83e3d2329933c5f2.jpg,scab,0,1,0,0,0,0
82add70df6ab2854.jpg,rust,0,0,0,1,0,0
b37d88daa5c168a5.jpg,scab,0,1,0,0,0,0
c21f396847e31ba3.jpg,rust,0,0,0,1,0,0
adab04d72c8fe0d8.jpg,healthy,1,0,0,0,0,0
f12da1e03483f0bf.jpg,scab,0,1,0,0,0,0
cd27bd9139a1c1c3.jpg,frog_eye_leaf_spot,0,0,1,0,0,0
e38f131b6383b48b.jpg,scab,0,1,0,0,0,0
d2369656daca8aca.jpg,frog_eye_leaf_spot,0,0,1,0,0,0
a2ad1d8fdcc87a41.jpg,scab,0,1,0,0,0,0
8aa555561d3e7526.jpg,scab,0,1,0,0,0,0
ec94b6cfcf6d0060.jpg,scab frog_eye_leaf_spot complex,0,1,1,0,0,1
c2e93256c1b34f0f.jpg,powdery_mildew,0,0,0,0,1,0
dbb719dab03808d3.jpg,healthy,1,0,0,0,0,0
8ce35db6e11866d1.jpg,scab,0,1,0,0,0,0
a9b5d240f85f2a99.jpg,frog_eye_leaf_spot,0,0,1,0,0,0
aa92505bbd55fa41.jpg,scab,0,1,0,0,0,0
85e16fe5685a5670.jpg,rust,0,0,0,1,0,0
ddb0c9670a277253.jpg,complex,0,0,0,0,0,1
8c7f8f418e62d06b.jpg,scab,0,1,0,0,0,0
b095893ab6533ab9.jpg,complex,0,0,0,0,0,1
da3c6ec93319b2c2.jpg,scab,0,1,0,0,0,0
f8801f3f01e94e67.jpg,healthy,1,0,0,0,0,0
c61f323c1f2583f2.jpg,powdery_mildew,0,0,0,0,1,0
cda0c3db329b138e.jpg,complex,0,0,0,0,0,1
ff98c23ce05364e2.jpg,healthy,1,0,0,0,0,0
c0853c9fcb0bc7b2.jpg,rust,0,0,0,1,0,0
fa900bfc9dc701aa.jpg,healthy,1,0,0,0,0,0
d42f6ad485684e75.jpg,scab,0,1,0,0,0,0
a7b4f2d782baf400.jpg,powdery_mildew complex,0,0,0,0,1,1
b9a3d03688fc64d9.jpg,healthy,1,0,0,0,0,0
eb701f6e30b0fa81.jpg,scab,0,1,0,0,0,0
e8ff944348e0b3f0.jpg,scab,0,1,0,0,0,0
e5f71db861a4c609.jpg,healthy,1,0,0,0,0,0
e27e813b1fd520c9.jpg,frog_eye_leaf_spot,0,0,1,0,0,0
e54dc88f8978e931.jpg,frog_eye_leaf_spot,0,0,1,0,0,0
9eb4c09836eab64d.jpg,frog_eye_leaf_spot,0,0,1,0,0,0
f0c9cd6a95b55832.jpg,frog_eye_leaf_spot,0,0,1,0,0,0
ddc40183fbf9360c.jpg,rust,0,0,0,1,0,0
90e07fd645ad227c.jpg,scab,0,1,0,0,0,0
c989bf8466367c38.jpg,frog_eye_leaf_spot,0,0,1,0,0,0
be60c01bb60a1bdf.jpg,scab,0,1,0,0,0,0
e062c0b63cd36f1b.jpg,powdery_mildew,0,0,0,0,1,0
e1fa9f0c8d35aa22.jpg,frog_eye_leaf_spot,0,0,1,0,0,0
c8cf137189e91f26.jpg,healthy,1,0,0,0,0,0
b2dc95855cf3b049.jpg,rust,0,0,0,1,0,0
a03ffdc1dda205a1.jpg,scab,0,1,0,0,0,0
c8c22aadc8763eb6.jpg,frog_eye_leaf_spot complex,0,0,1,0,0,1
979968d5972234a7.jpg,scab frog_eye_leaf_spot,0,1,1,0,0,0
9295496ab7574c9c.jpg,scab,0,1,0,0,0,0
b402c0fec3aa8bd7.jpg,scab,0,1,0,0,0,0
f5ad808b9f367070.jpg,healthy,1,0,0,0,0,0
9721dae38f33e4c0.jpg,healthy,1,0,0,0,0,0
95d22134969d4f67.jpg,rust,0,0,0,1,0,0
f6e966d382908ba9.jpg,scab,0,1,0,0,0,0
bfecf67048dc02d0.jpg,frog_eye_leaf_spot,0,0,1,0,0,0
ca923e8e816e87dc.jpg,rust,0,0,0,1,0,0
fdfc7080c147c3e1.jpg,scab,0,1,0,0,0,0
9eb1e8c7899ec198.jpg,rust,0,0,0,1,0,0
c5a4af9d2849dd0b.jpg,healthy,1,0,0,0,0,0
f597c0985a9e3670.jpg,complex,0,0,0,0,0,1
95c25b7a7d1a0695.jpg,healthy,1,0,0,0,0,0
c97935761e150397.jpg,rust,0,0,0,1,0,0
e0f242706143e7fd.jpg,rust,0,0,0,1,0,0
d845c19d2dc87a3b.jpg,rust,0,0,0,1,0,0
912a1c3d3cf0ecc7.jpg,rust,0,0,0,1,0,0
a9aa4dd26e8fc0cc.jpg,frog_eye_leaf_spot,0,0,1,0,0,0
ba2cca9a4dd83366.jpg,complex,0,0,0,0,0,1
a076da6fa6ca06e4.jpg,complex,0,0,0,0,0,1
edb5c2708ec25ec4.jpg,scab,0,1,0,0,0,0
fdb4128a44fef031.jpg,rust,0,0,0,1,0,0
d0d6039f8bb594e1.jpg,healthy,1,0,0,0,0,0
efa918ce08bcc3b8.jpg,healthy,1,0,0,0,0,0
c7353ad8437c4953.jpg,rust,0,0,0,1,0,0
9f8ca42c51f95356.jpg,scab frog_eye_leaf_spot,0,1,1,0,0,0
cac737494f60950f.jpg,scab,0,1,0,0,0,0
f8fa7ba42d28a868.jpg,complex,0,0,0,0,0,1
beea28a6810d477d.jpg,scab,0,1,0,0,0,0
c5c39a8d6f723432.jpg,complex,0,0,0,0,0,1
ef49125d2e2f948c.jpg,scab,0,1,0,0,0,0
8fbc33c7895a330c.jpg,rust,0,0,0,1,0,0
d13a2389670b0f6f.jpg,frog_eye_leaf_spot,0,0,1,0,0,0
b5d079ed1c2426e5.jpg,frog_eye_leaf_spot,0,0,1,0,0,0
d0e017d5e1ca478f.jpg,healthy,1,0,0,0,0,0
a8eb95c7d85e482a.jpg,complex,0,0,0,0,0,1
d586c8248da6ddcb.jpg,complex,0,0,0,0,0,1
dd343f9039037987.jpg,healthy,1,0,0,0,0,0
d04639dec3e096f1.jpg,scab,0,1,0,0,0,0
e290daf89d49b81e.jpg,rust,0,0,0,1,0,0
ab60d2ca0eec6cae.jpg,scab,0,1,0,0,0,0
a9c2c695cd5b6469.jpg,scab,0,1,0,0,0,0
f16b9b7874302e4a.jpg,healthy,1,0,0,0,0,0
ffbe2f800823d037.jpg,scab,0,1,0,0,0,0
8a791370f72487ae.jpg,healthy,1,0,0,0,0,0
a96274d5592cbd8a.jpg,frog_eye_leaf_spot,0,0,1,0,0,0
c66d1ecf703c8cd0.jpg,healthy,1,0,0,0,0,0
b494c96c5e7f8823.jpg,powdery_mildew,0,0,0,0,1,0
b232674ccd98c6dc.jpg,frog_eye_leaf_spot,0,0,1,0,0,0
fe7a17c56884c662.jpg,healthy,1,0,0,0,0,0
caea018ede1e80df.jpg,scab,0,1,0,0,0,0
c1a70ac1bf08f71e.jpg,scab,0,1,0,0,0,0
d1e50ce8385a2afe.jpg,scab,0,1,0,0,0,0
cba48fa2b5bc168c.jpg,scab frog_eye_leaf_spot complex,0,1,1,0,0,1
ad9402e91c87f8de.jpg,scab frog_eye_leaf_spot,0,1,1,0,0,0
9b0270ec99d0676f.jpg,rust,0,0,0,1,0,0
aaa9b514c55aa575.jpg,scab frog_eye_leaf_spot,0,1,1,0,0,0
b0909768e1f46bab.jpg,powdery_mildew,0,0,0,0,1,0
c8ff7c01818fe30e.jpg,scab,0,1,0,0,0,0
ff331233da9091ca.jpg,rust complex,0,0,0,1,0,1
abc52fcf94146c32.jpg,healthy,1,0,0,0,0,0
dbd5258e307060fb.jpg,rust,0,0,0,1,0,0
fd24f8d20091ae9f.jpg,healthy,1,0,0,0,0,0
d437e82acf21cf60.jpg,scab frog_eye_leaf_spot,0,1,1,0,0,0
ea8545ba466ddaa8.jpg,healthy,1,0,0,0,0,0
fd1ad278b64a34c8.jpg,rust,0,0,0,1,0,0
ed96969ad6954a41.jpg,scab,0,1,0,0,0,0
e3e080374b7a65e3.jpg,frog_eye_leaf_spot,0,0,1,0,0,0
d27dda4393d038f0.jpg,scab,0,1,0,0,0,0
af090bb538c371bc.jpg,rust,0,0,0,1,0,0
c7e8db472fa28c09.jpg,frog_eye_leaf_spot,0,0,1,0,0,0
8bf8809bf2db065c.jpg,frog_eye_leaf_spot,0,0,1,0,0,0
fc05ae7d8b209b07.jpg,scab,0,1,0,0,0,0
c2017eabe3c7c4c3.jpg,complex,0,0,0,0,0,1
ebb1e40cf28c09ee.jpg,rust,0,0,0,1,0,0
fc27a90aaf21535a.jpg,scab,0,1,0,0,0,0
fabf979292111b88.jpg,scab,0,1,0,0,0,0
b4a4c0ef8ba8cfc8.jpg,frog_eye_leaf_spot,0,0,1,0,0,0
e5b5759a7b49c201.jpg,frog_eye_leaf_spot,0,0,1,0,0,0
d6d59a46c222c87f.jpg,frog_eye_leaf_spot,0,0,1,0,0,0
e5e01592f030eebb.jpg,rust,0,0,0,1,0,0
fe94f28ac0fe81a4.jpg,healthy,1,0,0,0,0,0
85d027d8ed068e3f.jpg,frog_eye_leaf_spot,0,0,1,0,0,0
b88a17fd98c2a50f.jpg,rust,0,0,0,1,0,0
fd2e84170f9e54c1.jpg,scab,0,1,0,0,0,0
fde1b2138b6c0c6c.jpg,scab,0,1,0,0,0,0
f59ac4019c0f73bc.jpg,complex,0,0,0,0,0,1
f4988e8d2d0c6bb3.jpg,healthy,1,0,0,0,0,0
d07a5cb07c83e29e.jpg,healthy,1,0,0,0,0,0
abc09cd235cf6649.jpg,healthy,1,0,0,0,0,0
9b3d70af19027a8e.jpg,scab,0,1,0,0,0,0
9ce47bc2dca4308f.jpg,powdery_mildew,0,0,0,0,1,0
a0d95a2d9507afd4.jpg,powdery_mildew,0,0,0,0,1,0
a1e2c5531d3aab3a.jpg,scab frog_eye_leaf_spot,0,1,1,0,0,0
e1a48b71253ec7a6.jpg,frog_eye_leaf_spot,0,0,1,0,0,0
8f3b45ca0c71673c.jpg,healthy,1,0,0,0,0,0
f8b861c5d38fd490.jpg,frog_eye_leaf_spot,0,0,1,0,0,0
d695a197344998b7.jpg,scab,0,1,0,0,0,0
ac8b4b9e475a9649.jpg,healthy,1,0,0,0,0,0
9664b58b859ba8ea.jpg,scab,0,1,0,0,0,0
a324c5137374f2ec.jpg,powdery_mildew,0,0,0,0,1,0
bed39e30619ca43a.jpg,rust,0,0,0,1,0,0
c435d021fec47fc4.jpg,frog_eye_leaf_spot,0,0,1,0,0,0
a0c887fd98316d37.jpg,complex,0,0,0,0,0,1
889f6518ef324771.jpg,scab,0,1,0,0,0,0
ef9acbd00fc6282a.jpg,scab,0,1,0,0,0,0
88f6cb2783a767c0.jpg,scab,0,1,0,0,0,0
f4cb0b9e3c79818c.jpg,rust,0,0,0,1,0,0
bb13607fc2b07ec0.jpg,scab,0,1,0,0,0,0
d1cb3f0b30172f34.jpg,scab,0,1,0,0,0,0
98e8c3d1f6d86e18.jpg,scab,0,1,0,0,0,0
e8fdc098ab583738.jpg,healthy,1,0,0,0,0,0
c1b585dd9cb4b838.jpg,scab,0,1,0,0,0,0
afffb45096109253.jpg,scab,0,1,0,0,0,0
d4bbc76c24cc5694.jpg,frog_eye_leaf_spot,0,0,1,0,0,0
a9ddc5539703522b.jpg,scab,0,1,0,0,0,0
aff81e8251c06bbc.jpg,frog_eye_leaf_spot,0,0,1,0,0,0
b8f485c39ef2b0c1.jpg,complex,0,0,0,0,0,1
8be170cb94d58da9.jpg,frog_eye_leaf_spot,0,0,1,0,0,0
f6afedc700c2211b.jpg,powdery_mildew,0,0,0,0,1,0
9b850760797fb614.jpg,healthy,1,0,0,0,0,0
efa4c77ade648021.jpg,healthy,1,0,0,0,0,0
c8e94bc36d1f109d.jpg,powdery_mildew complex,0,0,0,0,1,1
cff73f9f108081c2.jpg,rust,0,0,0,1,0,0
c6aed22d906bb523.jpg,frog_eye_leaf_spot,0,0,1,0,0,0
a92bf2075cf1668a.jpg,scab,0,1,0,0,0,0
bda452c29c1b9a5d.jpg,frog_eye_leaf_spot,0,0,1,0,0,0
f0dc34ce2d83293e.jpg,healthy,1,0,0,0,0,0
d5f5359d40aec258.jpg,healthy,1,0,0,0,0,0
ad92d57957207478.jpg,frog_eye_leaf_spot,0,0,1,0,0,0
fd85c4cb06c03e57.jpg,complex,0,0,0,0,0,1
e196d28e25fc38c9.jpg,healthy,1,0,0,0,0,0
a13f87e591dfa108.jpg,scab,0,1,0,0,0,0
a4d71aa9157ab856.jpg,healthy,1,0,0,0,0,0
dd607b733189d0ca.jpg,scab,0,1,0,0,0,0
aaade70c8c9cdcc8.jpg,frog_eye_leaf_spot,0,0,1,0,0,0
91c1b5285bfc9556.jpg,frog_eye_leaf_spot,0,0,1,0,0,0
e7af38d039f6c600.jpg,scab,0,1,0,0,0,0
ebe9f0f081c42ec5.jpg,scab,0,1,0,0,0,0
a5b37023cc3c7987.jpg,powdery_mildew,0,0,0,0,1,0
becdd2e50b1230ad.jpg,healthy,1,0,0,0,0,0
b30ef1602ed307ad.jpg,healthy,1,0,0,0,0,0
a599e4e9b90a4ab6.jpg,frog_eye_leaf_spot,0,0,1,0,0,0
c3cce30ea5c01ee7.jpg,rust,0,0,0,1,0,0
c6dccbfe14476403.jpg,healthy,1,0,0,0,0,0
f56ac3207e83e1b4.jpg,frog_eye_leaf_spot,0,0,1,0,0,0
ceb331cca3334475.jpg,healthy,1,0,0,0,0,0
e9914a729f5cb0a6.jpg,healthy,1,0,0,0,0,0
ee90c7ce1e566c48.jpg,powdery_mildew,0,0,0,0,1,0
f6a6e2ca93274c58.jpg,healthy,1,0,0,0,0,0
de49c39aad36618a.jpg,rust,0,0,0,1,0,0
f59285924f9e584d.jpg,healthy,1,0,0,0,0,0
95e1ca93ea95256c.jpg,healthy,1,0,0,0,0,0
eabda0e0cf203d8d.jpg,scab,0,1,0,0,0,0
82ac2520151ffb7f.jpg,healthy,1,0,0,0,0,0
ada150d75653d646.jpg,frog_eye_leaf_spot,0,0,1,0,0,0
b42b80b74faa34cb.jpg,frog_eye_leaf_spot complex,0,0,1,0,0,1
cde06af63e04198f.jpg,frog_eye_leaf_spot,0,0,1,0,0,0
839464c30fca9f9e.jpg,healthy,1,0,0,0,0,0
915ead6890e5eae4.jpg,frog_eye_leaf_spot,0,0,1,0,0,0
c0d193afd90bca1e.jpg,powdery_mildew,0,0,0,0,1,0
a590d258c57d4fb8.jpg,frog_eye_leaf_spot,0,0,1,0,0,0
ac4995f982d6ed12.jpg,frog_eye_leaf_spot,0,0,1,0,0,0
b8e9da951d6a6126.jpg,frog_eye_leaf_spot,0,0,1,0,0,0
f511f229c175897a.jpg,scab frog_eye_leaf_spot,0,1,1,0,0,0
92546ad834d756d5.jpg,scab,0,1,0,0,0,0
dd8b8137e0a37a43.jpg,frog_eye_leaf_spot,0,0,1,0,0,0
d3c22b95c222bd5e.jpg,powdery_mildew,0,0,0,0,1,0
f0af52608de7193a.jpg,frog_eye_leaf_spot,0,0,1,0,0,0
c7b478d648931597.jpg,scab,0,1,0,0,0,0
d0ad35e0994a9d4f.jpg,scab,0,1,0,0,0,0
abb737921052eaac.jpg,scab,0,1,0,0,0,0
a18e9b0d487664f7.jpg,healthy,1,0,0,0,0,0
a4c09ab9c5967ec9.jpg,scab,0,1,0,0,0,0
f3f6071c28614d6d.jpg,rust,0,0,0,1,0,0
ea70e75d93a89245.jpg,rust,0,0,0,1,0,0
d09555dbb4a71543.jpg,complex,0,0,0,0,0,1
8da787583a388cfc.jpg,frog_eye_leaf_spot,0,0,1,0,0,0
e135db37c5d33018.jpg,healthy,1,0,0,0,0,0
fcf4081e9ca09d73.jpg,healthy,1,0,0,0,0,0
92613acfe33c8b70.jpg,rust,0,0,0,1,0,0
fd05b53c117bc24a.jpg,healthy,1,0,0,0,0,0
a96b95950e0634fe.jpg,frog_eye_leaf_spot,0,0,1,0,0,0
86c8358db7d560ad.jpg,healthy,1,0,0,0,0,0
e13fb40087e0fec6.jpg,scab,0,1,0,0,0,0
fd9e9089c059c717.jpg,scab,0,1,0,0,0,0
f0d21e561e3562ab.jpg,scab,0,1,0,0,0,0
95ae92b462ca9bb4.jpg,scab,0,1,0,0,0,0
ecbfd2c0c8950f91.jpg,healthy,1,0,0,0,0,0
f9899e870ea3e388.jpg,frog_eye_leaf_spot,0,0,1,0,0,0
c5b097983f1f270c.jpg,complex,0,0,0,0,0,1
b5d2da4c7e342235.jpg,complex,0,0,0,0,0,1
af15e4b85678fa40.jpg,rust,0,0,0,1,0,0
e4ccc4951bf3e0c6.jpg,healthy,1,0,0,0,0,0
9325c758b5993333.jpg,powdery_mildew,0,0,0,0,1,0
9139d03c4fc91fe4.jpg,healthy,1,0,0,0,0,0
c938d578cbc119cd.jpg,scab,0,1,0,0,0,0
b4f365f16229c2d2.jpg,healthy,1,0,0,0,0,0
f37f07157c1b5011.jpg,healthy,1,0,0,0,0,0
dbba615b96d032c8.jpg,healthy,1,0,0,0,0,0
c1313b58da19bde1.jpg,healthy,1,0,0,0,0,0
fcf47dab0b285409.jpg,scab,0,1,0,0,0,0
f5e010dcd3c8ed0d.jpg,healthy,1,0,0,0,0,0
aa59944bddad428d.jpg,frog_eye_leaf_spot,0,0,1,0,0,0
d2dc7fa03d141ec2.jpg,healthy,1,0,0,0,0,0
b478d98c6272398f.jpg,healthy,1,0,0,0,0,0
d252f81a32dbc715.jpg,rust,0,0,0,1,0,0
c0cbd4be96b58721.jpg,frog_eye_leaf_spot,0,0,1,0,0,0
851a8338f80fe6eb.jpg,healthy,1,0,0,0,0,0
9af936ad0d11495b.jpg,scab frog_eye_leaf_spot complex,0,1,1,0,0,1
c5216567f3231f07.jpg,scab,0,1,0,0,0,0
f486e17e8d068a3e.jpg,scab frog_eye_leaf_spot,0,1,1,0,0,0
e0fad5a990af415c.jpg,frog_eye_leaf_spot,0,0,1,0,0,0
928524ea9778cb9e.jpg,complex,0,0,0,0,0,1
93fbe07c451a874a.jpg,scab,0,1,0,0,0,0
b4b6f86d7462052d.jpg,frog_eye_leaf_spot,0,0,1,0,0,0
fd08ca2f8ebd2416.jpg,frog_eye_leaf_spot,0,0,1,0,0,0
d0168db61fc01fc7.jpg,healthy,1,0,0,0,0,0
a8f194514ba3b0fe.jpg,scab,0,1,0,0,0,0
a8b395f1999549ca.jpg,frog_eye_leaf_spot,0,0,1,0,0,0
94e1c00f7d3c31f3.jpg,complex,0,0,0,0,0,1
f7815d076e02e0de.jpg,frog_eye_leaf_spot,0,0,1,0,0,0
abda30b2959a74d1.jpg,healthy,1,0,0,0,0,0
de9e08002cb77ff0.jpg,complex,0,0,0,0,0,1
e1ce3f611e5ec430.jpg,rust,0,0,0,1,0,0
a7271d063bfa22d1.jpg,scab,0,1,0,0,0,0
c6a498373f96368a.jpg,rust,0,0,0,1,0,0
a71f2fcc4b14266c.jpg,complex,0,0,0,0,0,1
ad600a9ff749958a.jpg,frog_eye_leaf_spot,0,0,1,0,0,0
9bb9694b8e09e6a2.jpg,rust frog_eye_leaf_spot,0,0,1,1,0,0
a0759692b5cb7364.jpg,scab,0,1,0,0,0,0
8c8f6df5b4e070c8.jpg,rust frog_eye_leaf_spot,0,0,1,1,0,0
9f6735bc1a4a1895.jpg,scab,0,1,0,0,0,0
90c12bd0df83d52f.jpg,scab,0,1,0,0,0,0
fcb99b5819258746.jpg,complex,0,0,0,0,0,1
82fc37c398513727.jpg,healthy,1,0,0,0,0,0
ceb53cc17cb898a8.jpg,frog_eye_leaf_spot,0,0,1,0,0,0
8e5e69907ab6684e.jpg,frog_eye_leaf_spot,0,0,1,0,0,0
bd91c80fdd18baa8.jpg,scab,0,1,0,0,0,0
bdb3662d1a9c21c6.jpg,frog_eye_leaf_spot,0,0,1,0,0,0
95ee528ac9ac6d64.jpg,scab,0,1,0,0,0,0
c1c5d5c15a3a7a1b.jpg,scab,0,1,0,0,0,0
96d777d8a9222a98.jpg,scab,0,1,0,0,0,0
bf8fdcf0dc2060b0.jpg,complex,0,0,0,0,0,1
cc389e7c4a21bc73.jpg,scab,0,1,0,0,0,0
c48a3ed0871fe89e.jpg,scab,0,1,0,0,0,0
9bae271592e9e4c2.jpg,powdery_mildew,0,0,0,0,1,0
809f7a9f5af618a0.jpg,scab,0,1,0,0,0,0
bcad8d9cd9435849.jpg,frog_eye_leaf_spot,0,0,1,0,0,0
89423abdd8a3e2e5.jpg,healthy,1,0,0,0,0,0
e84f213896e3b8b5.jpg,scab,0,1,0,0,0,0
c54a8b7cd5754760.jpg,rust complex,0,0,0,1,0,1
a2dc70e58203eedb.jpg,scab,0,1,0,0,0,0
b790c36cc62452ef.jpg,frog_eye_leaf_spot,0,0,1,0,0,0
f18785b6383236ab.jpg,complex,0,0,0,0,0,1
b590496c83f349f5.jpg,scab frog_eye_leaf_spot,0,1,1,0,0,0
a3c7b7b1c396490a.jpg,scab,0,1,0,0,0,0
affc5b4c88762990.jpg,complex,0,0,0,0,0,1
adb5c5b70acb5244.jpg,frog_eye_leaf_spot,0,0,1,0,0,0
b59f81a4e562a2a7.jpg,healthy,1,0,0,0,0,0
a4e689347133f98e.jpg,rust,0,0,0,1,0,0
cf13f685a1a503ab.jpg,scab frog_eye_leaf_spot,0,1,1,0,0,0
d20da1a5b6725b1b.jpg,scab,0,1,0,0,0,0
d06e81949e5f6a59.jpg,scab,0,1,0,0,0,0
e1e4cf92b1342766.jpg,frog_eye_leaf_spot,0,0,1,0,0,0
fd0ac195cf948792.jpg,healthy,1,0,0,0,0,0
fb51107e42f4eac8.jpg,frog_eye_leaf_spot,0,0,1,0,0,0
b873e4ba1c72421f.jpg,healthy,1,0,0,0,0,0
f2530b803ef4e0de.jpg,complex,0,0,0,0,0,1
d18c39876977c8a3.jpg,complex,0,0,0,0,0,1
edca58b473157861.jpg,scab,0,1,0,0,0,0
ece54474a6c0373d.jpg,healthy,1,0,0,0,0,0
ede9cac2222b23b5.jpg,frog_eye_leaf_spot complex,0,0,1,0,0,1
90c790666f674f58.jpg,healthy,1,0,0,0,0,0
8aa9c1f9cc1978bc.jpg,scab,0,1,0,0,0,0
f1589c971fc8c968.jpg,rust,0,0,0,1,0,0
833cad8178db251f.jpg,healthy,1,0,0,0,0,0
ca26391c54b358ef.jpg,healthy,1,0,0,0,0,0
c7a822cf790aaa5d.jpg,scab,0,1,0,0,0,0
c39e6fbe8160da44.jpg,scab,0,1,0,0,0,0
dd8603d967a3d506.jpg,scab,0,1,0,0,0,0
d4226a952956afda.jpg,scab,0,1,0,0,0,0
ddde0c01e68ce666.jpg,powdery_mildew,0,0,0,0,1,0
c9552feaf086c05e.jpg,frog_eye_leaf_spot,0,0,1,0,0,0
f3a38773b01f10c5.jpg,scab,0,1,0,0,0,0
b5abd2958b12c987.jpg,scab frog_eye_leaf_spot,0,1,1,0,0,0
f0a093c28bcbdc4f.jpg,frog_eye_leaf_spot,0,0,1,0,0,0
d4adccda2521e656.jpg,frog_eye_leaf_spot,0,0,1,0,0,0
cb7765de1289d04c.jpg,frog_eye_leaf_spot,0,0,1,0,0,0
ec7443e0c8876d76.jpg,frog_eye_leaf_spot,0,0,1,0,0,0
a5e0d6949c39696b.jpg,rust,0,0,0,1,0,0
cf4e3215cb2c194f.jpg,healthy,1,0,0,0,0,0
9cc1c295c5be3d34.jpg,rust,0,0,0,1,0,0
f5f41b89096938b5.jpg,healthy,1,0,0,0,0,0
b1f1c3272dce28b8.jpg,rust,0,0,0,1,0,0
c1ec9ac139d7306b.jpg,scab,0,1,0,0,0,0
83ac7fc02dc0ab2f.jpg,scab,0,1,0,0,0,0
9ea0d6d248a32f6d.jpg,scab,0,1,0,0,0,0
ceb4789d8dc3a425.jpg,scab,0,1,0,0,0,0
c3a5b173d1f00e5c.jpg,scab,0,1,0,0,0,0
81b9928b4a656ff4.jpg,scab,0,1,0,0,0,0
8fbf20c50c443ede.jpg,scab,0,1,0,0,0,0
a9f55623470e9c9a.jpg,rust,0,0,0,1,0,0
b89ebba0292f6265.jpg,frog_eye_leaf_spot,0,0,1,0,0,0
b6e2469d1113b9ab.jpg,powdery_mildew,0,0,0,0,1,0
c11ed1da2d633e61.jpg,powdery_mildew,0,0,0,0,1,0
e8ffc10087702e3f.jpg,scab frog_eye_leaf_spot,0,1,1,0,0,0
8f58cc94917738a7.jpg,rust,0,0,0,1,0,0
eeb481a75c3295b8.jpg,frog_eye_leaf_spot,0,0,1,0,0,0
e4d6a94b90ce2fe0.jpg,complex,0,0,0,0,0,1
fb9ed19792e09045.jpg,frog_eye_leaf_spot,0,0,1,0,0,0
ab83c0d147c3db66.jpg,rust,0,0,0,1,0,0
a8add49f4b630d16.jpg,scab,0,1,0,0,0,0
8bf4c574e4c5a48b.jpg,frog_eye_leaf_spot,0,0,1,0,0,0
edb5000ace83dfc6.jpg,scab frog_eye_leaf_spot,0,1,1,0,0,0
e90aed9ec8720f43.jpg,powdery_mildew,0,0,0,0,1,0
cae43d90bc105e3f.jpg,scab,0,1,0,0,0,0
f290d75a1cbd0791.jpg,scab,0,1,0,0,0,0
aec7d49a1a4a6b25.jpg,complex,0,0,0,0,0,1
bb0cad7548b2af41.jpg,frog_eye_leaf_spot,0,0,1,0,0,0
a13293b2db4b6959.jpg,healthy,1,0,0,0,0,0
d50f866815fb64a3.jpg,healthy,1,0,0,0,0,0
bfb0d3d299b10863.jpg,scab,0,1,0,0,0,0
bf23077794425e0b.jpg,scab,0,1,0,0,0,0
ff3c25c5875210d3.jpg,frog_eye_leaf_spot,0,0,1,0,0,0
86ea27634759d855.jpg,scab,0,1,0,0,0,0
fd05f83c89628b63.jpg,scab frog_eye_leaf_spot,0,1,1,0,0,0
ecdec4309c61fc07.jpg,scab,0,1,0,0,0,0
b4e5cac33e75248a.jpg,complex,0,0,0,0,0,1
e9adc2d4ffe820a0.jpg,healthy,1,0,0,0,0,0
c0d2c496bb3c732d.jpg,rust,0,0,0,1,0,0
80f4549ce81eefe1.jpg,healthy,1,0,0,0,0,0
c1c1873e3e3970e3.jpg,rust,0,0,0,1,0,0
ded8a5db8c0b8d09.jpg,frog_eye_leaf_spot,0,0,1,0,0,0
beb6e3a897564902.jpg,scab frog_eye_leaf_spot,0,1,1,0,0,0
a4c99cde7ca46266.jpg,healthy,1,0,0,0,0,0
ab9599969a12696d.jpg,healthy,1,0,0,0,0,0
cfb362df500b38a8.jpg,scab,0,1,0,0,0,0
ad352a859eab01eb.jpg,healthy,1,0,0,0,0,0
a1ad49dac954d9a9.jpg,scab frog_eye_leaf_spot complex,0,1,1,0,0,1
df8e2c4741c6cdc4.jpg,scab,0,1,0,0,0,0
e92b6d86317d92a8.jpg,scab frog_eye_leaf_spot,0,1,1,0,0,0
f5d6cbd3494c3019.jpg,rust,0,0,0,1,0,0
ccca04afe222abeb.jpg,scab,0,1,0,0,0,0
d2dac2f94b4d0d52.jpg,healthy,1,0,0,0,0,0
d024fbf20fb07c51.jpg,powdery_mildew,0,0,0,0,1,0
d262d839de14ae3c.jpg,powdery_mildew complex,0,0,0,0,1,1
85e0c988c4e787fe.jpg,healthy,1,0,0,0,0,0
a576eb7d8a255850.jpg,complex,0,0,0,0,0,1
92834ff8f036e60b.jpg,healthy,1,0,0,0,0,0
bf37e8d6824883c9.jpg,scab frog_eye_leaf_spot,0,1,1,0,0,0
d7f758215548358d.jpg,frog_eye_leaf_spot,0,0,1,0,0,0
c0025b2b7c77d5d4.jpg,scab,0,1,0,0,0,0
8d5af4a1b346b0e5.jpg,complex,0,0,0,0,0,1
a5f6d234ca05d98d.jpg,scab,0,1,0,0,0,0
ff5abca8c03264d8.jpg,powdery_mildew,0,0,0,0,1,0
f14ac31da5b0638f.jpg,frog_eye_leaf_spot complex,0,0,1,0,0,1
b49f538f08a6c87c.jpg,rust,0,0,0,1,0,0
bd4888a6775af2c8.jpg,healthy,1,0,0,0,0,0
e9ff1bc90260999a.jpg,scab,0,1,0,0,0,0
d4c86b45febb1442.jpg,scab,0,1,0,0,0,0
c0c73d4ea046bf6c.jpg,scab,0,1,0,0,0,0
ad8085cfd8f16aaa.jpg,scab,0,1,0,0,0,0
e5adc490107378ef.jpg,healthy,1,0,0,0,0,0
fbbbb86b18831a50.jpg,rust,0,0,0,1,0,0
d6a3a919b879e541.jpg,healthy,1,0,0,0,0,0
d3c36b0767d6a08a.jpg,frog_eye_leaf_spot,0,0,1,0,0,0
a586e700ab443ff5.jpg,scab,0,1,0,0,0,0
908fe0fa0f24fb1a.jpg,healthy,1,0,0,0,0,0
bd4794b0ea3ac4f0.jpg,frog_eye_leaf_spot,0,0,1,0,0,0
81cf7d7854071753.jpg,healthy,1,0,0,0,0,0
f7fac28d94b14164.jpg,rust,0,0,0,1,0,0
e1f1ce50b0ad31c7.jpg,scab,0,1,0,0,0,0
bf2bb4d05ba240da.jpg,frog_eye_leaf_spot,0,0,1,0,0,0
9ccbc2c5d1aaf078.jpg,healthy,1,0,0,0,0,0
f9ca3cc3824e7a54.jpg,scab frog_eye_leaf_spot,0,1,1,0,0,0
a0ed9ad6c7096a55.jpg,healthy,1,0,0,0,0,0
81ef1bc2e12da36a.jpg,scab frog_eye_leaf_spot complex,0,1,1,0,0,1
c42fdc165d328df0.jpg,scab,0,1,0,0,0,0
eeb185a3859636c6.jpg,healthy,1,0,0,0,0,0
bbb9d4980dac9269.jpg,complex,0,0,0,0,0,1
bba5c1fe8401f20f.jpg,healthy,1,0,0,0,0,0
e08799ce343e9de0.jpg,rust,0,0,0,1,0,0
83e55783c61d993a.jpg,scab,0,1,0,0,0,0
a09ef06c5ea00fee.jpg,healthy,1,0,0,0,0,0
f8f7d24b89458507.jpg,scab,0,1,0,0,0,0
d2e1930c1bf238f3.jpg,healthy,1,0,0,0,0,0
eca26a8bb575488e.jpg,powdery_mildew,0,0,0,0,1,0
b57d58d0414f4dcc.jpg,powdery_mildew,0,0,0,0,1,0
f07ac7cd1ae0e183.jpg,scab frog_eye_leaf_spot,0,1,1,0,0,0
89888deda92dacbc.jpg,scab,0,1,0,0,0,0
be0fc25d2d87a485.jpg,frog_eye_leaf_spot,0,0,1,0,0,0
b27f843e5f30084f.jpg,powdery_mildew,0,0,0,0,1,0
a5aad4d2bd9c6a21.jpg,healthy,1,0,0,0,0,0
e7c70258782b237b.jpg,frog_eye_leaf_spot,0,0,1,0,0,0
d4f3c2d24bcd250e.jpg,healthy,1,0,0,0,0,0
813fcb087e9b32e2.jpg,scab,0,1,0,0,0,0
87f2388ddbd0aa16.jpg,powdery_mildew,0,0,0,0,1,0
90fb74d027ab7702.jpg,frog_eye_leaf_spot,0,0,1,0,0,0
9be4d9d26ab140ea.jpg,scab,0,1,0,0,0,0
aa351f32ed721531.jpg,scab,0,1,0,0,0,0
942abed8f0c4f8e8.jpg,frog_eye_leaf_spot,0,0,1,0,0,0
e9fd1f647a434086.jpg,scab,0,1,0,0,0,0
d3fd7b8e048e1622.jpg,powdery_mildew,0,0,0,0,1,0
e48538d736e84e9a.jpg,rust,0,0,0,1,0,0
a2956665b19bd85c.jpg,scab,0,1,0,0,0,0
bbd435b325715941.jpg,healthy,1,0,0,0,0,0
bb872f29c0935a78.jpg,powdery_mildew,0,0,0,0,1,0
ab8494c2ce6fa467.jpg,scab,0,1,0,0,0,0
a364babd12a5ac2b.jpg,frog_eye_leaf_spot,0,0,1,0,0,0
ce226a3cb099db4b.jpg,complex,0,0,0,0,0,1
a429d43acd2729d7.jpg,scab,0,1,0,0,0,0
b0bcc12cc73bb730.jpg,healthy,1,0,0,0,0,0
ad93e0face381634.jpg,healthy,1,0,0,0,0,0
da33089dbd2e4356.jpg,scab,0,1,0,0,0,0
becf9cf4d00480cf.jpg,frog_eye_leaf_spot,0,0,1,0,0,0
f8f0d7e1e809c10f.jpg,scab,0,1,0,0,0,0
d2b867c032eadb64.jpg,scab,0,1,0,0,0,0
a4b88e49dcb5313b.jpg,healthy,1,0,0,0,0,0
946d48cf9d11e8ea.jpg,complex,0,0,0,0,0,1
dbb623a6b4a6424b.jpg,scab,0,1,0,0,0,0
98c9789dcb90d1b9.jpg,scab,0,1,0,0,0,0
c5c22d887c3dd0ed.jpg,rust,0,0,0,1,0,0
cc9aa03ddf0f8d50.jpg,scab,0,1,0,0,0,0
a2f9d289c8d64b8b.jpg,healthy,1,0,0,0,0,0
a5c4a2d1ea4638ef.jpg,complex,0,0,0,0,0,1
b7b4fa52d128a0ae.jpg,scab,0,1,0,0,0,0
e05e96c2608acf3f.jpg,healthy,1,0,0,0,0,0
f871952bdc2da854.jpg,healthy,1,0,0,0,0,0
ebb14c6612d989ec.jpg,healthy,1,0,0,0,0,0
9ace4c2f12e9845f.jpg,rust,0,0,0,1,0,0
bf92d511887f14d4.jpg,rust,0,0,0,1,0,0
bf3d819ac0c3dd0c.jpg,rust,0,0,0,1,0,0
da88e0b89ded7c06.jpg,frog_eye_leaf_spot,0,0,1,0,0,0
b4eba088e9d019df.jpg,healthy,1,0,0,0,0,0
b4e9c485361b59b5.jpg,rust,0,0,0,1,0,0
8d2f79d5918017c7.jpg,scab,0,1,0,0,0,0
e09617da6991cf49.jpg,frog_eye_leaf_spot,0,0,1,0,0,0
fcc3224657f468a3.jpg,healthy,1,0,0,0,0,0
c3c13a9b21b4e747.jpg,powdery_mildew,0,0,0,0,1,0
84cb7825f135371d.jpg,frog_eye_leaf_spot,0,0,1,0,0,0
ff824a75588091fb.jpg,frog_eye_leaf_spot,0,0,1,0,0,0
8fb63ed66891b0d0.jpg,healthy,1,0,0,0,0,0
d629f4c3ca878749.jpg,healthy,1,0,0,0,0,0
b76bab449b542855.jpg,scab,0,1,0,0,0,0
b8a92507d7d494bc.jpg,frog_eye_leaf_spot,0,0,1,0,0,0
929b16251fcaafc4.jpg,rust,0,0,0,1,0,0
98a191be427dd9e2.jpg,scab,0,1,0,0,0,0
b66592d5c8cd816d.jpg,scab,0,1,0,0,0,0
9fbd098b6d0543a5.jpg,complex,0,0,0,0,0,1
a5d8cb6ca068f26d.jpg,powdery_mildew,0,0,0,0,1,0
c93769481eaa56dc.jpg,frog_eye_leaf_spot,0,0,1,0,0,0
bcb79a2f01b6039a.jpg,scab,0,1,0,0,0,0
ec60fc9fc1c11bc1.jpg,scab frog_eye_leaf_spot complex,0,1,1,0,0,1
a18056abb64d9f96.jpg,frog_eye_leaf_spot,0,0,1,0,0,0
f4b3cb8f305c1a23.jpg,scab,0,1,0,0,0,0
a03f973bda0f0361.jpg,frog_eye_leaf_spot,0,0,1,0,0,0
a1b0d0871f0dcff8.jpg,scab,0,1,0,0,0,0
85f16dde871c9a21.jpg,scab,0,1,0,0,0,0
aa1bf01791ab8f83.jpg,healthy,1,0,0,0,0,0
95a15a575b4ba8a9.jpg,healthy,1,0,0,0,0,0
b0d5c71f51c17a8a.jpg,rust,0,0,0,1,0,0
a3f803b4e5d2b651.jpg,scab,0,1,0,0,0,0
f0a3cf4b78c2a0ce.jpg,frog_eye_leaf_spot,0,0,1,0,0,0
bf7f00c2611faa8a.jpg,healthy,1,0,0,0,0,0
ade496dbcbe4006c.jpg,scab,0,1,0,0,0,0
97a83fd4d68e8185.jpg,scab,0,1,0,0,0,0
ea36ea5c4d9552a1.jpg,healthy,1,0,0,0,0,0
aae5d2cba9b418b8.jpg,frog_eye_leaf_spot,0,0,1,0,0,0
b8be26f097c1602f.jpg,scab,0,1,0,0,0,0
9e853dc69935d055.jpg,frog_eye_leaf_spot,0,0,1,0,0,0
acdb869c106d7a47.jpg,frog_eye_leaf_spot,0,0,1,0,0,0
d4221a87cf2f5569.jpg,healthy,1,0,0,0,0,0
cc8acc108fec6ddc.jpg,healthy,1,0,0,0,0,0
9ace6ac0f5153527.jpg,scab,0,1,0,0,0,0
ae7a67cb03843ba1.jpg,scab,0,1,0,0,0,0
bc7cc4d08d95b3c1.jpg,complex,0,0,0,0,0,1
8f137ee1d4f01a58.jpg,healthy,1,0,0,0,0,0
dc6984d6ae338399.jpg,frog_eye_leaf_spot complex,0,0,1,0,0,1
c0e06a871f3a5afc.jpg,healthy,1,0,0,0,0,0
fdb41bc2c8235596.jpg,scab,0,1,0,0,0,0
cc032233b787497f.jpg,powdery_mildew,0,0,0,0,1,0
f4ccca47a4174f32.jpg,scab,0,1,0,0,0,0
fe70ee8410de7aa0.jpg,healthy,1,0,0,0,0,0
9f4abc8708c7ed12.jpg,scab frog_eye_leaf_spot complex,0,1,1,0,0,1
f69ace2962c2947c.jpg,rust,0,0,0,1,0,0
aba42097fea0175b.jpg,frog_eye_leaf_spot,0,0,1,0,0,0
998d7b61a5b0719a.jpg,powdery_mildew,0,0,0,0,1,0
c187299734de1aec.jpg,scab,0,1,0,0,0,0
e8f2c69e9e58b818.jpg,scab,0,1,0,0,0,0
f886d282f99a419f.jpg,healthy,1,0,0,0,0,0
cba77f31020e326e.jpg,scab,0,1,0,0,0,0
fb1ec0dad88a709c.jpg,healthy,1,0,0,0,0,0
85edd994308a6f65.jpg,healthy,1,0,0,0,0,0
c1d58317fa8ccd0d.jpg,healthy,1,0,0,0,0,0
a9de962c33346a9a.jpg,scab,0,1,0,0,0,0
97da728b26b4aa92.jpg,scab,0,1,0,0,0,0
ab4115cb815fd1d5.jpg,healthy,1,0,0,0,0,0
8f4d343a8acde632.jpg,powdery_mildew,0,0,0,0,1,0
fab0d492c93c87f0.jpg,frog_eye_leaf_spot,0,0,1,0,0,0
abed73d8b488c298.jpg,scab,0,1,0,0,0,0
9de683ebc2986790.jpg,scab,0,1,0,0,0,0
a03f995a9b884f9c.jpg,complex,0,0,0,0,0,1
8acd47e812b173e6.jpg,frog_eye_leaf_spot,0,0,1,0,0,0
d8f13d8048f72d1e.jpg,scab,0,1,0,0,0,0
a47ae31585c9da95.jpg,powdery_mildew,0,0,0,0,1,0
90c8697a931dd61f.jpg,scab,0,1,0,0,0,0
9d4a3a18eec773a0.jpg,powdery_mildew,0,0,0,0,1,0
a1d2e582e1f0787b.jpg,rust,0,0,0,1,0,0
d2dc93a0d09bc799.jpg,healthy,1,0,0,0,0,0
a1c0339fb1f470c7.jpg,powdery_mildew,0,0,0,0,1,0
f4e68b8e34f1b818.jpg,powdery_mildew,0,0,0,0,1,0
9f003f02fffef000.jpg,scab,0,1,0,0,0,0
c0ff7c329ec054f0.jpg,frog_eye_leaf_spot,0,0,1,0,0,0
a21f839a8597788f.jpg,scab,0,1,0,0,0,0
e885c01c0fda3ed7.jpg,scab,0,1,0,0,0,0
a5a4f4bac07f88d1.jpg,healthy,1,0,0,0,0,0
ca2f3faf1584c0cc.jpg,scab,0,1,0,0,0,0
c4903b8fe5383733.jpg,frog_eye_leaf_spot,0,0,1,0,0,0
d08ff0d93e82e616.jpg,rust,0,0,0,1,0,0
fdad80d016de1acc.jpg,healthy,1,0,0,0,0,0
c6c6b8303787e3a5.jpg,healthy,1,0,0,0,0,0
b6e8cb9444f6a21e.jpg,scab,0,1,0,0,0,0
aa6a97960f9037e4.jpg,frog_eye_leaf_spot complex,0,0,1,0,0,1
b0058bdf5e3e30b8.jpg,frog_eye_leaf_spot,0,0,1,0,0,0
d5e3f785e1c1010f.jpg,scab,0,1,0,0,0,0
f4f0c8c27c8ec399.jpg,scab,0,1,0,0,0,0
c5597e86a547b4a2.jpg,frog_eye_leaf_spot,0,0,1,0,0,0
aa896f86f43a38b1.jpg,healthy,1,0,0,0,0,0
f8bfc3eaa223b104.jpg,healthy,1,0,0,0,0,0
c8f994d30a730fc3.jpg,scab,0,1,0,0,0,0
f3910fe37014713b.jpg,frog_eye_leaf_spot,0,0,1,0,0,0
eca4c53c9fe0a287.jpg,complex,0,0,0,0,0,1
b0caf5c54adc6dc0.jpg,healthy,1,0,0,0,0,0
b2ae9685eb3121ea.jpg,rust,0,0,0,1,0,0
f853b40fbfe90089.jpg,scab frog_eye_leaf_spot,0,1,1,0,0,0
a0c0576a2bfb82bb.jpg,scab,0,1,0,0,0,0
f8e7f110527a03ec.jpg,complex,0,0,0,0,0,1
b6ba9ab11bd29581.jpg,rust,0,0,0,1,0,0
fd07f03ec07e6a80.jpg,scab,0,1,0,0,0,0
f58aa75a9a6c8ac2.jpg,frog_eye_leaf_spot,0,0,1,0,0,0
a5a14a65dfd7c20c.jpg,rust,0,0,0,1,0,0
ca6e6a2510de6b59.jpg,healthy,1,0,0,0,0,0
806b46cce99acedc.jpg,frog_eye_leaf_spot,0,0,1,0,0,0
b9fdf8d8d0058496.jpg,complex,0,0,0,0,0,1
e1609e2cf81778cb.jpg,scab,0,1,0,0,0,0
89bc19fcf830c6e8.jpg,rust complex,0,0,0,1,0,1
a9ad5290a1c79bcb.jpg,frog_eye_leaf_spot,0,0,1,0,0,0
98d8e3d2ce3074d9.jpg,healthy,1,0,0,0,0,0
e1b9cdf8344194d5.jpg,healthy,1,0,0,0,0,0
daf34a33150db54c.jpg,scab,0,1,0,0,0,0
bd95d1c84bc82557.jpg,healthy,1,0,0,0,0,0
9895cac82ffa849d.jpg,frog_eye_leaf_spot,0,0,1,0,0,0
cc1f68d9f50b5027.jpg,scab,0,1,0,0,0,0
d594839c6bed310b.jpg,healthy,1,0,0,0,0,0
fd1a9a3f83708331.jpg,healthy,1,0,0,0,0,0
a4cfe095695565a5.jpg,rust,0,0,0,1,0,0
e0bf978b4ac56825.jpg,powdery_mildew,0,0,0,0,1,0
c5c012c6dbedd0ec.jpg,frog_eye_leaf_spot,0,0,1,0,0,0
fc010fb0711515ff.jpg,rust,0,0,0,1,0,0
fc97c486a0f49ce2.jpg,healthy,1,0,0,0,0,0
ad96c027c37f09e8.jpg,healthy,1,0,0,0,0,0
9a618622d5bb7599.jpg,scab,0,1,0,0,0,0
a9af94859a589ab9.jpg,scab,0,1,0,0,0,0
969bc9cd44866f23.jpg,healthy,1,0,0,0,0,0
8ff160e487b18e1d.jpg,rust,0,0,0,1,0,0
8116dfcc0ccf6636.jpg,frog_eye_leaf_spot complex,0,0,1,0,0,1
9d7c78a7308f30ac.jpg,scab,0,1,0,0,0,0
a42a5a756c25b47d.jpg,scab frog_eye_leaf_spot,0,1,1,0,0,0
cfaab2997580eea0.jpg,frog_eye_leaf_spot,0,0,1,0,0,0
dedd202ec7f07218.jpg,frog_eye_leaf_spot,0,0,1,0,0,0
95a595f356162a3a.jpg,scab,0,1,0,0,0,0
e49e853c9ea51c27.jpg,healthy,1,0,0,0,0,0
906b2f9f62c0ed68.jpg,powdery_mildew,0,0,0,0,1,0
f482c216cff5181f.jpg,healthy,1,0,0,0,0,0
f05595fe9e305223.jpg,frog_eye_leaf_spot,0,0,1,0,0,0
f8eddac2c48a970c.jpg,frog_eye_leaf_spot,0,0,1,0,0,0
9a5f6761d68d8a90.jpg,frog_eye_leaf_spot,0,0,1,0,0,0
892ed2119c39797b.jpg,rust,0,0,0,1,0,0
b699eb5b84d50a61.jpg,healthy,1,0,0,0,0,0
d0124fdecf3838b1.jpg,complex,0,0,0,0,0,1
f8f83c1d085de760.jpg,rust,0,0,0,1,0,0
c9aac762267331d9.jpg,healthy,1,0,0,0,0,0
ab1d3c03478a5df1.jpg,powdery_mildew,0,0,0,0,1,0
c09431b9cced4ee6.jpg,complex,0,0,0,0,0,1
a38ed42de37611a9.jpg,healthy,1,0,0,0,0,0
96ba4ad986a24c7d.jpg,healthy,1,0,0,0,0,0
bdac9752ca20177a.jpg,healthy,1,0,0,0,0,0
90629ac2f8cfc16f.jpg,scab,0,1,0,0,0,0
aa96c45a8d6319fc.jpg,healthy,1,0,0,0,0,0
808f897fa9e2adb0.jpg,rust,0,0,0,1,0,0
f0a9cfb2204d1b37.jpg,complex,0,0,0,0,0,1
b46a928d9b981775.jpg,scab,0,1,0,0,0,0
f08e137bdb307914.jpg,powdery_mildew complex,0,0,0,0,1,1
ddf33930e110d7c1.jpg,frog_eye_leaf_spot,0,0,1,0,0,0
b8c5c0ff9e42a683.jpg,rust,0,0,0,1,0,0
d8e0323af4c6274f.jpg,powdery_mildew,0,0,0,0,1,0
b895389e854bcba9.jpg,healthy,1,0,0,0,0,0
e19583ab069bac9e.jpg,frog_eye_leaf_spot,0,0,1,0,0,0
c1b6a956ad1ba9d0.jpg,healthy,1,0,0,0,0,0
c13c536a5de1a0db.jpg,scab,0,1,0,0,0,0
ca960d1e539717b1.jpg,healthy,1,0,0,0,0,0
97c237d7885ae905.jpg,scab,0,1,0,0,0,0
f6cf8e92284a498f.jpg,scab,0,1,0,0,0,0
983f66d9382446cf.jpg,powdery_mildew,0,0,0,0,1,0
cf80bff4c60d047c.jpg,rust,0,0,0,1,0,0
f4bd967a98c54984.jpg,healthy,1,0,0,0,0,0
d2d2cb146522776b.jpg,healthy,1,0,0,0,0,0
ce739170d434db64.jpg,scab,0,1,0,0,0,0
c786729595c32db1.jpg,scab,0,1,0,0,0,0
df8acf1e26342313.jpg,healthy,1,0,0,0,0,0
cefce02381f31ccc.jpg,frog_eye_leaf_spot,0,0,1,0,0,0
a1f321167a8cdb8e.jpg,scab,0,1,0,0,0,0
dbd2388b673c44e4.jpg,healthy,1,0,0,0,0,0
9985ad607dc6707a.jpg,scab,0,1,0,0,0,0
beedc893a5b106c8.jpg,frog_eye_leaf_spot,0,0,1,0,0,0
eb99c1b18c575436.jpg,rust,0,0,0,1,0,0
958ab785cb949596.jpg,scab,0,1,0,0,0,0
e89199c9e16f6632.jpg,complex,0,0,0,0,0,1
ffa09c786f43c052.jpg,rust,0,0,0,1,0,0
a8aed53cd728d05a.jpg,frog_eye_leaf_spot,0,0,1,0,0,0
f4c09f4ad3311be4.jpg,frog_eye_leaf_spot complex,0,0,1,0,0,1
d2427dac331d695c.jpg,healthy,1,0,0,0,0,0
d664d0342dc7c68f.jpg,healthy,1,0,0,0,0,0
f149428d9f479a47.jpg,healthy,1,0,0,0,0,0
d6807e0d1dff0c51.jpg,powdery_mildew,0,0,0,0,1,0
d64763342d8b568d.jpg,scab,0,1,0,0,0,0
e2963ef0826a495f.jpg,healthy,1,0,0,0,0,0
c1a26174ac7c2e7d.jpg,scab,0,1,0,0,0,0
aca560c5d89cf16e.jpg,rust,0,0,0,1,0,0
d689cc347bd86619.jpg,complex,0,0,0,0,0,1
d1f7719e0344a11f.jpg,healthy,1,0,0,0,0,0
b7904d3eb61c0cda.jpg,rust,0,0,0,1,0,0
82fd26291f4b4d4b.jpg,scab frog_eye_leaf_spot,0,1,1,0,0,0
af95a0407b6cd8cd.jpg,rust,0,0,0,1,0,0
e03a3fc498866acf.jpg,healthy,1,0,0,0,0,0
8df452e2e38c0b6e.jpg,healthy,1,0,0,0,0,0
eca8c21f441dafb4.jpg,frog_eye_leaf_spot,0,0,1,0,0,0
fad8b41b8be108e5.jpg,healthy,1,0,0,0,0,0
9d1c760bc6267c33.jpg,powdery_mildew,0,0,0,0,1,0
9d9e2780faedc121.jpg,frog_eye_leaf_spot,0,0,1,0,0,0
837d3fe13082c3dc.jpg,frog_eye_leaf_spot,0,0,1,0,0,0
b8239b11b74b253e.jpg,scab,0,1,0,0,0,0
fb2d81cd1d5a4c38.jpg,healthy,1,0,0,0,0,0
b1999192cc5f6d64.jpg,scab,0,1,0,0,0,0
fead89b0cc4b4c07.jpg,healthy,1,0,0,0,0,0
a639cb9ab2dc21c6.jpg,healthy,1,0,0,0,0,0
f018c8e95c5eb6c9.jpg,healthy,1,0,0,0,0,0
a86a879e5cdd01cb.jpg,scab,0,1,0,0,0,0
caced5dc2b701938.jpg,scab,0,1,0,0,0,0
cacf93ca8e706c89.jpg,healthy,1,0,0,0,0,0
aa56d8cbff4a8184.jpg,scab frog_eye_leaf_spot,0,1,1,0,0,0
d4fb80fa9bc0a38c.jpg,scab,0,1,0,0,0,0
e01e42d90c66f3f3.jpg,complex,0,0,0,0,0,1
c2a06785bbc49b97.jpg,rust,0,0,0,1,0,0
b0cea62d4d926bb1.jpg,frog_eye_leaf_spot,0,0,1,0,0,0
81b3556b9595ab4c.jpg,rust,0,0,0,1,0,0
bf558341cda1e592.jpg,complex,0,0,0,0,0,1
b6bdd2910dd910e5.jpg,healthy,1,0,0,0,0,0
97c7c85e264276cc.jpg,powdery_mildew,0,0,0,0,1,0
f92552169152efa5.jpg,frog_eye_leaf_spot,0,0,1,0,0,0
f0d08fe188bee09e.jpg,scab frog_eye_leaf_spot complex,0,1,1,0,0,1
9e484efee6b49230.jpg,scab,0,1,0,0,0,0
9c8780f83917c7c7.jpg,rust,0,0,0,1,0,0
f5330be1691f505c.jpg,complex,0,0,0,0,0,1
dd83cf9e5688309c.jpg,frog_eye_leaf_spot,0,0,1,0,0,0
8fc5721dc2f293c1.jpg,powdery_mildew,0,0,0,0,1,0
a48dd75c0233b667.jpg,scab,0,1,0,0,0,0
c5b597c547768906.jpg,frog_eye_leaf_spot,0,0,1,0,0,0
b5351da6a69c464b.jpg,rust,0,0,0,1,0,0
8eea80a56735749b.jpg,scab,0,1,0,0,0,0
98b3cccf56627198.jpg,frog_eye_leaf_spot,0,0,1,0,0,0
95458bae4d4c3f34.jpg,healthy,1,0,0,0,0,0
8e90bd50c7bac659.jpg,scab,0,1,0,0,0,0
d8c219bec9f4c11d.jpg,healthy,1,0,0,0,0,0
9285d27e2b3725a5.jpg,scab,0,1,0,0,0,0
abee95ec90943916.jpg,rust,0,0,0,1,0,0
8be8374fa7d4c288.jpg,frog_eye_leaf_spot,0,0,1,0,0,0
ad8940d07a7bae95.jpg,healthy,1,0,0,0,0,0
c6cb61811e30ff4d.jpg,frog_eye_leaf_spot,0,0,1,0,0,0
d8b636c6e1a1eb22.jpg,powdery_mildew,0,0,0,0,1,0
db0507ff06e62e81.jpg,healthy,1,0,0,0,0,0
ca25c4f05f58a75a.jpg,scab,0,1,0,0,0,0
d3e3c1f018783e35.jpg,healthy,1,0,0,0,0,0
d32b3c86819af665.jpg,scab,0,1,0,0,0,0
a19fbe7c4b45b0a0.jpg,frog_eye_leaf_spot,0,0,1,0,0,0
86cc74546eb9d92c.jpg,frog_eye_leaf_spot,0,0,1,0,0,0
f8e760f5879b4e00.jpg,scab,0,1,0,0,0,0
cfb92e3983c83b44.jpg,healthy,1,0,0,0,0,0
813d9f9036df9688.jpg,frog_eye_leaf_spot,0,0,1,0,0,0
eaf5d5b2501e2b48.jpg,scab,0,1,0,0,0,0
a0929ed71f1b843e.jpg,scab,0,1,0,0,0,0
d22ce0979e948dd9.jpg,healthy,1,0,0,0,0,0
fcd1c0ff8f4a001e.jpg,scab,0,1,0,0,0,0
e0f7f06b4c4a0e95.jpg,frog_eye_leaf_spot,0,0,1,0,0,0
8b697510da58e753.jpg,powdery_mildew,0,0,0,0,1,0
aac590c782c7dada.jpg,healthy,1,0,0,0,0,0
f084cf1236bf95c2.jpg,scab,0,1,0,0,0,0
d881ff1a9b79b600.jpg,scab frog_eye_leaf_spot,0,1,1,0,0,0
c1753cad2f31d492.jpg,rust,0,0,0,1,0,0
850367cf187768d6.jpg,rust,0,0,0,1,0,0
dfc6621a8d273139.jpg,healthy,1,0,0,0,0,0
f4c68be071a3568d.jpg,frog_eye_leaf_spot complex,0,0,1,0,0,1
ef7ed0257a8158a1.jpg,rust,0,0,0,1,0,0
903f6578bc0b8fc8.jpg,healthy,1,0,0,0,0,0
8f85b8d78b58a06e.jpg,healthy,1,0,0,0,0,0
c0f43e84e55ea768.jpg,scab,0,1,0,0,0,0
bd1595dcdaa8e844.jpg,healthy,1,0,0,0,0,0
f8d4cb28137798c5.jpg,frog_eye_leaf_spot,0,0,1,0,0,0
85f5309ec2078fb5.jpg,scab,0,1,0,0,0,0
f1949130dfb7e850.jpg,scab,0,1,0,0,0,0
9325f264bc255e3a.jpg,rust,0,0,0,1,0,0
fcc494c48a4bee53.jpg,frog_eye_leaf_spot,0,0,1,0,0,0
c5ee6a66eca4425c.jpg,healthy,1,0,0,0,0,0
e61384f3f8c3496c.jpg,complex,0,0,0,0,0,1
90bb8dcc6f0c58b9.jpg,rust,0,0,0,1,0,0
e350014f5de71f92.jpg,complex,0,0,0,0,0,1
f4dfc8cb4ec2c403.jpg,scab,0,1,0,0,0,0
d06a91673ec42ad7.jpg,healthy,1,0,0,0,0,0
9dd990c93b0d66cc.jpg,scab,0,1,0,0,0,0
bdcda594e037e089.jpg,frog_eye_leaf_spot,0,0,1,0,0,0
9ac5d83329b92e47.jpg,frog_eye_leaf_spot,0,0,1,0,0,0
9db192eba5fca420.jpg,healthy,1,0,0,0,0,0
967b665d854b078c.jpg,scab,0,1,0,0,0,0
d41094cd6d2de7b4.jpg,scab,0,1,0,0,0,0
c3fd3ed2c0f18720.jpg,healthy,1,0,0,0,0,0
f209df307ee700cc.jpg,healthy,1,0,0,0,0,0
a846c2c24bc6dbdd.jpg,complex,0,0,0,0,0,1
878a72fc1867cd32.jpg,powdery_mildew,0,0,0,0,1,0
ba67b0623aad05d5.jpg,healthy,1,0,0,0,0,0
d7ff3e0830dc20d8.jpg,complex,0,0,0,0,0,1
f19fc7c782910d1a.jpg,healthy,1,0,0,0,0,0
d727753b28371017.jpg,scab,0,1,0,0,0,0
90ead39e887ad24b.jpg,scab,0,1,0,0,0,0
bf80d6a5d0a92e5a.jpg,scab,0,1,0,0,0,0
9186e4a358b6bb4b.jpg,powdery_mildew,0,0,0,0,1,0
956854f5afa0ca56.jpg,scab,0,1,0,0,0,0
c0fbc8297ccb0e3c.jpg,complex,0,0,0,0,0,1
80a9db3783f16366.jpg,complex,0,0,0,0,0,1
929a0b0d499dbea7.jpg,scab,0,1,0,0,0,0
9eddabc62f0854a2.jpg,frog_eye_leaf_spot,0,0,1,0,0,0
a98184e55ae38fcb.jpg,healthy,1,0,0,0,0,0
b966d08f6e385724.jpg,rust,0,0,0,1,0,0
e9dad6c5295f00b4.jpg,complex,0,0,0,0,0,1
c310978ff43e1ec8.jpg,healthy,1,0,0,0,0,0
cc3923cf14c5b63a.jpg,healthy,1,0,0,0,0,0
e90e87a88ff54325.jpg,healthy,1,0,0,0,0,0
f5929268cae93533.jpg,healthy,1,0,0,0,0,0
83a93e4f7132fc11.jpg,powdery_mildew,0,0,0,0,1,0
dd093d1eeb36a504.jpg,rust,0,0,0,1,0,0
cdc13091db39ce39.jpg,powdery_mildew,0,0,0,0,1,0
93bd7cc46464f511.jpg,complex,0,0,0,0,0,1
f86ad5a05987354d.jpg,scab,0,1,0,0,0,0
ec2bf451c235c713.jpg,healthy,1,0,0,0,0,0
b4ecc6a5f9a24685.jpg,scab,0,1,0,0,0,0
d90fc693d22589f2.jpg,healthy,1,0,0,0,0,0
d5b895a895174375.jpg,frog_eye_leaf_spot,0,0,1,0,0,0
8343cf687cef0706.jpg,scab,0,1,0,0,0,0
b99fd8cc02c87ad2.jpg,powdery_mildew,0,0,0,0,1,0
a6c2ab5d4aa3925b.jpg,powdery_mildew complex,0,0,0,0,1,1
fd7cd268d2091d26.jpg,rust,0,0,0,1,0,0
bc10a5b4dc15f1ec.jpg,complex,0,0,0,0,0,1
c2df3edb221037b0.jpg,scab,0,1,0,0,0,0
efe1c2fb8100d88f.jpg,healthy,1,0,0,0,0,0
c6e3778b1f4f2003.jpg,scab,0,1,0,0,0,0
95da52936b292ed4.jpg,frog_eye_leaf_spot,0,0,1,0,0,0
bb8ad1397c3822b3.jpg,scab,0,1,0,0,0,0
fdbda98102c30bd3.jpg,frog_eye_leaf_spot,0,0,1,0,0,0
a84aadce4fac4b1c.jpg,scab,0,1,0,0,0,0
8ea5d29aeca916c9.jpg,powdery_mildew,0,0,0,0,1,0
e4cc33789ec73232.jpg,powdery_mildew,0,0,0,0,1,0
b40f879a4ce94976.jpg,frog_eye_leaf_spot,0,0,1,0,0,0
c7cb27d582c10d9e.jpg,scab,0,1,0,0,0,0
9f9f5ae2f7740040.jpg,scab,0,1,0,0,0,0
addd1fc0120e6a97.jpg,scab frog_eye_leaf_spot,0,1,1,0,0,0
aad1909795aba3b2.jpg,healthy,1,0,0,0,0,0
d5f1db088e8db522.jpg,powdery_mildew,0,0,0,0,1,0
e6e4a7e6965850d1.jpg,frog_eye_leaf_spot,0,0,1,0,0,0
d49742796cf0bb81.jpg,frog_eye_leaf_spot,0,0,1,0,0,0
8d9e40b6ad51753a.jpg,powdery_mildew,0,0,0,0,1,0
9e6cdcb378d22186.jpg,powdery_mildew,0,0,0,0,1,0
eac5c11e0e5e0eec.jpg,scab,0,1,0,0,0,0
90b43a3791d18f6b.jpg,scab,0,1,0,0,0,0
f4270a944de9e7e0.jpg,healthy,1,0,0,0,0,0
c6a634cbb08a6dcb.jpg,frog_eye_leaf_spot,0,0,1,0,0,0
dba976f439624125.jpg,rust,0,0,0,1,0,0
ade188c6f27353c1.jpg,healthy,1,0,0,0,0,0
b3eed0f84cd2c612.jpg,rust,0,0,0,1,0,0
eeab848a855ca56d.jpg,healthy,1,0,0,0,0,0
d69e3e2063e3093b.jpg,rust,0,0,0,1,0,0
bfa6908389cf5d06.jpg,frog_eye_leaf_spot,0,0,1,0,0,0
cd13a2ec6f8b2b42.jpg,powdery_mildew,0,0,0,0,1,0
a5c5b6c80f3a1eb2.jpg,scab,0,1,0,0,0,0
af0fce9658945a25.jpg,healthy,1,0,0,0,0,0
adcf83367ed80498.jpg,frog_eye_leaf_spot complex,0,0,1,0,0,1
b0bfc2bc9b8b0985.jpg,healthy,1,0,0,0,0,0
d7f4a5a998d84a43.jpg,healthy,1,0,0,0,0,0
d19b78619d800f5f.jpg,rust,0,0,0,1,0,0
8f296d0b5ac04ff1.jpg,scab,0,1,0,0,0,0
c85f3e2036ef12ca.jpg,scab,0,1,0,0,0,0
c0883b8e6e2ddf29.jpg,frog_eye_leaf_spot,0,0,1,0,0,0
c738d13e73467988.jpg,rust,0,0,0,1,0,0
df811168db79db20.jpg,scab,0,1,0,0,0,0
cf3d6310af4405be.jpg,healthy,1,0,0,0,0,0
bba14d03947c57b4.jpg,frog_eye_leaf_spot,0,0,1,0,0,0
8ab4b539357111fa.jpg,healthy,1,0,0,0,0,0
ffe8da82988311da.jpg,healthy,1,0,0,0,0,0
893d2a3ed27614d9.jpg,rust frog_eye_leaf_spot,0,0,1,1,0,0
db910dce522f9709.jpg,powdery_mildew,0,0,0,0,1,0
b897c367857a9330.jpg,rust,0,0,0,1,0,0
8babd3938f9ab820.jpg,scab frog_eye_leaf_spot,0,1,1,0,0,0
a8a7e19c8b9838f9.jpg,scab,0,1,0,0,0,0
e84a0368f760b63f.jpg,complex,0,0,0,0,0,1
d01599ef4b2d832d.jpg,scab,0,1,0,0,0,0
fc4b84cd99bd1930.jpg,healthy,1,0,0,0,0,0
e1bd2f926a6287c1.jpg,rust,0,0,0,1,0,0
c3436f773d06228e.jpg,scab,0,1,0,0,0,0
c3c3a3685ca8d9b3.jpg,scab,0,1,0,0,0,0
c19d1ab0d0e1797e.jpg,healthy,1,0,0,0,0,0
aa9760cdb8f43e09.jpg,healthy,1,0,0,0,0,0
c1b296069bf03dec.jpg,scab,0,1,0,0,0,0
f0d9cbc56d42301f.jpg,frog_eye_leaf_spot complex,0,0,1,0,0,1
fc7b8a4342e46726.jpg,healthy,1,0,0,0,0,0
c13538c770eae798.jpg,scab,0,1,0,0,0,0
df92f89611b41f41.jpg,healthy,1,0,0,0,0,0
e087a7fe83c00acf.jpg,healthy,1,0,0,0,0,0
f5315f92f0ad8834.jpg,frog_eye_leaf_spot,0,0,1,0,0,0
a55b96b091a38d4f.jpg,healthy,1,0,0,0,0,0
cf8127976ad58925.jpg,scab,0,1,0,0,0,0
a620d2cf791b655a.jpg,scab,0,1,0,0,0,0
ad1a99719a60d9a7.jpg,healthy,1,0,0,0,0,0
f80c87b04acbecce.jpg,rust,0,0,0,1,0,0
f8f966c662908b8b.jpg,powdery_mildew,0,0,0,0,1,0
e8a68e32832b4ef9.jpg,scab,0,1,0,0,0,0
e5ad94471d9e4c51.jpg,scab,0,1,0,0,0,0
b04d97255a1ef03e.jpg,healthy,1,0,0,0,0,0
f99f81a015deaa38.jpg,scab,0,1,0,0,0,0
e09e96154d54cfc6.jpg,scab,0,1,0,0,0,0
c1a109d33d9b1e9b.jpg,frog_eye_leaf_spot,0,0,1,0,0,0
c5ccdee54263661a.jpg,complex,0,0,0,0,0,1
c5b796e26b3034a5.jpg,scab frog_eye_leaf_spot,0,1,1,0,0,0
a9aa9a935f5b2425.jpg,scab,0,1,0,0,0,0
ff3fd02a82ad8a84.jpg,healthy,1,0,0,0,0,0
aca4d6aaca68ca75.jpg,frog_eye_leaf_spot,0,0,1,0,0,0
fa888b5a2536b78a.jpg,powdery_mildew,0,0,0,0,1,0
a53524c2f2eacfa4.jpg,rust,0,0,0,1,0,0
ebe1702a1cfca2ca.jpg,scab frog_eye_leaf_spot,0,1,1,0,0,0
c1de1e7dc01ed314.jpg,frog_eye_leaf_spot,0,0,1,0,0,0
f1c4cb5a5a712176.jpg,complex,0,0,0,0,0,1
f8eed233d0f00dc8.jpg,healthy,1,0,0,0,0,0
a9ffe140815e143f.jpg,scab,0,1,0,0,0,0
e1f31f9e68192155.jpg,scab frog_eye_leaf_spot,0,1,1,0,0,0
d8e47368301ee6cb.jpg,healthy,1,0,0,0,0,0
9a9a15c3e2671763.jpg,frog_eye_leaf_spot,0,0,1,0,0,0
96c49b045d38f6ab.jpg,scab,0,1,0,0,0,0
fd20e4eee407a09e.jpg,scab,0,1,0,0,0,0
c1a3d2e619705abe.jpg,frog_eye_leaf_spot,0,0,1,0,0,0
91a9c290bbf81b5b.jpg,frog_eye_leaf_spot,0,0,1,0,0,0
9eb2ecd9c5c1a306.jpg,complex,0,0,0,0,0,1
f48bc61f62444f4d.jpg,frog_eye_leaf_spot complex,0,0,1,0,0,1
be835663ec406a79.jpg,frog_eye_leaf_spot,0,0,1,0,0,0
b735a3084cbdfe04.jpg,rust,0,0,0,1,0,0
aeb43cc08d3ed81b.jpg,scab,0,1,0,0,0,0
e5349cb31fe91270.jpg,scab,0,1,0,0,0,0
85b12ed31e7d6852.jpg,powdery_mildew,0,0,0,0,1,0
fa4785678cd02cda.jpg,healthy,1,0,0,0,0,0
9742c28e983ef46b.jpg,scab frog_eye_leaf_spot,0,1,1,0,0,0
e4e99ab485b9aa2a.jpg,healthy,1,0,0,0,0,0
b8469f0dce1cc53a.jpg,rust,0,0,0,1,0,0
aada42daa86eba26.jpg,complex,0,0,0,0,0,1
beb960c19fa688b1.jpg,healthy,1,0,0,0,0,0
94dbe0dc07a1fe41.jpg,frog_eye_leaf_spot,0,0,1,0,0,0
bc0f4294b51ad6bc.jpg,healthy,1,0,0,0,0,0
c7aab5d69b84c285.jpg,scab,0,1,0,0,0,0
dec97832a9e2d246.jpg,healthy,1,0,0,0,0,0
abaf573894517854.jpg,scab,0,1,0,0,0,0
d5a69ec0488cefc5.jpg,scab,0,1,0,0,0,0
fbd291443eb85d22.jpg,scab,0,1,0,0,0,0
e2e7c25c9c9ac0cb.jpg,healthy,1,0,0,0,0,0
c1f0e3eb8f212d0b.jpg,healthy,1,0,0,0,0,0
857233cbd0695f31.jpg,powdery_mildew,0,0,0,0,1,0
c0c2202b0f7f7fe4.jpg,scab,0,1,0,0,0,0
83f23f595f88c095.jpg,scab,0,1,0,0,0,0
aae681d53d38258f.jpg,complex,0,0,0,0,0,1
c6bd871d4c54550f.jpg,scab,0,1,0,0,0,0
ada5223927ab817b.jpg,frog_eye_leaf_spot,0,0,1,0,0,0
ab77dd368c0215e1.jpg,frog_eye_leaf_spot,0,0,1,0,0,0
dd3b36c56897211a.jpg,scab,0,1,0,0,0,0
ec9f40a0e64d1f66.jpg,healthy,1,0,0,0,0,0
f4cb48a4eec6ec90.jpg,frog_eye_leaf_spot,0,0,1,0,0,0
f1ab5eb06d8438a6.jpg,complex,0,0,0,0,0,1
eceb92d6d4910acc.jpg,healthy,1,0,0,0,0,0
c6b460353d77c362.jpg,scab,0,1,0,0,0,0
9888ce2d3e363acd.jpg,powdery_mildew,0,0,0,0,1,0
d2df189ec07606ce.jpg,powdery_mildew,0,0,0,0,1,0
afebd604ca06093f.jpg,frog_eye_leaf_spot,0,0,1,0,0,0
98bdda1a89150fd5.jpg,scab,0,1,0,0,0,0
8e8d3c89b5c5c656.jpg,frog_eye_leaf_spot,0,0,1,0,0,0
9589dab469537265.jpg,frog_eye_leaf_spot,0,0,1,0,0,0
e0eb8e90dd9a389a.jpg,rust frog_eye_leaf_spot,0,0,1,1,0,0
a5bd419e4f60947c.jpg,healthy,1,0,0,0,0,0
903168971f475ae7.jpg,scab,0,1,0,0,0,0
a5b596d6dd433034.jpg,complex,0,0,0,0,0,1
eaa9a6c04baf4553.jpg,scab,0,1,0,0,0,0
a9560f2bed7e7100.jpg,scab,0,1,0,0,0,0
a8e7811c6d68b7c3.jpg,rust frog_eye_leaf_spot,0,0,1,1,0,0
81f5730f2b1c3731.jpg,rust,0,0,0,1,0,0
e37e1e02c1d0cc5f.jpg,rust,0,0,0,1,0,0
af80c1a082dfdf8b.jpg,healthy,1,0,0,0,0,0
87e3d0c12a7ba995.jpg,rust,0,0,0,1,0,0
8d4abaa199759c6a.jpg,complex,0,0,0,0,0,1
c9264cdb1ce190df.jpg,scab frog_eye_leaf_spot,0,1,1,0,0,0
a06ab4a19f9d9959.jpg,complex,0,0,0,0,0,1
a0e3c6ce643c9aec.jpg,healthy,1,0,0,0,0,0
b830730f17c5739c.jpg,scab,0,1,0,0,0,0
df7492c2c4333387.jpg,healthy,1,0,0,0,0,0
febcd48148e92f11.jpg,scab,0,1,0,0,0,0
95f021c98f160efe.jpg,scab,0,1,0,0,0,0
f8e89d2e3a763301.jpg,frog_eye_leaf_spot,0,0,1,0,0,0
8d629dc09d0f2be9.jpg,healthy,1,0,0,0,0,0
f83287b19437ba1a.jpg,complex,0,0,0,0,0,1
c1fd2926bd52d825.jpg,healthy,1,0,0,0,0,0
9854b8d44e9f2e6a.jpg,scab,0,1,0,0,0,0
84dbe99149b16937.jpg,complex,0,0,0,0,0,1
959b7465c95233c3.jpg,powdery_mildew,0,0,0,0,1,0
fbe693340acbe211.jpg,healthy,1,0,0,0,0,0
af927dd13ac59007.jpg,scab,0,1,0,0,0,0
b235de10677b58b0.jpg,powdery_mildew,0,0,0,0,1,0
f417e0838e1067fd.jpg,healthy,1,0,0,0,0,0
f8f064c6bf1e240e.jpg,healthy,1,0,0,0,0,0
8f957ac8784a2d65.jpg,scab,0,1,0,0,0,0
afe8e0a0e7d70a91.jpg,complex,0,0,0,0,0,1
feb99e5a12988525.jpg,rust,0,0,0,1,0,0
f8de0a0a7a7a1633.jpg,healthy,1,0,0,0,0,0
a4d1eaa7d89270e9.jpg,frog_eye_leaf_spot,0,0,1,0,0,0
99e873a74a93e498.jpg,frog_eye_leaf_spot,0,0,1,0,0,0
f45bc9b4892e7164.jpg,healthy,1,0,0,0,0,0
c0c8679f29e519bc.jpg,rust,0,0,0,1,0,0
e500e61dbe78ce0d.jpg,scab,0,1,0,0,0,0
a8496f3163636b59.jpg,rust,0,0,0,1,0,0
b84497485ab577d2.jpg,healthy,1,0,0,0,0,0
bdea58664a2eae24.jpg,scab,0,1,0,0,0,0
d9acd2b5e86b3481.jpg,healthy,1,0,0,0,0,0
e3d693f7a59a8081.jpg,frog_eye_leaf_spot,0,0,1,0,0,0
f652d796282d474c.jpg,rust,0,0,0,1,0,0
c0ea0a9f4dd5565a.jpg,frog_eye_leaf_spot,0,0,1,0,0,0
9cffe38a92589219.jpg,scab,0,1,0,0,0,0
eb283c3f51526d15.jpg,healthy,1,0,0,0,0,0
f94e010addadd08f.jpg,healthy,1,0,0,0,0,0
8fa4f5c5e2462e0d.jpg,scab,0,1,0,0,0,0
b486cd89071fe25b.jpg,rust,0,0,0,1,0,0
b81b9b78896dc43c.jpg,scab,0,1,0,0,0,0
8573a5c2722e67b4.jpg,scab frog_eye_leaf_spot complex,0,1,1,0,0,1
d2d8c6ac463c267b.jpg,healthy,1,0,0,0,0,0
c3cae2f0f2a46c5c.jpg,complex,0,0,0,0,0,1
f7a1d34b8903186f.jpg,healthy,1,0,0,0,0,0
a88895d7943f6a63.jpg,scab frog_eye_leaf_spot,0,1,1,0,0,0
cccb3b4c88b5b272.jpg,rust,0,0,0,1,0,0
e61bc1839cc74d65.jpg,healthy,1,0,0,0,0,0
e825b3609ba0d9bb.jpg,scab,0,1,0,0,0,0
892ec13c8b783fca.jpg,scab,0,1,0,0,0,0
fc78da853b46182e.jpg,scab,0,1,0,0,0,0
f071c2bf2ac1470f.jpg,powdery_mildew complex,0,0,0,0,1,1
fce1470f34cc9c89.jpg,frog_eye_leaf_spot,0,0,1,0,0,0
cff880c358c2fb38.jpg,rust,0,0,0,1,0,0
c73f27908e418ce7.jpg,healthy,1,0,0,0,0,0
ad247b77728c8619.jpg,powdery_mildew,0,0,0,0,1,0
cde43647a856e932.jpg,scab,0,1,0,0,0,0
c0816a962dceb76b.jpg,healthy,1,0,0,0,0,0
b49fc924c77138ca.jpg,scab frog_eye_leaf_spot,0,1,1,0,0,0
b4cd92f665096879.jpg,scab frog_eye_leaf_spot,0,1,1,0,0,0
de20811fd878717e.jpg,powdery_mildew,0,0,0,0,1,0
cdc0763b3b0510df.jpg,healthy,1,0,0,0,0,0
83ac6f86341ff02e.jpg,frog_eye_leaf_spot,0,0,1,0,0,0
db82a12cd93694b7.jpg,scab frog_eye_leaf_spot complex,0,1,1,0,0,1
a9be9692aebb4310.jpg,rust,0,0,0,1,0,0
ce70f3c1614b286f.jpg,frog_eye_leaf_spot,0,0,1,0,0,0
f1b8f2559330abb0.jpg,frog_eye_leaf_spot,0,0,1,0,0,0
b594d286ddcfc0c8.jpg,healthy,1,0,0,0,0,0
e02b86b99ad798ac.jpg,complex,0,0,0,0,0,1
eaf2e1d2c44f8706.jpg,frog_eye_leaf_spot,0,0,1,0,0,0
81b497c66e6670b5.jpg,rust frog_eye_leaf_spot,0,0,1,1,0,0
efb19490ff942434.jpg,frog_eye_leaf_spot,0,0,1,0,0,0
a152cbcb6dd4342e.jpg,rust,0,0,0,1,0,0
8ad55acf93ec9308.jpg,scab,0,1,0,0,0,0
e0a3839497deda0e.jpg,healthy,1,0,0,0,0,0
83ab2895ff4e0a6c.jpg,rust,0,0,0,1,0,0
8081cf8f63250ff7.jpg,complex,0,0,0,0,0,1
ab1aba9145358b5b.jpg,complex,0,0,0,0,0,1
819e2f789d61e1cc.jpg,scab,0,1,0,0,0,0
edeed03cca920c9a.jpg,frog_eye_leaf_spot,0,0,1,0,0,0
885f743de596e442.jpg,rust,0,0,0,1,0,0
ce9e504a808f3f2f.jpg,frog_eye_leaf_spot,0,0,1,0,0,0
94a63e567b4b4589.jpg,healthy,1,0,0,0,0,0
e8a6c086dfed2d09.jpg,rust complex,0,0,0,1,0,1
a98681c78795bed4.jpg,scab,0,1,0,0,0,0
d28f6360b6986b69.jpg,scab,0,1,0,0,0,0
a750b58b8e7d2616.jpg,scab,0,1,0,0,0,0
9bf4c55a704d7524.jpg,rust,0,0,0,1,0,0
c03e65db32f086cd.jpg,healthy,1,0,0,0,0,0
ffca805ccb88a3d4.jpg,scab,0,1,0,0,0,0
c1a8aab585e6656b.jpg,frog_eye_leaf_spot,0,0,1,0,0,0
d03ccbd470f47323.jpg,frog_eye_leaf_spot,0,0,1,0,0,0
a97f90e197e113c1.jpg,healthy,1,0,0,0,0,0
fc76db83488e223c.jpg,healthy,1,0,0,0,0,0
b018ce6571fc6399.jpg,frog_eye_leaf_spot complex,0,0,1,0,0,1
f4aae10e7205fa2b.jpg,healthy,1,0,0,0,0,0
d69267ba0e0388df.jpg,scab,0,1,0,0,0,0
cddd20c43963ce2e.jpg,frog_eye_leaf_spot,0,0,1,0,0,0
ffc2482c9ee4d44c.jpg,scab,0,1,0,0,0,0
a8f1c1e35b525f12.jpg,healthy,1,0,0,0,0,0
8dd32f7ace1204e5.jpg,powdery_mildew,0,0,0,0,1,0
c225cf8aba4eb952.jpg,healthy,1,0,0,0,0,0
d72bde2ac0b03f14.jpg,frog_eye_leaf_spot,0,0,1,0,0,0
9f833a4ac2b91f31.jpg,rust,0,0,0,1,0,0
f8e229768e1c6a99.jpg,scab,0,1,0,0,0,0
85e0349d96913cfb.jpg,scab,0,1,0,0,0,0
e8c48b96add9e065.jpg,frog_eye_leaf_spot,0,0,1,0,0,0
c3eac5fdc8343a11.jpg,healthy,1,0,0,0,0,0
de981a7f21d53303.jpg,frog_eye_leaf_spot,0,0,1,0,0,0
99bc71b8c6794323.jpg,scab,0,1,0,0,0,0
eff18c3836c55483.jpg,rust,0,0,0,1,0,0
c03d3dd2354c3cf1.jpg,rust,0,0,0,1,0,0
aac455aaabad54a5.jpg,scab,0,1,0,0,0,0
86d647d50695364f.jpg,rust,0,0,0,1,0,0
b163c29c9f94b0d5.jpg,frog_eye_leaf_spot complex,0,0,1,0,0,1
ce2186d5ce759e90.jpg,healthy,1,0,0,0,0,0
e1970cd89e72d8a5.jpg,frog_eye_leaf_spot,0,0,1,0,0,0
f095dbdfcf818084.jpg,scab,0,1,0,0,0,0
82f4e39e8bbc3c50.jpg,scab,0,1,0,0,0,0
e4c8e72cc73596a4.jpg,complex,0,0,0,0,0,1
f64083279ea479ad.jpg,rust,0,0,0,1,0,0
d7866016a5639ee5.jpg,scab,0,1,0,0,0,0
ada99583c4dfc449.jpg,scab,0,1,0,0,0,0
f329d40eb87242af.jpg,rust,0,0,0,1,0,0
e0746082179fdedc.jpg,frog_eye_leaf_spot,0,0,1,0,0,0
9fae93c06975720a.jpg,scab frog_eye_leaf_spot,0,1,1,0,0,0
a9341392d71b893f.jpg,frog_eye_leaf_spot,0,0,1,0,0,0
ac63d4e5cb4605cd.jpg,healthy,1,0,0,0,0,0
e3c1d21d8ecc6574.jpg,healthy,1,0,0,0,0,0
8bac287ea7715dc0.jpg,healthy,1,0,0,0,0,0
b1f0e55ada504b5a.jpg,healthy,1,0,0,0,0,0
83f6eb92b4a9a454.jpg,healthy,1,0,0,0,0,0
ad6a95c3ab968c0b.jpg,frog_eye_leaf_spot,0,0,1,0,0,0
cbd888e497239a6b.jpg,frog_eye_leaf_spot,0,0,1,0,0,0
9376b2803d935a6b.jpg,frog_eye_leaf_spot,0,0,1,0,0,0
f539c724d36a9452.jpg,scab frog_eye_leaf_spot complex,0,1,1,0,0,1
ad95d22dcb354a70.jpg,scab,0,1,0,0,0,0
89767487e0b89a5d.jpg,scab,0,1,0,0,0,0
d7649b9ce0c06739.jpg,powdery_mildew,0,0,0,0,1,0
f981fc03df0b49a1.jpg,scab,0,1,0,0,0,0
b40778dfe02ace32.jpg,rust,0,0,0,1,0,0
c2db68bcd7969a80.jpg,scab,0,1,0,0,0,0
c420e7723cb359d5.jpg,frog_eye_leaf_spot,0,0,1,0,0,0
bcb424c1c9cfcdc8.jpg,scab frog_eye_leaf_spot complex,0,1,1,0,0,1
d0d168da543de2e9.jpg,powdery_mildew,0,0,0,0,1,0
8dfd544a4a4b6d94.jpg,rust,0,0,0,1,0,0
85c63ce461d84f9b.jpg,complex,0,0,0,0,0,1
82c232bae9b36ccd.jpg,powdery_mildew,0,0,0,0,1,0
8cf7b8c388ad459a.jpg,rust,0,0,0,1,0,0
a5a687b1ca8a595e.jpg,scab,0,1,0,0,0,0
bfbcf28a95038e11.jpg,frog_eye_leaf_spot,0,0,1,0,0,0
b19e432aebe107a3.jpg,frog_eye_leaf_spot,0,0,1,0,0,0
a55e25854ac07ef5.jpg,scab,0,1,0,0,0,0
8fcf3c246472e272.jpg,healthy,1,0,0,0,0,0
fba18cb76c484b92.jpg,healthy,1,0,0,0,0,0
fd36d2908bc189cb.jpg,complex,0,0,0,0,0,1
bdb485fa17c87244.jpg,frog_eye_leaf_spot,0,0,1,0,0,0
bbac03126dfa946a.jpg,healthy,1,0,0,0,0,0
f0d0142ce9ff9e81.jpg,frog_eye_leaf_spot,0,0,1,0,0,0
f8b0f1a11a46347f.jpg,scab frog_eye_leaf_spot,0,1,1,0,0,0
fc0ac3f89a518c3b.jpg,healthy,1,0,0,0,0,0
e2123d90d80dbebe.jpg,frog_eye_leaf_spot,0,0,1,0,0,0
faad33d4010fab29.jpg,healthy,1,0,0,0,0,0
cf3f36cf12298231.jpg,healthy,1,0,0,0,0,0
d798342bf391c8c6.jpg,healthy,1,0,0,0,0,0
da39cde06e077116.jpg,scab frog_eye_leaf_spot,0,1,1,0,0,0
e882c58f9cf888ed.jpg,healthy,1,0,0,0,0,0
c1b4339d9d3943c3.jpg,healthy,1,0,0,0,0,0
87fa4e55a529a2e2.jpg,healthy,1,0,0,0,0,0
eb86af608b34d954.jpg,frog_eye_leaf_spot,0,0,1,0,0,0
b5bfdcda1d182150.jpg,healthy,1,0,0,0,0,0
a1a37063eab0d0fe.jpg,scab,0,1,0,0,0,0
db652835372c9758.jpg,rust,0,0,0,1,0,0
da8a0f990c79d639.jpg,frog_eye_leaf_spot,0,0,1,0,0,0
89fd3f8768a01de0.jpg,healthy,1,0,0,0,0,0
dd1330c8e33e3c87.jpg,healthy,1,0,0,0,0,0
dede8434053bb2c9.jpg,frog_eye_leaf_spot,0,0,1,0,0,0
af6292db1b611d98.jpg,complex,0,0,0,0,0,1
cdc773f8070503e9.jpg,frog_eye_leaf_spot,0,0,1,0,0,0
98df4060bbd035bd.jpg,scab,0,1,0,0,0,0
f6c7f3ac258045c5.jpg,frog_eye_leaf_spot,0,0,1,0,0,0
e16aa11f2ef83a54.jpg,rust,0,0,0,1,0,0
f4c46bca39753452.jpg,frog_eye_leaf_spot,0,0,1,0,0,0
c63a4f61afcb1382.jpg,powdery_mildew,0,0,0,0,1,0
db3c28e9a415f0dc.jpg,scab,0,1,0,0,0,0
ad815e2fcc295c2e.jpg,scab,0,1,0,0,0,0
c19f166c980d3ff0.jpg,healthy,1,0,0,0,0,0
b80898e11fa17f1f.jpg,rust,0,0,0,1,0,0
955a96b5a95675a0.jpg,healthy,1,0,0,0,0,0
df99c2f09c4e30a3.jpg,healthy,1,0,0,0,0,0
c3da73c2c3030bbb.jpg,scab,0,1,0,0,0,0
f8e0cb1be10fc13c.jpg,scab frog_eye_leaf_spot,0,1,1,0,0,0
f74aa07dd01552ad.jpg,scab frog_eye_leaf_spot,0,1,1,0,0,0
82d0dd9cb978e558.jpg,complex,0,0,0,0,0,1
b42d4b9a42d9b36a.jpg,healthy,1,0,0,0,0,0
e00ed0bf43a87f25.jpg,scab,0,1,0,0,0,0
a285db5a787531d2.jpg,healthy,1,0,0,0,0,0
f5bbe1989b3901c4.jpg,complex,0,0,0,0,0,1
e88f4fc83d90e90d.jpg,frog_eye_leaf_spot,0,0,1,0,0,0
c71ca0a933f80fdc.jpg,powdery_mildew,0,0,0,0,1,0
f953c3b05aa545ca.jpg,healthy,1,0,0,0,0,0
9ea4d0d51595519f.jpg,frog_eye_leaf_spot,0,0,1,0,0,0
ff5e82d08bc3508b.jpg,healthy,1,0,0,0,0,0
f8e547464ede9604.jpg,frog_eye_leaf_spot,0,0,1,0,0,0
9dd33d9d68426a64.jpg,frog_eye_leaf_spot,0,0,1,0,0,0
e2f523e3c5eb4a40.jpg,scab frog_eye_leaf_spot,0,1,1,0,0,0
fd80cfc1c3e32b03.jpg,powdery_mildew,0,0,0,0,1,0
f469c3da0e5a1572.jpg,healthy,1,0,0,0,0,0
d3ae839a22bbb6a0.jpg,scab,0,1,0,0,0,0
e00c97b2de4749ce.jpg,rust,0,0,0,1,0,0
fea0f051897f4f04.jpg,frog_eye_leaf_spot,0,0,1,0,0,0
aa15cb3a69cf1ac4.jpg,healthy,1,0,0,0,0,0
96b76aa90599ac55.jpg,frog_eye_leaf_spot,0,0,1,0,0,0
f0c49382fbf11b0e.jpg,scab,0,1,0,0,0,0
cd80c26aed6b1d47.jpg,frog_eye_leaf_spot,0,0,1,0,0,0
abd49792d28ac13d.jpg,scab,0,1,0,0,0,0
dbd3c0808dfd44f4.jpg,scab,0,1,0,0,0,0
c2ccaf86b8d9549a.jpg,complex,0,0,0,0,0,1
b45ad496551a9679.jpg,healthy,1,0,0,0,0,0
d007b2b489cf8bba.jpg,scab,0,1,0,0,0,0
97de6fbc504a9222.jpg,scab,0,1,0,0,0,0
e4ca1f3234647e65.jpg,scab,0,1,0,0,0,0
b7c6c3664c342c3b.jpg,scab,0,1,0,0,0,0
a7c592af49134d93.jpg,frog_eye_leaf_spot,0,0,1,0,0,0
e1e11785cf2a2f43.jpg,healthy,1,0,0,0,0,0
e4ea359ee6b01ac2.jpg,frog_eye_leaf_spot,0,0,1,0,0,0
e810875b9cc9f58d.jpg,healthy,1,0,0,0,0,0
87c2350afc10cbf7.jpg,healthy,1,0,0,0,0,0
c06b68cce36e1e55.jpg,healthy,1,0,0,0,0,0
bd4eca290d907eca.jpg,healthy,1,0,0,0,0,0
fe0da86dce58504b.jpg,frog_eye_leaf_spot,0,0,1,0,0,0
9495d9cdc013f4b3.jpg,powdery_mildew,0,0,0,0,1,0
b4847ec61b9631ab.jpg,scab,0,1,0,0,0,0
ac9b45cf3aa05b16.jpg,rust,0,0,0,1,0,0
87d578ca8e0b5c39.jpg,scab frog_eye_leaf_spot,0,1,1,0,0,0
cd837156c3589d99.jpg,rust,0,0,0,1,0,0
9e9dee6007331a66.jpg,scab,0,1,0,0,0,0
dbb525496a0f16ac.jpg,frog_eye_leaf_spot,0,0,1,0,0,0
f9e583ba189352d2.jpg,healthy,1,0,0,0,0,0
819ccb788637f0d3.jpg,scab,0,1,0,0,0,0
cbc43c1cf2dfa230.jpg,healthy,1,0,0,0,0,0
911e730db443f6c3.jpg,healthy,1,0,0,0,0,0
805fac7a36ea178c.jpg,scab,0,1,0,0,0,0
e0d1bf3eca374070.jpg,frog_eye_leaf_spot,0,0,1,0,0,0
e8b72196d638b0f1.jpg,scab,0,1,0,0,0,0
85e8b582b1dacaf1.jpg,frog_eye_leaf_spot,0,0,1,0,0,0
c5fa035877a02b57.jpg,healthy,1,0,0,0,0,0
a1c85a5e05aae9fa.jpg,frog_eye_leaf_spot,0,0,1,0,0,0
87e53a22ef6151b8.jpg,complex,0,0,0,0,0,1
c82663f0561e4ef9.jpg,powdery_mildew,0,0,0,0,1,0
bceae0c14b3b6a32.jpg,powdery_mildew,0,0,0,0,1,0
a98fd0975a909ad6.jpg,scab,0,1,0,0,0,0
e9d34f92633706a1.jpg,scab frog_eye_leaf_spot,0,1,1,0,0,0
dad21aed89374694.jpg,healthy,1,0,0,0,0,0
b2f0ba09c1c9ecc7.jpg,scab,0,1,0,0,0,0
af898bcd4ac87c51.jpg,healthy,1,0,0,0,0,0
b0e1870fbe96668a.jpg,rust,0,0,0,1,0,0
94683cc4763a6b3b.jpg,powdery_mildew,0,0,0,0,1,0
b094d68adf955d50.jpg,healthy,1,0,0,0,0,0
c4c70fbae1401d9f.jpg,powdery_mildew,0,0,0,0,1,0
a1f1d19a74983d33.jpg,rust,0,0,0,1,0,0
ab3c2fc4341d70e5.jpg,scab,0,1,0,0,0,0
ca121736cadbcb61.jpg,rust frog_eye_leaf_spot,0,0,1,1,0,0
bb80df677c1068e8.jpg,frog_eye_leaf_spot,0,0,1,0,0,0
ae30337a42346ff2.jpg,complex,0,0,0,0,0,1
e1bb50e39a942c7a.jpg,rust,0,0,0,1,0,0
c2e666b5909ced89.jpg,scab,0,1,0,0,0,0
80d457877e3d1cb8.jpg,complex,0,0,0,0,0,1
95ac844d6ac97ab5.jpg,rust,0,0,0,1,0,0
b55be3cccd85051a.jpg,complex,0,0,0,0,0,1
98e1c84ad8bbc19f.jpg,scab,0,1,0,0,0,0
b79097b45a699259.jpg,healthy,1,0,0,0,0,0
a5eb85c289a7cb0b.jpg,healthy,1,0,0,0,0,0
98e36081c71ebf8e.jpg,scab,0,1,0,0,0,0
9736e0538d1d3cd4.jpg,scab frog_eye_leaf_spot,0,1,1,0,0,0
ff10f77cae600b01.jpg,frog_eye_leaf_spot,0,0,1,0,0,0
abd4aaa4de4d4cd0.jpg,healthy,1,0,0,0,0,0
e93c6a1fc2b8a760.jpg,scab,0,1,0,0,0,0
badab56ac12a5a54.jpg,healthy,1,0,0,0,0,0
c585aa9a4561773d.jpg,frog_eye_leaf_spot,0,0,1,0,0,0
f2e840c2639fa7d8.jpg,rust,0,0,0,1,0,0
e4ed9e8282863e7c.jpg,rust,0,0,0,1,0,0
f55382893d6ce82d.jpg,rust,0,0,0,1,0,0
a1fe53b22b05d607.jpg,rust complex,0,0,0,1,0,1
fd69dac4c1c16718.jpg,frog_eye_leaf_spot,0,0,1,0,0,0
e0c387ca8b9d5965.jpg,scab,0,1,0,0,0,0
b42a92525bf564ab.jpg,healthy,1,0,0,0,0,0
ffeef07b00c1f080.jpg,healthy,1,0,0,0,0,0
f8648b1e28773533.jpg,healthy,1,0,0,0,0,0
81e5fcf446a9270b.jpg,powdery_mildew,0,0,0,0,1,0
ddd22d3896cac585.jpg,powdery_mildew,0,0,0,0,1,0
f081d86c337cbb25.jpg,frog_eye_leaf_spot,0,0,1,0,0,0
e7ecd6ccc0ad2834.jpg,scab,0,1,0,0,0,0
aec0dab7641fb40c.jpg,complex,0,0,0,0,0,1
dc9bc0201ff07ef0.jpg,scab,0,1,0,0,0,0
d3ab78c50ca5a547.jpg,healthy,1,0,0,0,0,0
e2f4b796452196aa.jpg,powdery_mildew,0,0,0,0,1,0
b4ef4b125c4901fd.jpg,healthy,1,0,0,0,0,0
afc290d6c20beb9c.jpg,scab,0,1,0,0,0,0
c836bd4ff47093c0.jpg,scab frog_eye_leaf_spot,0,1,1,0,0,0
fa108f246b1ceb1e.jpg,complex,0,0,0,0,0,1
b473c289ce6c2e36.jpg,complex,0,0,0,0,0,1
e4a0a0c38f8b8f5f.jpg,frog_eye_leaf_spot,0,0,1,0,0,0
961463e4b60edace.jpg,healthy,1,0,0,0,0,0
dccdcbcd039c4a0d.jpg,scab,0,1,0,0,0,0
d0da257dcc356c62.jpg,scab,0,1,0,0,0,0
b29e03670f4c319f.jpg,frog_eye_leaf_spot,0,0,1,0,0,0
d5e74368830ff115.jpg,scab,0,1,0,0,0,0
8ab55c0790d0f1fb.jpg,scab,0,1,0,0,0,0
8ab718e69daee902.jpg,scab,0,1,0,0,0,0
bad69b4d59253123.jpg,scab,0,1,0,0,0,0
a83013938fdb87b9.jpg,scab,0,1,0,0,0,0
fcf0846bdd6294a4.jpg,complex,0,0,0,0,0,1
84891f984b87b7f8.jpg,healthy,1,0,0,0,0,0
f5f4434bebc54444.jpg,powdery_mildew,0,0,0,0,1,0
df95639e30cc91c4.jpg,scab,0,1,0,0,0,0
83c93bd71433247e.jpg,scab,0,1,0,0,0,0
8dad31a8e26bc56a.jpg,healthy,1,0,0,0,0,0
c8d60c2f5ca95c7a.jpg,healthy,1,0,0,0,0,0
cfe7658e80129b87.jpg,scab,0,1,0,0,0,0
aa85c07ac7f14dc3.jpg,complex,0,0,0,0,0,1
9ce32fb417303596.jpg,scab,0,1,0,0,0,0
952be361b47c48f2.jpg,rust,0,0,0,1,0,0
b59590bb295b21ab.jpg,healthy,1,0,0,0,0,0
f5689a705335a593.jpg,frog_eye_leaf_spot,0,0,1,0,0,0
f5dce6c5948c9c84.jpg,scab frog_eye_leaf_spot,0,1,1,0,0,0
f0b69f928369c391.jpg,rust,0,0,0,1,0,0
8d926fdb2119d24e.jpg,scab,0,1,0,0,0,0
b5aecbe07d182619.jpg,scab,0,1,0,0,0,0
8ab2b0f6d9c521cd.jpg,scab,0,1,0,0,0,0
bb45d01dda2ec43a.jpg,healthy,1,0,0,0,0,0
9791877d3419de88.jpg,scab,0,1,0,0,0,0
ca27776f0aa05ca5.jpg,scab,0,1,0,0,0,0
a8a59582da0393ff.jpg,scab,0,1,0,0,0,0
80ea75af4276ad29.jpg,scab,0,1,0,0,0,0
d0b063cf383093ef.jpg,frog_eye_leaf_spot,0,0,1,0,0,0
8297a410aeff335a.jpg,scab,0,1,0,0,0,0
a4a3f85b8fc390b8.jpg,healthy,1,0,0,0,0,0
d0c6ca3f0500f5ef.jpg,healthy,1,0,0,0,0,0
d561cd9815d6c42f.jpg,complex,0,0,0,0,0,1
f4fa8be49144734a.jpg,scab,0,1,0,0,0,0
c1e663bafe42c44a.jpg,healthy,1,0,0,0,0,0
fc52e40b376d38c8.jpg,powdery_mildew,0,0,0,0,1,0
b5c0c04f4bbd34f8.jpg,frog_eye_leaf_spot,0,0,1,0,0,0
bb68c890c5dbd3c4.jpg,scab,0,1,0,0,0,0
b4facb596881322f.jpg,scab,0,1,0,0,0,0
dffccc6437d90820.jpg,frog_eye_leaf_spot,0,0,1,0,0,0
91dc586ccab5859e.jpg,rust,0,0,0,1,0,0
82798f32ab063ecd.jpg,rust,0,0,0,1,0,0
c00e323fcf8e4f46.jpg,healthy,1,0,0,0,0,0
c0ed358b268d719d.jpg,scab,0,1,0,0,0,0
bd8088cdad5f65e0.jpg,rust,0,0,0,1,0,0
9180397423f19fb7.jpg,healthy,1,0,0,0,0,0
a7a2dc81e87f0a1d.jpg,rust,0,0,0,1,0,0
b7f4b240d00d53bd.jpg,scab,0,1,0,0,0,0
da21833e70d3077e.jpg,complex,0,0,0,0,0,1
91f361d3b15a5a54.jpg,scab,0,1,0,0,0,0
a299e4e8b5a57c43.jpg,frog_eye_leaf_spot,0,0,1,0,0,0
f0cacb951cd073e1.jpg,healthy,1,0,0,0,0,0
fd6ac0a1c9a2c59b.jpg,healthy,1,0,0,0,0,0
fbe5c19185a5d115.jpg,rust,0,0,0,1,0,0
ff70c0f30cb34817.jpg,frog_eye_leaf_spot,0,0,1,0,0,0
e7857fea4a5480b8.jpg,scab,0,1,0,0,0,0
a87191cbc14f6bb4.jpg,complex,0,0,0,0,0,1
a99fd5a64e6e2860.jpg,healthy,1,0,0,0,0,0
9396d3b49632a535.jpg,healthy,1,0,0,0,0,0
ac3584527babd2d2.jpg,healthy,1,0,0,0,0,0
b7c536b4d22a93a1.jpg,frog_eye_leaf_spot,0,0,1,0,0,0
b09f8ac1e68a6772.jpg,frog_eye_leaf_spot,0,0,1,0,0,0
95cac0c3ce8cf971.jpg,scab,0,1,0,0,0,0
dd964dc23f268594.jpg,rust,0,0,0,1,0,0
addcdea84d315350.jpg,scab,0,1,0,0,0,0
fd9bc9c0c8c74057.jpg,healthy,1,0,0,0,0,0
ef8f56308bc34968.jpg,scab,0,1,0,0,0,0
d4e5b2e814857f86.jpg,rust,0,0,0,1,0,0
c3a196d3ca0bf86c.jpg,scab,0,1,0,0,0,0
d08ec37ee1642376.jpg,complex,0,0,0,0,0,1
affc96c0c1252fc4.jpg,scab,0,1,0,0,0,0
c494d8c73614e6be.jpg,frog_eye_leaf_spot,0,0,1,0,0,0
e937984a326b72b2.jpg,rust,0,0,0,1,0,0
a889f5fe80d9d4c2.jpg,scab frog_eye_leaf_spot,0,1,1,0,0,0
d14f0b2c06b6aa5f.jpg,powdery_mildew,0,0,0,0,1,0
b030f1398f9c0b3f.jpg,scab,0,1,0,0,0,0
b4f0ee68059e95b4.jpg,healthy,1,0,0,0,0,0
c0171fe57139a92b.jpg,powdery_mildew,0,0,0,0,1,0
820a7abd7594fc45.jpg,powdery_mildew,0,0,0,0,1,0
fd3ed948c1ec43c0.jpg,complex,0,0,0,0,0,1
daa32f818878f4ce.jpg,frog_eye_leaf_spot,0,0,1,0,0,0
b526cb78adcb3805.jpg,scab,0,1,0,0,0,0
ad23cd30aff42b88.jpg,frog_eye_leaf_spot,0,0,1,0,0,0
e1c5c59d9d30e172.jpg,scab,0,1,0,0,0,0
e84582f6bc64b1b5.jpg,scab,0,1,0,0,0,0
80c5d3895739ff50.jpg,scab,0,1,0,0,0,0
e084cad8dae929f3.jpg,scab,0,1,0,0,0,0
f5e297c20bca292e.jpg,healthy,1,0,0,0,0,0
ba02d47e8a6ac774.jpg,rust,0,0,0,1,0,0
e48da98dec645e52.jpg,complex,0,0,0,0,0,1
d46f7e4a73c00996.jpg,powdery_mildew,0,0,0,0,1,0
90f1f8aa55079735.jpg,healthy,1,0,0,0,0,0
c24f36360fc78fa0.jpg,complex,0,0,0,0,0,1
f963074c18d164fd.jpg,frog_eye_leaf_spot,0,0,1,0,0,0
b1acd7924794a5a9.jpg,healthy,1,0,0,0,0,0
c1d52d7afaea1a04.jpg,rust,0,0,0,1,0,0
c7de1e243d453585.jpg,frog_eye_leaf_spot,0,0,1,0,0,0
9101f94f60dbf8c5.jpg,healthy,1,0,0,0,0,0
b9f0d0d0cad9c749.jpg,healthy,1,0,0,0,0,0
82ba3e933947b097.jpg,rust complex,0,0,0,1,0,1
f887cd503f32a427.jpg,powdery_mildew,0,0,0,0,1,0
b03770fa364bc12d.jpg,healthy,1,0,0,0,0,0
e24fd23d2d3a2691.jpg,scab,0,1,0,0,0,0
ffc6c00f0f247cd0.jpg,rust,0,0,0,1,0,0
a49b8711ad95a477.jpg,frog_eye_leaf_spot,0,0,1,0,0,0
e03795d3f908a31d.jpg,powdery_mildew complex,0,0,0,0,1,1
af5a31d2ca953332.jpg,healthy,1,0,0,0,0,0
bf1bcd90be05322c.jpg,healthy,1,0,0,0,0,0
e083c758af629c3d.jpg,frog_eye_leaf_spot,0,0,1,0,0,0
aa2f5af05b00b9cd.jpg,frog_eye_leaf_spot,0,0,1,0,0,0
ceadd0c5353aa962.jpg,complex,0,0,0,0,0,1
897a766364c0d9d9.jpg,scab,0,1,0,0,0,0
b680cb956c796173.jpg,scab,0,1,0,0,0,0
c2a0f402179f9cfe.jpg,scab frog_eye_leaf_spot,0,1,1,0,0,0
d2605a987e9779a4.jpg,rust,0,0,0,1,0,0
90f6f2865a0f391d.jpg,scab,0,1,0,0,0,0
cb0923e6d43bdc4c.jpg,powdery_mildew,0,0,0,0,1,0
b49ae1e17f88945c.jpg,healthy,1,0,0,0,0,0
da865ea17139e3e0.jpg,scab,0,1,0,0,0,0
a0e1929f3f0c157d.jpg,healthy,1,0,0,0,0,0
a1be7297137a190b.jpg,scab,0,1,0,0,0,0
c9a5f941897eca1a.jpg,rust,0,0,0,1,0,0
d13ab809b35b227b.jpg,rust,0,0,0,1,0,0
a56153d2a5a74a4f.jpg,healthy,1,0,0,0,0,0
d59f72426e2613c3.jpg,rust,0,0,0,1,0,0
d41dd2598a54c9be.jpg,frog_eye_leaf_spot,0,0,1,0,0,0
a0e0d2fc2d4bb5a5.jpg,healthy,1,0,0,0,0,0
a1f1c07a6fb73580.jpg,rust,0,0,0,1,0,0
b41594c3fe494be4.jpg,healthy,1,0,0,0,0,0
84713e23c0d37b6e.jpg,healthy,1,0,0,0,0,0
a5df92289fa48167.jpg,frog_eye_leaf_spot,0,0,1,0,0,0
c8c9358a7a25d27d.jpg,scab,0,1,0,0,0,0
dab12d89c67dc151.jpg,healthy,1,0,0,0,0,0
a8a7fcaed0788323.jpg,healthy,1,0,0,0,0,0
875aeabdcc838aa1.jpg,complex,0,0,0,0,0,1
ed33e0398d604e67.jpg,scab,0,1,0,0,0,0
f0b09ac1f8cf45c5.jpg,frog_eye_leaf_spot complex,0,0,1,0,0,1
fdcae5ad06e032e0.jpg,scab,0,1,0,0,0,0
e90ba5c9332f31c3.jpg,complex,0,0,0,0,0,1
d6b70372f8638b41.jpg,frog_eye_leaf_spot,0,0,1,0,0,0
bd2bd4f142d222cb.jpg,healthy,1,0,0,0,0,0
b703c3ff59b84103.jpg,complex,0,0,0,0,0,1
bc0a82b6b727b658.jpg,healthy,1,0,0,0,0,0
a09ade1a357f114b.jpg,frog_eye_leaf_spot,0,0,1,0,0,0
a260594d5896b7f9.jpg,complex,0,0,0,0,0,1
cf8cd55ad26b98c0.jpg,rust complex,0,0,0,1,0,1
e876c13fc438ed11.jpg,scab frog_eye_leaf_spot,0,1,1,0,0,0
dd2f647290ecd328.jpg,scab,0,1,0,0,0,0
d32c65a99e50357a.jpg,scab,0,1,0,0,0,0
eec2cb6b2d043d64.jpg,complex,0,0,0,0,0,1
fa63c3ea8d285c54.jpg,healthy,1,0,0,0,0,0
a19ec7609f6458f4.jpg,healthy,1,0,0,0,0,0
b720d2f4c2e496a7.jpg,complex,0,0,0,0,0,1
c58717e8256d2a76.jpg,rust,0,0,0,1,0,0
bec0851f95b1c1ba.jpg,healthy,1,0,0,0,0,0
c2234d6391f963ce.jpg,powdery_mildew,0,0,0,0,1,0
f870e5e070e17ba1.jpg,healthy,1,0,0,0,0,0
cb86328c68f1f593.jpg,scab,0,1,0,0,0,0
b565d204cd796d31.jpg,healthy,1,0,0,0,0,0
f48ba2ce9ad84955.jpg,healthy,1,0,0,0,0,0
cf7891ca13dbe980.jpg,healthy,1,0,0,0,0,0
de9f2428345d705e.jpg,scab,0,1,0,0,0,0
b0e88695693aa55f.jpg,healthy,1,0,0,0,0,0
bf7894b59a9211ca.jpg,healthy,1,0,0,0,0,0
9f2174f703ca3961.jpg,healthy,1,0,0,0,0,0
83a927ade483e3e4.jpg,scab,0,1,0,0,0,0
f8f30e188e0bef60.jpg,healthy,1,0,0,0,0,0
bd4b8834cdabc5a1.jpg,healthy,1,0,0,0,0,0
9c86ecdd689d650a.jpg,frog_eye_leaf_spot,0,0,1,0,0,0
fe6dcb344dc804c9.jpg,healthy,1,0,0,0,0,0
e907f001c2f4aff4.jpg,healthy,1,0,0,0,0,0
896b3f80236d761b.jpg,healthy,1,0,0,0,0,0
e832c4d3cc0bd6ad.jpg,complex,0,0,0,0,0,1
e36d1c8c77b90133.jpg,scab frog_eye_leaf_spot,0,1,1,0,0,0
95e1c532353bc38d.jpg,frog_eye_leaf_spot,0,0,1,0,0,0
c13d9d371cc12c4f.jpg,scab,0,1,0,0,0,0
ad8386e398adb564.jpg,rust,0,0,0,1,0,0
c1d2e6893063bcde.jpg,scab frog_eye_leaf_spot,0,1,1,0,0,0
e8b98670c05f7bc4.jpg,scab,0,1,0,0,0,0
ce3838f3851ae58e.jpg,rust,0,0,0,1,0,0
a8d54d0d96517ab3.jpg,scab,0,1,0,0,0,0
ee7940c427c076cf.jpg,frog_eye_leaf_spot,0,0,1,0,0,0
ee28d6f80bde4017.jpg,rust,0,0,0,1,0,0
fc83c05b8f247e31.jpg,healthy,1,0,0,0,0,0
842af660beab7d0c.jpg,scab frog_eye_leaf_spot,0,1,1,0,0,0
bdafe8a7806110f5.jpg,healthy,1,0,0,0,0,0
f1a68d7834a33b62.jpg,powdery_mildew,0,0,0,0,1,0
f096d4decf456830.jpg,frog_eye_leaf_spot,0,0,1,0,0,0
a576d1c7420a5f99.jpg,scab,0,1,0,0,0,0
fd948490979d5ae8.jpg,scab,0,1,0,0,0,0
b818dbed00ed62da.jpg,complex,0,0,0,0,0,1
89b949916b36cb9c.jpg,healthy,1,0,0,0,0,0
a5694badc1b76047.jpg,scab,0,1,0,0,0,0
cc9bdfb8483f20a1.jpg,powdery_mildew,0,0,0,0,1,0
dd765d662834605d.jpg,complex,0,0,0,0,0,1
bdab9a50d9a1e883.jpg,scab frog_eye_leaf_spot,0,1,1,0,0,0
9bd2678513d89ea8.jpg,powdery_mildew,0,0,0,0,1,0
bd3e64f2da30c324.jpg,powdery_mildew,0,0,0,0,1,0
fefec08fc001a1e9.jpg,healthy,1,0,0,0,0,0
c7ab520f6e5684a9.jpg,frog_eye_leaf_spot,0,0,1,0,0,0
a4239c3d32c4e75e.jpg,scab,0,1,0,0,0,0
89b763d4c2ca6aa3.jpg,frog_eye_leaf_spot,0,0,1,0,0,0
c8966548df21573d.jpg,healthy,1,0,0,0,0,0
8781c9b9e9a269f1.jpg,frog_eye_leaf_spot,0,0,1,0,0,0
a0a4db9798b873a9.jpg,complex,0,0,0,0,0,1
efa7c6930e18344d.jpg,rust,0,0,0,1,0,0
8a78f35e068dd8cc.jpg,frog_eye_leaf_spot,0,0,1,0,0,0
b4da259604beda2b.jpg,healthy,1,0,0,0,0,0
fbbc50c2d8c1a599.jpg,rust,0,0,0,1,0,0
90f30f843f8f20de.jpg,scab,0,1,0,0,0,0
fd1f9f34c062a1b0.jpg,rust,0,0,0,1,0,0
d6132306affe9870.jpg,rust,0,0,0,1,0,0
c11d213fdbc218db.jpg,scab,0,1,0,0,0,0
f2c4c7d80cdcf832.jpg,healthy,1,0,0,0,0,0
aeac803cddc22a9f.jpg,scab,0,1,0,0,0,0
ca8c3e607783c65d.jpg,frog_eye_leaf_spot,0,0,1,0,0,0
83cbdfdcc82c3c30.jpg,healthy,1,0,0,0,0,0
f7e68b0bad415a88.jpg,scab,0,1,0,0,0,0
e1618367ae48faac.jpg,scab,0,1,0,0,0,0
e4de4afb2472206b.jpg,frog_eye_leaf_spot,0,0,1,0,0,0
a9bcb195d2121bba.jpg,healthy,1,0,0,0,0,0
c53252d80af82ff5.jpg,rust,0,0,0,1,0,0
f2e189383133a6ee.jpg,scab frog_eye_leaf_spot complex,0,1,1,0,0,1
e3ea5b35b2e26c08.jpg,scab,0,1,0,0,0,0
e3ebf7818e82081f.jpg,scab,0,1,0,0,0,0
95276ccd226ad933.jpg,frog_eye_leaf_spot,0,0,1,0,0,0
ab1ec5fe94483d88.jpg,healthy,1,0,0,0,0,0
c0ae0b4b3e9cf073.jpg,healthy,1,0,0,0,0,0
c225f117dd3d1cc4.jpg,powdery_mildew,0,0,0,0,1,0
ea31e0d14a13ee9d.jpg,scab frog_eye_leaf_spot complex,0,1,1,0,0,1
c7b76b8185e95862.jpg,frog_eye_leaf_spot,0,0,1,0,0,0
e2f0e1f898b21f51.jpg,scab,0,1,0,0,0,0
ce7834ac94a5f591.jpg,scab,0,1,0,0,0,0
c01fd2389fa0d9ea.jpg,healthy,1,0,0,0,0,0
c1599b416327a78f.jpg,healthy,1,0,0,0,0,0
98ba1a557464cdb5.jpg,healthy,1,0,0,0,0,0
84d7fe5c7c0c43c2.jpg,rust,0,0,0,1,0,0
ea28d0d55c95743b.jpg,healthy,1,0,0,0,0,0
d107396be35c2e62.jpg,scab,0,1,0,0,0,0
878f6e2135b63417.jpg,frog_eye_leaf_spot,0,0,1,0,0,0
899d69ed93294b1c.jpg,rust,0,0,0,1,0,0
a4deaf601331796a.jpg,frog_eye_leaf_spot,0,0,1,0,0,0
ade09f05c8e0e8db.jpg,healthy,1,0,0,0,0,0
c530324bafc7729a.jpg,complex,0,0,0,0,0,1
d0e3614b07a8faf4.jpg,healthy,1,0,0,0,0,0
b1f69ae5950b3c03.jpg,rust,0,0,0,1,0,0
eb4f87a188b05db4.jpg,healthy,1,0,0,0,0,0
a1e2c39f995f1503.jpg,healthy,1,0,0,0,0,0
dec0e09fc38e858d.jpg,frog_eye_leaf_spot,0,0,1,0,0,0
b262e8a4d47b98e9.jpg,rust,0,0,0,1,0,0
c5283b96c01b7ae7.jpg,rust,0,0,0,1,0,0
e1dcc7e08c67b8b0.jpg,scab frog_eye_leaf_spot complex,0,1,1,0,0,1
f4c97e3e06c0c738.jpg,frog_eye_leaf_spot,0,0,1,0,0,0
a0f2db932f4d41b4.jpg,scab,0,1,0,0,0,0
98c7515f64cab1b4.jpg,frog_eye_leaf_spot,0,0,1,0,0,0
f629cbc28cc7606e.jpg,scab,0,1,0,0,0,0
85f0c2c0db4b4f4f.jpg,rust,0,0,0,1,0,0
f5f2d0eec9d40426.jpg,healthy,1,0,0,0,0,0
c2cf3d29c7ec1630.jpg,scab,0,1,0,0,0,0
d291a3ce393d4cb1.jpg,scab,0,1,0,0,0,0
a5879fdad880eca8.jpg,complex,0,0,0,0,0,1
d562e0cd2d3ed432.jpg,healthy,1,0,0,0,0,0
b659864a4f47e8b4.jpg,scab,0,1,0,0,0,0
8ca73417f41e9798.jpg,scab,0,1,0,0,0,0
919dc8c7ca87237a.jpg,scab,0,1,0,0,0,0
bea094d55bce2994.jpg,healthy,1,0,0,0,0,0
8c3d692365449dbd.jpg,frog_eye_leaf_spot,0,0,1,0,0,0
a8e595caca6d9c54.jpg,healthy,1,0,0,0,0,0
9f3c9c118f1701be.jpg,scab,0,1,0,0,0,0
f2e1828587ab6ba9.jpg,healthy,1,0,0,0,0,0
96b7d061606e3fc4.jpg,scab,0,1,0,0,0,0
c78e37e386c98989.jpg,healthy,1,0,0,0,0,0
d6f0d8cc232c9667.jpg,healthy,1,0,0,0,0,0
c5ee2fd0b58b7204.jpg,scab,0,1,0,0,0,0
c18597edca943b16.jpg,healthy,1,0,0,0,0,0
e032cae9306ef751.jpg,powdery_mildew,0,0,0,0,1,0
87a5e0dc30674b79.jpg,complex,0,0,0,0,0,1
bd9179e1a19f10b1.jpg,scab,0,1,0,0,0,0
d46896409cefab9a.jpg,scab,0,1,0,0,0,0
eacac1dcd58919b8.jpg,scab frog_eye_leaf_spot,0,1,1,0,0,0
f4f4305212969f9b.jpg,complex,0,0,0,0,0,1
850f2d292dacdf64.jpg,frog_eye_leaf_spot,0,0,1,0,0,0
a2859ad8d8d387f1.jpg,scab frog_eye_leaf_spot,0,1,1,0,0,0
b0ad9d89346a697a.jpg,scab,0,1,0,0,0,0
a7c6e7c206fc08bc.jpg,powdery_mildew,0,0,0,0,1,0
a8e285c695ceea6c.jpg,scab,0,1,0,0,0,0
977cb5d0c847a907.jpg,scab,0,1,0,0,0,0
f26cd50a8458c7f5.jpg,scab frog_eye_leaf_spot,0,1,1,0,0,0
c8a069971e3a653f.jpg,frog_eye_leaf_spot complex,0,0,1,0,0,1
826c96e83790799f.jpg,healthy,1,0,0,0,0,0
c69ec6c7e213f421.jpg,healthy,1,0,0,0,0,0
cedd07a6c69ee108.jpg,powdery_mildew,0,0,0,0,1,0
b7b0edd58a858217.jpg,rust,0,0,0,1,0,0
c07879c8f138d771.jpg,rust,0,0,0,1,0,0
ea0182c7f78e8eb8.jpg,healthy,1,0,0,0,0,0
899ebda59584bc98.jpg,healthy,1,0,0,0,0,0
966b65f8c9546856.jpg,frog_eye_leaf_spot,0,0,1,0,0,0
f6d2c70f4c2c683a.jpg,powdery_mildew,0,0,0,0,1,0
f095c13a6f619cc3.jpg,frog_eye_leaf_spot,0,0,1,0,0,0
de0b34699235a9e3.jpg,healthy,1,0,0,0,0,0
f8cb4a5e712331cc.jpg,powdery_mildew,0,0,0,0,1,0
da2138dec0ca657e.jpg,healthy,1,0,0,0,0,0
b5e1c297cf9a8449.jpg,complex,0,0,0,0,0,1
d0563fbb241b2ce1.jpg,powdery_mildew,0,0,0,0,1,0
a548d67d0375aa5a.jpg,frog_eye_leaf_spot,0,0,1,0,0,0
90fcd8e1fb2e003d.jpg,rust,0,0,0,1,0,0
95b56b40066fef0c.jpg,scab,0,1,0,0,0,0
f1e08b5ada013c7e.jpg,frog_eye_leaf_spot,0,0,1,0,0,0
839b68005e67d5db.jpg,powdery_mildew,0,0,0,0,1,0
80f515f574cb609e.jpg,healthy,1,0,0,0,0,0
f7c3e10f0b3e380c.jpg,rust,0,0,0,1,0,0
c7588750b57eb02e.jpg,scab,0,1,0,0,0,0
b01097d09ecb69af.jpg,scab,0,1,0,0,0,0
c39a78d9a060f63b.jpg,powdery_mildew,0,0,0,0,1,0
b7faf6a484238352.jpg,scab,0,1,0,0,0,0
fc3ec0f038cfb098.jpg,healthy,1,0,0,0,0,0
fb31d0020bef3e4c.jpg,frog_eye_leaf_spot,0,0,1,0,0,0
d17b9166229d33b1.jpg,rust,0,0,0,1,0,0
b6e4c1c7165c19bc.jpg,healthy,1,0,0,0,0,0
ad95d89641bd036d.jpg,scab,0,1,0,0,0,0
a093875fde221877.jpg,healthy,1,0,0,0,0,0
ecad77f40b2aa094.jpg,frog_eye_leaf_spot,0,0,1,0,0,0
d4ffe0e04f52151c.jpg,healthy,1,0,0,0,0,0
f5b1d00d6c6cfa81.jpg,healthy,1,0,0,0,0,0
855a64cb76c55674.jpg,frog_eye_leaf_spot,0,0,1,0,0,0
80782fca6a9f559c.jpg,scab,0,1,0,0,0,0
f81ee428bf92035e.jpg,complex,0,0,0,0,0,1
bc89929e6a596c35.jpg,healthy,1,0,0,0,0,0
ff44c14087e917ad.jpg,healthy,1,0,0,0,0,0
e917184f15c81adf.jpg,complex,0,0,0,0,0,1
ae3996698871946f.jpg,scab,0,1,0,0,0,0
b41697365a52f82e.jpg,scab,0,1,0,0,0,0
efd47470153a423d.jpg,scab,0,1,0,0,0,0
f18f1fb0a0f4e3a0.jpg,healthy,1,0,0,0,0,0
f2a7cc185b4c9b94.jpg,frog_eye_leaf_spot,0,0,1,0,0,0
9f1061a618f3fcc9.jpg,powdery_mildew,0,0,0,0,1,0
863ab5b4ca263e65.jpg,rust,0,0,0,1,0,0
ace1545351df918e.jpg,frog_eye_leaf_spot,0,0,1,0,0,0
b5394551dd25eb50.jpg,complex,0,0,0,0,0,1
e8bd8ac4d982dd83.jpg,complex,0,0,0,0,0,1
fc6b8c145859e3cc.jpg,scab,0,1,0,0,0,0
d5c22b2d36f3c843.jpg,powdery_mildew,0,0,0,0,1,0
a44896edcfaa50ad.jpg,healthy,1,0,0,0,0,0
89f0be0b882f5557.jpg,scab,0,1,0,0,0,0
e8c1b0cacbfc0fd0.jpg,scab,0,1,0,0,0,0
c2403f37309979fc.jpg,scab frog_eye_leaf_spot,0,1,1,0,0,0
d9a006e56cbae897.jpg,complex,0,0,0,0,0,1
be91c1e9c287a7c2.jpg,healthy,1,0,0,0,0,0
c38f314f901ef938.jpg,frog_eye_leaf_spot,0,0,1,0,0,0
83b4bc9ed54b5251.jpg,frog_eye_leaf_spot,0,0,1,0,0,0
9eb41a9b58c9d1e1.jpg,scab,0,1,0,0,0,0
b7dfc2c92414ec23.jpg,powdery_mildew complex,0,0,0,0,1,1
e08085ba7b3333be.jpg,scab,0,1,0,0,0,0
aca88dc58c9e8af6.jpg,scab,0,1,0,0,0,0
aba960c94f4d0ceb.jpg,healthy,1,0,0,0,0,0
81eec95c1ff22781.jpg,powdery_mildew,0,0,0,0,1,0
bda9a5decc242c94.jpg,healthy,1,0,0,0,0,0
bba472c49b1a196b.jpg,complex,0,0,0,0,0,1
cc3d32818ff26572.jpg,frog_eye_leaf_spot,0,0,1,0,0,0
96a558b0e901ff63.jpg,powdery_mildew,0,0,0,0,1,0
9d2580ddd91d0fb1.jpg,complex,0,0,0,0,0,1
ef6bd231c24842dd.jpg,complex,0,0,0,0,0,1
d5a21d7b5e49ca0c.jpg,scab,0,1,0,0,0,0
c7b79dc84d496498.jpg,healthy,1,0,0,0,0,0
9975650dc2ce83b9.jpg,scab,0,1,0,0,0,0
d59b4b48692dc4f1.jpg,powdery_mildew,0,0,0,0,1,0
ad0f8a4ede349c34.jpg,complex,0,0,0,0,0,1
b2be91819167e0f9.jpg,scab,0,1,0,0,0,0
aa62d1a5cba6ea54.jpg,scab,0,1,0,0,0,0
859f7d5af850a055.jpg,scab frog_eye_leaf_spot,0,1,1,0,0,0
a2bd01164c85f9f7.jpg,healthy,1,0,0,0,0,0
817e97dad0c33ae0.jpg,scab,0,1,0,0,0,0
c2693f4378df3310.jpg,scab,0,1,0,0,0,0
a95ade521c733e11.jpg,healthy,1,0,0,0,0,0
9cba5ec9ad4a2d44.jpg,frog_eye_leaf_spot,0,0,1,0,0,0
854bbae391611b73.jpg,complex,0,0,0,0,0,1
d2f64d5827aa3a91.jpg,healthy,1,0,0,0,0,0
87818c3239fff1c8.jpg,scab,0,1,0,0,0,0
95da3f630721252f.jpg,scab,0,1,0,0,0,0
c5625237abe8dc58.jpg,frog_eye_leaf_spot,0,0,1,0,0,0
e0afe3dc071c8798.jpg,scab,0,1,0,0,0,0
c5143eb3279b7268.jpg,powdery_mildew,0,0,0,0,1,0
f5f6caa538c0a159.jpg,powdery_mildew,0,0,0,0,1,0
ec62c0a3dc0fb1ce.jpg,healthy,1,0,0,0,0,0
cdcd34737ae8c0c4.jpg,frog_eye_leaf_spot,0,0,1,0,0,0
91e10527e6de889f.jpg,frog_eye_leaf_spot,0,0,1,0,0,0
838937cb154772d5.jpg,scab,0,1,0,0,0,0
b34e934ccf90789a.jpg,scab,0,1,0,0,0,0
96a0c949053b3ffc.jpg,scab,0,1,0,0,0,0
a99471cdb22da5e2.jpg,complex,0,0,0,0,0,1
e0d517cfe7a89058.jpg,frog_eye_leaf_spot,0,0,1,0,0,0
a65ed56dbc9414a8.jpg,healthy,1,0,0,0,0,0
fda174c13c004efd.jpg,complex,0,0,0,0,0,1
92a99562bd54a3dc.jpg,scab,0,1,0,0,0,0
ad9f929d8b08cda2.jpg,complex,0,0,0,0,0,1
8e3dbccdfe08c850.jpg,healthy,1,0,0,0,0,0
a880dc6756ed761c.jpg,frog_eye_leaf_spot complex,0,0,1,0,0,1
e70cc58572bcc35c.jpg,healthy,1,0,0,0,0,0
be90d289c1007ff7.jpg,scab,0,1,0,0,0,0
caa63498933bee85.jpg,healthy,1,0,0,0,0,0
968f25e7ca486f30.jpg,frog_eye_leaf_spot,0,0,1,0,0,0
e4a99bc4619af668.jpg,frog_eye_leaf_spot,0,0,1,0,0,0
828f375d5e5843c9.jpg,frog_eye_leaf_spot,0,0,1,0,0,0
9bba23906bb0b678.jpg,complex,0,0,0,0,0,1
fb3ac1a48e4e0f0e.jpg,scab,0,1,0,0,0,0
d2ae6e882498e4fb.jpg,complex,0,0,0,0,0,1
f0c68d1a9ac59b17.jpg,powdery_mildew,0,0,0,0,1,0
f478ee4b8981a8ec.jpg,frog_eye_leaf_spot,0,0,1,0,0,0
a4dd0dc4052ed9b7.jpg,frog_eye_leaf_spot,0,0,1,0,0,0
af8f03f88601a55f.jpg,frog_eye_leaf_spot,0,0,1,0,0,0
bf365ba6e1007199.jpg,scab,0,1,0,0,0,0
f80f00e2eca7571e.jpg,scab,0,1,0,0,0,0
9e84472b5bf8e807.jpg,frog_eye_leaf_spot,0,0,1,0,0,0
c3e837733b31e212.jpg,scab,0,1,0,0,0,0
c662b58d47917a6a.jpg,powdery_mildew,0,0,0,0,1,0
aaf97284c1262dbe.jpg,rust,0,0,0,1,0,0
f7d233d11aa8496c.jpg,rust,0,0,0,1,0,0
a1c31a0cad963fba.jpg,frog_eye_leaf_spot,0,0,1,0,0,0
f25884c7cf0c9e74.jpg,scab,0,1,0,0,0,0
8b43f83043fb417b.jpg,powdery_mildew,0,0,0,0,1,0
d78e3c69488d4c97.jpg,scab,0,1,0,0,0,0
ea990f81f06cc567.jpg,scab,0,1,0,0,0,0
b688c7b40b347ab5.jpg,complex,0,0,0,0,0,1
b8a191b71b1a2f9a.jpg,scab,0,1,0,0,0,0
fa8080b68a3f3cdd.jpg,frog_eye_leaf_spot,0,0,1,0,0,0
899ccb9eac627427.jpg,healthy,1,0,0,0,0,0
a6e6c6742e14e19d.jpg,powdery_mildew,0,0,0,0,1,0
87b7d0903bda648d.jpg,healthy,1,0,0,0,0,0
94b393b3b1e8a4ac.jpg,healthy,1,0,0,0,0,0
b170602f6fcd9919.jpg,powdery_mildew,0,0,0,0,1,0
c1e7dc1f60893f81.jpg,complex,0,0,0,0,0,1
a9d0a6cac48bacbd.jpg,frog_eye_leaf_spot,0,0,1,0,0,0
9dca3dc8bdc27482.jpg,scab frog_eye_leaf_spot,0,1,1,0,0,0
fcea6489b7229c43.jpg,scab,0,1,0,0,0,0
edc1621eb20f48f5.jpg,scab,0,1,0,0,0,0
eae410878a7a6d3d.jpg,frog_eye_leaf_spot,0,0,1,0,0,0
bd2195dd843e694a.jpg,scab frog_eye_leaf_spot,0,1,1,0,0,0
cdca445c5e5d5a52.jpg,healthy,1,0,0,0,0,0
e8a88536da27cb35.jpg,scab,0,1,0,0,0,0
bd30da37d12bd580.jpg,healthy,1,0,0,0,0,0
b5ea95808fa95e25.jpg,scab,0,1,0,0,0,0
b6a6c9ecfe1032c2.jpg,scab,0,1,0,0,0,0
fb3fd5c08210d2c7.jpg,frog_eye_leaf_spot,0,0,1,0,0,0
f0cbf4487fcae480.jpg,frog_eye_leaf_spot,0,0,1,0,0,0
a368d1a44fda36d2.jpg,complex,0,0,0,0,0,1
950abcced875c236.jpg,frog_eye_leaf_spot,0,0,1,0,0,0
bfd1d2968b2e3421.jpg,healthy,1,0,0,0,0,0
8da0b49fb2d25a74.jpg,frog_eye_leaf_spot,0,0,1,0,0,0
c5e1af4bc07439d4.jpg,rust,0,0,0,1,0,0
a0dfc03dc63a1e4e.jpg,complex,0,0,0,0,0,1
a63378963f44a2a7.jpg,rust,0,0,0,1,0,0
c780633f9d9d2970.jpg,rust,0,0,0,1,0,0
f9899391939797c0.jpg,frog_eye_leaf_spot,0,0,1,0,0,0
96e6e64aba70154d.jpg,frog_eye_leaf_spot,0,0,1,0,0,0
85afc6da8d8a0e99.jpg,scab,0,1,0,0,0,0
cf28cc7a303e2771.jpg,scab,0,1,0,0,0,0
de903a60f7c7c81c.jpg,rust,0,0,0,1,0,0
9949a537e019c2bf.jpg,healthy,1,0,0,0,0,0
aa3e8240b4ebfc2b.jpg,healthy,1,0,0,0,0,0
d63acdd21047339d.jpg,healthy,1,0,0,0,0,0
c1bd4bb8cb6236c1.jpg,scab,0,1,0,0,0,0
e03d81331db65cce.jpg,healthy,1,0,0,0,0,0
e5a2d2cb351d3664.jpg,scab frog_eye_leaf_spot,0,1,1,0,0,0
d2cd93c936a145e9.jpg,rust,0,0,0,1,0,0
825a65d0f1f523ea.jpg,scab,0,1,0,0,0,0
9e0d961d1ebc7a88.jpg,frog_eye_leaf_spot,0,0,1,0,0,0
a5c7d06ecb36013e.jpg,frog_eye_leaf_spot,0,0,1,0,0,0
e80f18f81b19bfe0.jpg,scab,0,1,0,0,0,0
f596d9b2c2c22738.jpg,frog_eye_leaf_spot,0,0,1,0,0,0
8aa7f53cc23a8751.jpg,scab,0,1,0,0,0,0
c5adeac0e4ee30c9.jpg,frog_eye_leaf_spot,0,0,1,0,0,0
82e7979718e961a5.jpg,powdery_mildew,0,0,0,0,1,0
f4a3eb825dd05b41.jpg,complex,0,0,0,0,0,1
b0f5529d6e1b3348.jpg,scab,0,1,0,0,0,0
baa1966eda40e927.jpg,healthy,1,0,0,0,0,0
b4b6d2c96dad4066.jpg,complex,0,0,0,0,0,1
c963215ea5ad3665.jpg,complex,0,0,0,0,0,1
f2e4c3940dd4b993.jpg,scab,0,1,0,0,0,0
9e65bc327c19d229.jpg,healthy,1,0,0,0,0,0
a9b0c1c8db869ad7.jpg,healthy,1,0,0,0,0,0
abad92d6588a58cb.jpg,healthy,1,0,0,0,0,0
d2d85e90433e1d6e.jpg,powdery_mildew,0,0,0,0,1,0
d217da1dcd2a8d94.jpg,healthy,1,0,0,0,0,0
dec12fdf00b07718.jpg,scab,0,1,0,0,0,0
dfd29093e9b80559.jpg,scab frog_eye_leaf_spot,0,1,1,0,0,0
ba73c3a2639af121.jpg,healthy,1,0,0,0,0,0
d6e89229eadcc9c2.jpg,healthy,1,0,0,0,0,0
ae419e425abf651c.jpg,scab,0,1,0,0,0,0
e984c49aef3d54a1.jpg,complex,0,0,0,0,0,1
c6c4c4961b3f13e3.jpg,healthy,1,0,0,0,0,0
d3fb7ccc3608b281.jpg,scab,0,1,0,0,0,0
db6b29c0346ee0e6.jpg,rust,0,0,0,1,0,0
963683e06f4178bb.jpg,healthy,1,0,0,0,0,0
968155652ff1d8c5.jpg,rust,0,0,0,1,0,0
d09f638db1737830.jpg,powdery_mildew,0,0,0,0,1,0
c232bf382f21a55d.jpg,complex,0,0,0,0,0,1
e8d497360366ee15.jpg,scab,0,1,0,0,0,0
aae2a56987e987a1.jpg,frog_eye_leaf_spot,0,0,1,0,0,0
a27ec2811c3f3e1e.jpg,complex,0,0,0,0,0,1
ddb0f3b4a0d112ab.jpg,scab frog_eye_leaf_spot,0,1,1,0,0,0
bca9c2632b355ad8.jpg,healthy,1,0,0,0,0,0
e3061569ed671275.jpg,scab,0,1,0,0,0,0
e8f0dfe08ac510ee.jpg,healthy,1,0,0,0,0,0
8079176b1b970bda.jpg,scab,0,1,0,0,0,0
839d6e94c94d3659.jpg,rust,0,0,0,1,0,0
88bf3fc240dbd948.jpg,scab,0,1,0,0,0,0
a48cdb969552a6b5.jpg,healthy,1,0,0,0,0,0
856247c56f18bfa1.jpg,scab,0,1,0,0,0,0
e6b330d8994b6c69.jpg,powdery_mildew,0,0,0,0,1,0
cb00748730bfcdbc.jpg,healthy,1,0,0,0,0,0
b48e4d5e5a5d2952.jpg,frog_eye_leaf_spot,0,0,1,0,0,0
c77ea3ca12d18bc8.jpg,scab,0,1,0,0,0,0
b293c92c93998b2f.jpg,scab,0,1,0,0,0,0
d5c3d92389864377.jpg,rust,0,0,0,1,0,0
b4696b8cbc3dc119.jpg,healthy,1,0,0,0,0,0
a0bd87dacf61aa21.jpg,scab,0,1,0,0,0,0
d1a4d16aba8b7607.jpg,powdery_mildew,0,0,0,0,1,0
b1c0dc26ed7f8185.jpg,healthy,1,0,0,0,0,0
b7b4c2dacb81cf40.jpg,frog_eye_leaf_spot,0,0,1,0,0,0
fac5978e9c555242.jpg,scab,0,1,0,0,0,0
b59296b49a9292d7.jpg,frog_eye_leaf_spot,0,0,1,0,0,0
d1da92ca9e74da82.jpg,healthy,1,0,0,0,0,0
8dd334f649a92959.jpg,frog_eye_leaf_spot,0,0,1,0,0,0
adc384d1deaa9a19.jpg,rust,0,0,0,1,0,0
d2a9911b12b2cddd.jpg,scab frog_eye_leaf_spot complex,0,1,1,0,0,1
cad1de4919e96133.jpg,healthy,1,0,0,0,0,0
a2d2c2ca5ad55ea5.jpg,healthy,1,0,0,0,0,0
b898bca7066db89c.jpg,frog_eye_leaf_spot,0,0,1,0,0,0
a5d1d2d0ce1aeb61.jpg,healthy,1,0,0,0,0,0
cd8075c399bee06c.jpg,scab,0,1,0,0,0,0
8b87756c0bf2991c.jpg,scab,0,1,0,0,0,0
95bc4724af1bd0a3.jpg,frog_eye_leaf_spot,0,0,1,0,0,0
beecdfa52283048e.jpg,healthy,1,0,0,0,0,0
f4858d4c42b0f7b9.jpg,healthy,1,0,0,0,0,0
d905e5c4aae0d5d3.jpg,healthy,1,0,0,0,0,0
99b23bf90cdb0c86.jpg,scab,0,1,0,0,0,0
ed66c6b6e4d33005.jpg,scab frog_eye_leaf_spot complex,0,1,1,0,0,1
d5c83e9692ce0e1e.jpg,healthy,1,0,0,0,0,0
96f5c3af8484ec94.jpg,scab,0,1,0,0,0,0
dccec4cc3e391b60.jpg,complex,0,0,0,0,0,1
dff562717a690602.jpg,healthy,1,0,0,0,0,0
856339e4d939c6d8.jpg,rust,0,0,0,1,0,0
b963c0024f6b07bf.jpg,rust,0,0,0,1,0,0
fae2d69e8a8408bd.jpg,scab,0,1,0,0,0,0
d30379dea594c5e0.jpg,rust,0,0,0,1,0,0
e5bdc24a10d65e78.jpg,healthy,1,0,0,0,0,0
efb5bd90ca2a0e0c.jpg,scab,0,1,0,0,0,0
f0c76feee0cc0710.jpg,scab,0,1,0,0,0,0
99a2f4586ec869f1.jpg,frog_eye_leaf_spot,0,0,1,0,0,0
f468d79649cd700e.jpg,frog_eye_leaf_spot,0,0,1,0,0,0
8de3c35b3d958542.jpg,frog_eye_leaf_spot,0,0,1,0,0,0
9d986012da6c95fb.jpg,rust,0,0,0,1,0,0
80decb70b3295bb2.jpg,healthy,1,0,0,0,0,0
e9a7dac94db42298.jpg,frog_eye_leaf_spot complex,0,0,1,0,0,1
95907cf6e46c988d.jpg,scab,0,1,0,0,0,0
c02f6947b20ef22f.jpg,scab,0,1,0,0,0,0
a9f5d4c3c2c18ac7.jpg,scab,0,1,0,0,0,0
d4b535926ae9682b.jpg,healthy,1,0,0,0,0,0
a368de0a46a558fb.jpg,healthy,1,0,0,0,0,0
f6d75a8b810b6964.jpg,scab,0,1,0,0,0,0
c55bdc8b29255635.jpg,complex,0,0,0,0,0,1
cd6e3668da3a1c31.jpg,powdery_mildew,0,0,0,0,1,0
95bf5adf35348420.jpg,healthy,1,0,0,0,0,0
d0c800df85297f7d.jpg,rust,0,0,0,1,0,0
bf998226264ccdcd.jpg,healthy,1,0,0,0,0,0
e1ba80d41fc55ec5.jpg,healthy,1,0,0,0,0,0
a119961b589fe56a.jpg,healthy,1,0,0,0,0,0
96a738204ddf9cd1.jpg,healthy,1,0,0,0,0,0
f0f597a1282f6472.jpg,healthy,1,0,0,0,0,0
c5aa6c277a8fa065.jpg,frog_eye_leaf_spot,0,0,1,0,0,0
c1cfc8ed98e314c3.jpg,powdery_mildew,0,0,0,0,1,0
c7c3683c3c4e9955.jpg,powdery_mildew,0,0,0,0,1,0
82d1f812afcbda13.jpg,powdery_mildew,0,0,0,0,1,0
97c36b7ccaa15641.jpg,rust,0,0,0,1,0,0
b0af9fe46eb0a00d.jpg,powdery_mildew,0,0,0,0,1,0
e5d4da0ff455001f.jpg,powdery_mildew,0,0,0,0,1,0
b927929ccb4a85e9.jpg,frog_eye_leaf_spot,0,0,1,0,0,0
dbcc2cc228963aeb.jpg,healthy,1,0,0,0,0,0
b6d2f5680855ae0f.jpg,scab,0,1,0,0,0,0
97a6fa75d1c009e2.jpg,healthy,1,0,0,0,0,0
8571c372cab0c5bd.jpg,complex,0,0,0,0,0,1
d2f974abd47214a1.jpg,scab,0,1,0,0,0,0
d1fa0f48eac64794.jpg,scab,0,1,0,0,0,0
90f7e0c35d5a1f14.jpg,healthy,1,0,0,0,0,0
8af86da87ce164c6.jpg,healthy,1,0,0,0,0,0
aa9a0bdb853d3364.jpg,scab,0,1,0,0,0,0
a078976b5f86f1c0.jpg,healthy,1,0,0,0,0,0
c70738301fc287fe.jpg,scab,0,1,0,0,0,0
bab054b2ab968a8f.jpg,scab,0,1,0,0,0,0
e5d3929d45c02f6c.jpg,scab,0,1,0,0,0,0
a1de815a8be4eea2.jpg,frog_eye_leaf_spot,0,0,1,0,0,0
e9f0c75e8863268d.jpg,healthy,1,0,0,0,0,0
803b586d7db3ca16.jpg,rust,0,0,0,1,0,0
89b57d953cda1189.jpg,frog_eye_leaf_spot,0,0,1,0,0,0
97239796cada3858.jpg,scab frog_eye_leaf_spot complex,0,1,1,0,0,1
d47c8a214fd3309f.jpg,scab,0,1,0,0,0,0
a47ad2f981f185e1.jpg,healthy,1,0,0,0,0,0
d2b82feb78ec8d00.jpg,healthy,1,0,0,0,0,0
aa52764c954d2cb7.jpg,rust,0,0,0,1,0,0
90c33a692df76827.jpg,healthy,1,0,0,0,0,0
e5a38f7318254b8e.jpg,frog_eye_leaf_spot,0,0,1,0,0,0
8e6eaa642b02b5fa.jpg,rust,0,0,0,1,0,0
de70b26b036949a7.jpg,healthy,1,0,0,0,0,0
a24a45c1f4fb453b.jpg,healthy,1,0,0,0,0,0
c8ef38bd94ca033a.jpg,rust,0,0,0,1,0,0
e58fca87d438185e.jpg,scab,0,1,0,0,0,0
f4e1c0969c9e365c.jpg,frog_eye_leaf_spot,0,0,1,0,0,0
819c8fd2754f526c.jpg,healthy,1,0,0,0,0,0
833d6ba883f31f84.jpg,scab,0,1,0,0,0,0
e90da17f9565826a.jpg,scab frog_eye_leaf_spot,0,1,1,0,0,0
bce384c348763a37.jpg,complex,0,0,0,0,0,1
a45acb7c84669f23.jpg,healthy,1,0,0,0,0,0
a1b794378047c73e.jpg,powdery_mildew,0,0,0,0,1,0
84ae17f54c8c787a.jpg,frog_eye_leaf_spot,0,0,1,0,0,0
dcac40666556793d.jpg,rust,0,0,0,1,0,0
a890eaeac748b72b.jpg,frog_eye_leaf_spot complex,0,0,1,0,0,1
c4212c57fe4273ec.jpg,scab,0,1,0,0,0,0
da2f40dc5db0257a.jpg,frog_eye_leaf_spot,0,0,1,0,0,0
9b993a90b4c46c6f.jpg,scab,0,1,0,0,0,0
c5fdc02a97b978c0.jpg,scab,0,1,0,0,0,0
83d867d86f14c62b.jpg,powdery_mildew,0,0,0,0,1,0
b5e08197d9d6859a.jpg,frog_eye_leaf_spot,0,0,1,0,0,0
88216ed77666562e.jpg,healthy,1,0,0,0,0,0
abf7d722c15502ca.jpg,rust,0,0,0,1,0,0
d0d8623faf1f030b.jpg,rust,0,0,0,1,0,0
d50a257aa55d875a.jpg,healthy,1,0,0,0,0,0
fdcdcbca00af0496.jpg,healthy,1,0,0,0,0,0
92f1698d6cc23d66.jpg,powdery_mildew,0,0,0,0,1,0
d8cf68894f497e30.jpg,healthy,1,0,0,0,0,0
b672da80da924d97.jpg,healthy,1,0,0,0,0,0
ef8493ae81945e1e.jpg,complex,0,0,0,0,0,1
a5c4b3eb21d1968b.jpg,scab,0,1,0,0,0,0
80825b2e837f697d.jpg,healthy,1,0,0,0,0,0
dae500f8759ef288.jpg,frog_eye_leaf_spot,0,0,1,0,0,0
95b465c8692db792.jpg,scab,0,1,0,0,0,0
848a5a93c3f9696d.jpg,scab frog_eye_leaf_spot,0,1,1,0,0,0
c9bd71c3229e271c.jpg,scab,0,1,0,0,0,0
cf3c3ea3322c70a3.jpg,scab,0,1,0,0,0,0
eb901695b1a97a74.jpg,frog_eye_leaf_spot,0,0,1,0,0,0
f0fe608bbe8f1c01.jpg,frog_eye_leaf_spot,0,0,1,0,0,0
ad52f078dae1aa70.jpg,frog_eye_leaf_spot,0,0,1,0,0,0
d82f93d9a31905f8.jpg,healthy,1,0,0,0,0,0
bc21db638bf2b242.jpg,healthy,1,0,0,0,0,0
99c5c1e959378933.jpg,frog_eye_leaf_spot,0,0,1,0,0,0
9e687fc5724d2298.jpg,rust,0,0,0,1,0,0
9796ce55ec7608a2.jpg,rust frog_eye_leaf_spot,0,0,1,1,0,0
f4768563496c67c1.jpg,complex,0,0,0,0,0,1
a09790cfda8dcdc8.jpg,rust,0,0,0,1,0,0
a49b201e8b3e4b3f.jpg,healthy,1,0,0,0,0,0
e0c504d155ff5696.jpg,healthy,1,0,0,0,0,0
b7b248598a0f4a5f.jpg,frog_eye_leaf_spot,0,0,1,0,0,0
d3a907db6c127782.jpg,complex,0,0,0,0,0,1
fcf2eaa11a58543c.jpg,scab,0,1,0,0,0,0
a4c0903f1fe34dc7.jpg,healthy,1,0,0,0,0,0
94c17e96c19b0dae.jpg,scab,0,1,0,0,0,0
d989873b2238fa65.jpg,healthy,1,0,0,0,0,0
b18fb92d5a705a2a.jpg,frog_eye_leaf_spot,0,0,1,0,0,0
8f8de2d1928aa1cf.jpg,frog_eye_leaf_spot,0,0,1,0,0,0
a8f09383dcaf6307.jpg,scab,0,1,0,0,0,0
cd8f3630d1da0f89.jpg,frog_eye_leaf_spot,0,0,1,0,0,0
e1e09656dac68acd.jpg,frog_eye_leaf_spot,0,0,1,0,0,0
d6937a270f85c661.jpg,powdery_mildew,0,0,0,0,1,0
eab0c097af879d44.jpg,scab,0,1,0,0,0,0
cbe13f91ad6a23a0.jpg,scab,0,1,0,0,0,0
80da389dc24f393f.jpg,rust,0,0,0,1,0,0
c9ea07c2ec80c8ff.jpg,frog_eye_leaf_spot,0,0,1,0,0,0
bc07871f1e6a6561.jpg,rust,0,0,0,1,0,0
ef606796841edc1c.jpg,scab,0,1,0,0,0,0
d92531d6887973c6.jpg,frog_eye_leaf_spot,0,0,1,0,0,0
d0c7793969c58716.jpg,healthy,1,0,0,0,0,0
ad91da698d70c935.jpg,rust,0,0,0,1,0,0
d1f373c707060eca.jpg,scab,0,1,0,0,0,0
b4dad04d896dcb25.jpg,scab frog_eye_leaf_spot,0,1,1,0,0,0
e729c583cc1ff0d0.jpg,healthy,1,0,0,0,0,0
f23e9e4e426f300e.jpg,rust,0,0,0,1,0,0
bc8670cd65a08b7b.jpg,complex,0,0,0,0,0,1
f80aca92cfecb138.jpg,complex,0,0,0,0,0,1
ab0f72a8d2b96619.jpg,frog_eye_leaf_spot,0,0,1,0,0,0
837bf495000ef75c.jpg,healthy,1,0,0,0,0,0
bdabcbe504a544e4.jpg,healthy,1,0,0,0,0,0
f0198e5a8aabad2d.jpg,rust,0,0,0,1,0,0
89afbce1e20f8296.jpg,healthy,1,0,0,0,0,0
982664727acbece4.jpg,rust,0,0,0,1,0,0
84d40fd9cf1819cf.jpg,powdery_mildew,0,0,0,0,1,0
92e4c4964f8f370d.jpg,healthy,1,0,0,0,0,0
fc899a1d24e447f8.jpg,healthy,1,0,0,0,0,0
e287daa8d6b49a45.jpg,frog_eye_leaf_spot,0,0,1,0,0,0
e990963b0ee32ce5.jpg,scab frog_eye_leaf_spot complex,0,1,1,0,0,1
b4d6d8c04db607b5.jpg,healthy,1,0,0,0,0,0
e07f94b41f1e282b.jpg,complex,0,0,0,0,0,1
bf29c2839b3f5850.jpg,frog_eye_leaf_spot complex,0,0,1,0,0,1
f4f864ad16d87892.jpg,frog_eye_leaf_spot,0,0,1,0,0,0
dd28c8d8bcf8a90b.jpg,rust,0,0,0,1,0,0
b087cb9af024f13b.jpg,scab,0,1,0,0,0,0
dd58a738e0243eb6.jpg,scab,0,1,0,0,0,0
c1e771ec33543aa8.jpg,healthy,1,0,0,0,0,0
e54592581a657bae.jpg,powdery_mildew,0,0,0,0,1,0
b0b213db5b4ba855.jpg,frog_eye_leaf_spot,0,0,1,0,0,0
b124c91bec5b5f14.jpg,healthy,1,0,0,0,0,0
9047682d3d7d3c33.jpg,complex,0,0,0,0,0,1
d26429d8cfeae894.jpg,scab,0,1,0,0,0,0
d4f0d2b033cc3bcc.jpg,complex,0,0,0,0,0,1
942c8c9cdf5b28f4.jpg,healthy,1,0,0,0,0,0
cfc620b27f1f3089.jpg,frog_eye_leaf_spot,0,0,1,0,0,0
e96ac41e1e3c4e99.jpg,frog_eye_leaf_spot,0,0,1,0,0,0
befaf5d0e0810e89.jpg,scab,0,1,0,0,0,0
93a1d1d6e69a7451.jpg,healthy,1,0,0,0,0,0
c66d3690067bf463.jpg,frog_eye_leaf_spot,0,0,1,0,0,0
908f6b209dcf136d.jpg,scab,0,1,0,0,0,0
83fc881f7353f026.jpg,healthy,1,0,0,0,0,0
b88141cf05d4bfec.jpg,frog_eye_leaf_spot,0,0,1,0,0,0
acb80f1544dcd57a.jpg,powdery_mildew,0,0,0,0,1,0
90a62b2a75655ed5.jpg,healthy,1,0,0,0,0,0
aba055a8d25fbd41.jpg,healthy,1,0,0,0,0,0
c785c6dc14303abf.jpg,frog_eye_leaf_spot,0,0,1,0,0,0
ec86ce8f19797250.jpg,healthy,1,0,0,0,0,0
ba65cb528e4b564a.jpg,scab,0,1,0,0,0,0
d4d54a3b49ae4fc0.jpg,scab,0,1,0,0,0,0
f13053ad5c9856e5.jpg,healthy,1,0,0,0,0,0
cbb868386416775b.jpg,scab,0,1,0,0,0,0
d14360c1903f7beb.jpg,rust,0,0,0,1,0,0
ad7edea01843544f.jpg,healthy,1,0,0,0,0,0
c1cc35f49be191a3.jpg,healthy,1,0,0,0,0,0
c59531c2d55a2fd4.jpg,scab,0,1,0,0,0,0
85f6618e5784b9a3.jpg,rust,0,0,0,1,0,0
ca1ec5792726e03e.jpg,scab,0,1,0,0,0,0
8b741acf9c3342ae.jpg,powdery_mildew,0,0,0,0,1,0
9f80916b7a2afa0b.jpg,scab,0,1,0,0,0,0
96a58082cd2f6d7d.jpg,scab,0,1,0,0,0,0
9e176c685df204ba.jpg,healthy,1,0,0,0,0,0
f5139361351a6b99.jpg,powdery_mildew complex,0,0,0,0,1,1
cd8d3235726223f5.jpg,healthy,1,0,0,0,0,0
f8cf00c13e03537f.jpg,scab,0,1,0,0,0,0
8911ca992a69eded.jpg,healthy,1,0,0,0,0,0
d3b9e199bc299461.jpg,healthy,1,0,0,0,0,0
cbf85b9fc001ca53.jpg,scab,0,1,0,0,0,0
cfc92c78b0b1a1cb.jpg,healthy,1,0,0,0,0,0
8516724aa1d5fb55.jpg,complex,0,0,0,0,0,1
cf96d5356243d832.jpg,healthy,1,0,0,0,0,0
e0fb93d14f6824b2.jpg,complex,0,0,0,0,0,1
e63e86d7844d7309.jpg,frog_eye_leaf_spot,0,0,1,0,0,0
828397cdda6d5e24.jpg,scab,0,1,0,0,0,0
d109b6f0b6ee6826.jpg,rust,0,0,0,1,0,0
e1a732f2d649311d.jpg,frog_eye_leaf_spot,0,0,1,0,0,0
972a35d6612af545.jpg,frog_eye_leaf_spot,0,0,1,0,0,0
a9da1555355c53e8.jpg,frog_eye_leaf_spot,0,0,1,0,0,0
835cc7a81f853c9d.jpg,healthy,1,0,0,0,0,0
934cad982ef1f036.jpg,healthy,1,0,0,0,0,0
94d8c8656d6f3316.jpg,complex,0,0,0,0,0,1
8fff50100712c9bf.jpg,scab,0,1,0,0,0,0
8a8437e6c25f2bc9.jpg,healthy,1,0,0,0,0,0
d1403d7382ab1fb6.jpg,healthy,1,0,0,0,0,0
bf9bf195f02d2060.jpg,scab frog_eye_leaf_spot,0,1,1,0,0,0
a0479acf496dec16.jpg,scab frog_eye_leaf_spot,0,1,1,0,0,0
acd494c5cead0f07.jpg,scab,0,1,0,0,0,0
fb61ea208e261f27.jpg,healthy,1,0,0,0,0,0
a97bd52bfa077080.jpg,scab,0,1,0,0,0,0
af80903ea16aa1ff.jpg,frog_eye_leaf_spot,0,0,1,0,0,0
dbb78638c5682699.jpg,powdery_mildew,0,0,0,0,1,0
b16ae911ee8e718a.jpg,frog_eye_leaf_spot,0,0,1,0,0,0
bd39d609139069f6.jpg,scab,0,1,0,0,0,0
a726ca4ac666ada3.jpg,scab,0,1,0,0,0,0
cbc076adf4e72c80.jpg,scab,0,1,0,0,0,0
aa88159c57f9e0d3.jpg,scab,0,1,0,0,0,0
c35f38ed36c023e2.jpg,scab,0,1,0,0,0,0
c91b52d54dca70e3.jpg,healthy,1,0,0,0,0,0
b534d2306dd336cc.jpg,healthy,1,0,0,0,0,0
d0a1009ea59f6fd6.jpg,healthy,1,0,0,0,0,0
df429cc4609dc9e3.jpg,scab,0,1,0,0,0,0
db9e61343893c4a7.jpg,frog_eye_leaf_spot,0,0,1,0,0,0
8f512dd7711c8aa9.jpg,healthy,1,0,0,0,0,0
d4a7b2d89d98123b.jpg,rust,0,0,0,1,0,0
ebd7c6ea85640626.jpg,healthy,1,0,0,0,0,0
b43790e25ac71d8d.jpg,scab,0,1,0,0,0,0
e86e95c92d24359e.jpg,healthy,1,0,0,0,0,0
abc5bccad548b261.jpg,frog_eye_leaf_spot complex,0,0,1,0,0,1
abafa0a5719481f3.jpg,rust,0,0,0,1,0,0
c8c60ceeec4a46f5.jpg,scab,0,1,0,0,0,0
e83b9583d8f4d2d0.jpg,scab frog_eye_leaf_spot,0,1,1,0,0,0
e2c2d2c6625bdb89.jpg,healthy,1,0,0,0,0,0
aa0e969518e15d3f.jpg,rust,0,0,0,1,0,0
c8e63ea96cc7218e.jpg,frog_eye_leaf_spot,0,0,1,0,0,0
f93ec77bec212044.jpg,scab,0,1,0,0,0,0
f8f5e895898125e6.jpg,healthy,1,0,0,0,0,0
e19ca5d094ef7542.jpg,healthy,1,0,0,0,0,0
8d50bd56e5e075c8.jpg,scab,0,1,0,0,0,0
83b96c056477bf11.jpg,powdery_mildew,0,0,0,0,1,0
fe2d80e3bbd481c2.jpg,healthy,1,0,0,0,0,0
f0cfce3a43356524.jpg,complex,0,0,0,0,0,1
c0c73614ce4ee4ed.jpg,frog_eye_leaf_spot,0,0,1,0,0,0
d3836eedb1a40e98.jpg,scab frog_eye_leaf_spot,0,1,1,0,0,0
c18d9cbcd0822fee.jpg,scab,0,1,0,0,0,0
d6a497ac9e4d424d.jpg,healthy,1,0,0,0,0,0
f4b525d4b067b44c.jpg,healthy,1,0,0,0,0,0
c2d034646fa7dea4.jpg,frog_eye_leaf_spot complex,0,0,1,0,0,1
f61b86391ccb1ec4.jpg,frog_eye_leaf_spot,0,0,1,0,0,0
b02a2b973707f4b4.jpg,scab,0,1,0,0,0,0
c19861eb8d659fc4.jpg,powdery_mildew,0,0,0,0,1,0
ad70d7c0692f90e3.jpg,complex,0,0,0,0,0,1
eb10cbb9ad1a8c2b.jpg,healthy,1,0,0,0,0,0
8152cfbd5a28b5d2.jpg,rust,0,0,0,1,0,0
f474d2c8c70d725a.jpg,healthy,1,0,0,0,0,0
d4f6ec925752aa09.jpg,complex,0,0,0,0,0,1
e18e5ce563270af4.jpg,powdery_mildew,0,0,0,0,1,0
f295c9f464ec00eb.jpg,scab,0,1,0,0,0,0
c037227490feddcc.jpg,scab,0,1,0,0,0,0
f1b48b88abe26a66.jpg,healthy,1,0,0,0,0,0
aaabdfd61f1c8404.jpg,healthy,1,0,0,0,0,0
924dd81aed8372cd.jpg,powdery_mildew,0,0,0,0,1,0
eebcb1625689326a.jpg,scab,0,1,0,0,0,0
98370b962d1994df.jpg,scab frog_eye_leaf_spot,0,1,1,0,0,0
bfbc95304a47c562.jpg,rust,0,0,0,1,0,0
cba5b5c84fd7c0a0.jpg,scab,0,1,0,0,0,0
fc4d3c26cb81dc0b.jpg,scab frog_eye_leaf_spot complex,0,1,1,0,0,1
b50e92769b31b925.jpg,frog_eye_leaf_spot,0,0,1,0,0,0
8c82b7d5b98871ce.jpg,scab,0,1,0,0,0,0
f0bd8c0303faf3a8.jpg,healthy,1,0,0,0,0,0
f4a04bf604eba783.jpg,scab,0,1,0,0,0,0
cae97480c1fcdf12.jpg,scab,0,1,0,0,0,0
f80f215af24b74a9.jpg,healthy,1,0,0,0,0,0
816d69d2153fe84b.jpg,healthy,1,0,0,0,0,0
c433bed1642d9de0.jpg,complex,0,0,0,0,0,1
dbce307920ca678d.jpg,healthy,1,0,0,0,0,0
e57042c3d79749ca.jpg,healthy,1,0,0,0,0,0
e03aac6156fd047d.jpg,scab,0,1,0,0,0,0
b45fd2da589924cc.jpg,scab,0,1,0,0,0,0
f8c99e5c90314f2b.jpg,frog_eye_leaf_spot,0,0,1,0,0,0
f0f1e9c860b03ad7.jpg,powdery_mildew,0,0,0,0,1,0
9a9182989ebe6ce3.jpg,scab,0,1,0,0,0,0
e895f530c2a9d72a.jpg,scab,0,1,0,0,0,0
ff8f70dac0c8e184.jpg,scab,0,1,0,0,0,0
f49ac3b8c4b58972.jpg,rust frog_eye_leaf_spot,0,0,1,1,0,0
d992c0a5fc60a73e.jpg,powdery_mildew,0,0,0,0,1,0
d8863f8cf57bc050.jpg,scab,0,1,0,0,0,0
811b2bd335e9cb16.jpg,healthy,1,0,0,0,0,0
9d3824db1a71c5ec.jpg,healthy,1,0,0,0,0,0
9697b19d85f045aa.jpg,rust,0,0,0,1,0,0
c08e2b86b5bf70a3.jpg,powdery_mildew,0,0,0,0,1,0
d2896219cffd0e51.jpg,scab,0,1,0,0,0,0
d4ab8b9e10716a6e.jpg,rust frog_eye_leaf_spot,0,0,1,1,0,0
e03ec7e08e07463f.jpg,rust,0,0,0,1,0,0
c7133086b13ecabe.jpg,healthy,1,0,0,0,0,0
88ac6519b6d99e78.jpg,complex,0,0,0,0,0,1
a8139ff04a9d49bc.jpg,scab,0,1,0,0,0,0
eace30dc6ac0674b.jpg,scab,0,1,0,0,0,0
d03f64ed52265ab4.jpg,powdery_mildew,0,0,0,0,1,0
b2a08e9bf8f061a7.jpg,scab frog_eye_leaf_spot,0,1,1,0,0,0
e5ca546c423d2abe.jpg,scab frog_eye_leaf_spot,0,1,1,0,0,0
d840fd8552de07bc.jpg,scab,0,1,0,0,0,0
927d4bc563915ccc.jpg,powdery_mildew,0,0,0,0,1,0
c1ff0fe070c5298e.jpg,frog_eye_leaf_spot,0,0,1,0,0,0
fd6b1950658d03da.jpg,frog_eye_leaf_spot,0,0,1,0,0,0
f516d02fc368cf50.jpg,healthy,1,0,0,0,0,0
bcf212f04abf5b10.jpg,scab,0,1,0,0,0,0
fbd29381d4075f44.jpg,healthy,1,0,0,0,0,0
8b4f631bd3d89283.jpg,complex,0,0,0,0,0,1
8f25c66ceb2cf094.jpg,scab,0,1,0,0,0,0
e85e6d3af03187c4.jpg,healthy,1,0,0,0,0,0
d9d883d01f32393e.jpg,healthy,1,0,0,0,0,0
bd3b49e02cd16ad8.jpg,healthy,1,0,0,0,0,0
ed62c2cad9ea7860.jpg,scab frog_eye_leaf_spot,0,1,1,0,0,0
a484c39f9fd861d8.jpg,complex,0,0,0,0,0,1
e79326836f4980be.jpg,rust,0,0,0,1,0,0
fe4bf09e0985924d.jpg,frog_eye_leaf_spot,0,0,1,0,0,0
e1b1f1f2de1c022e.jpg,rust,0,0,0,1,0,0
88b98dc1339ad9dc.jpg,healthy,1,0,0,0,0,0
f995bba02f6e00d4.jpg,frog_eye_leaf_spot,0,0,1,0,0,0
e9d5c26a1d8c32da.jpg,frog_eye_leaf_spot,0,0,1,0,0,0
ae419697c89ada4b.jpg,healthy,1,0,0,0,0,0
a4a4d676b72709f0.jpg,frog_eye_leaf_spot,0,0,1,0,0,0
efd8c7983ee03007.jpg,healthy,1,0,0,0,0,0
faf5d1410ac7171c.jpg,rust,0,0,0,1,0,0
d9b001e39f2d3e8c.jpg,scab,0,1,0,0,0,0
cc0968589cbfb98d.jpg,complex,0,0,0,0,0,1
bb2ad8e69a846699.jpg,healthy,1,0,0,0,0,0
c1976d8b1f713930.jpg,healthy,1,0,0,0,0,0
feb4d6d60a08272d.jpg,rust,0,0,0,1,0,0
a45a379ec209de69.jpg,healthy,1,0,0,0,0,0
83252f94f4d1d58d.jpg,frog_eye_leaf_spot,0,0,1,0,0,0
da0775fd870855b0.jpg,healthy,1,0,0,0,0,0
f2a9c51c7035671e.jpg,complex,0,0,0,0,0,1
b14e976d9a5508ea.jpg,scab,0,1,0,0,0,0
d06f909f6eb63224.jpg,healthy,1,0,0,0,0,0
bb92c39a8bf01d51.jpg,scab,0,1,0,0,0,0
e8d332bca79790a2.jpg,healthy,1,0,0,0,0,0
876c42376362bd69.jpg,powdery_mildew,0,0,0,0,1,0
817c6e35291fa11f.jpg,frog_eye_leaf_spot,0,0,1,0,0,0
828fc0dc4fe230f7.jpg,healthy,1,0,0,0,0,0
dae1c1a28f9e3cc8.jpg,scab,0,1,0,0,0,0
acdfcd2ee216910c.jpg,scab,0,1,0,0,0,0
9a848f99794b5396.jpg,complex,0,0,0,0,0,1
c2c69b68c7e1219f.jpg,scab,0,1,0,0,0,0
f08f1872e639515b.jpg,healthy,1,0,0,0,0,0
f596a13a9f2092e3.jpg,scab frog_eye_leaf_spot complex,0,1,1,0,0,1
fdf6d08981286f1c.jpg,scab frog_eye_leaf_spot,0,1,1,0,0,0
a15fc369ad05529e.jpg,healthy,1,0,0,0,0,0
b432f296da1ec05e.jpg,frog_eye_leaf_spot,0,0,1,0,0,0
dd4b32bd8634529c.jpg,healthy,1,0,0,0,0,0
afa0c6fa4fc0a8c5.jpg,scab,0,1,0,0,0,0
c5816bdaa2765cd1.jpg,healthy,1,0,0,0,0,0
a8fe11c04be8ee78.jpg,frog_eye_leaf_spot,0,0,1,0,0,0
d4d63e2584072b7e.jpg,rust frog_eye_leaf_spot,0,0,1,1,0,0
92b17234da98d6f2.jpg,healthy,1,0,0,0,0,0
dafd6890a5c1344f.jpg,frog_eye_leaf_spot,0,0,1,0,0,0
eee0e700f2bdc03a.jpg,powdery_mildew,0,0,0,0,1,0
8ccc8f24fec7448e.jpg,scab,0,1,0,0,0,0
84c50f757c91ea3a.jpg,scab,0,1,0,0,0,0
b2e1c155d4fa207e.jpg,healthy,1,0,0,0,0,0
bd2201e9fce3c4e2.jpg,scab,0,1,0,0,0,0
9a35774c2aa6207f.jpg,healthy,1,0,0,0,0,0
a192929bdbc9db90.jpg,complex,0,0,0,0,0,1
85f562b5613a317c.jpg,powdery_mildew complex,0,0,0,0,1,1
e5319c4b1ce90d5e.jpg,scab,0,1,0,0,0,0
a4ca948fcad5b958.jpg,frog_eye_leaf_spot,0,0,1,0,0,0
a48ded0e4dc701ed.jpg,scab frog_eye_leaf_spot,0,1,1,0,0,0
ac7287172a8f75d0.jpg,healthy,1,0,0,0,0,0
f5b51c5d6823238b.jpg,complex,0,0,0,0,0,1
92ea8f4ab415715d.jpg,frog_eye_leaf_spot,0,0,1,0,0,0
e926edf4016e83d4.jpg,scab,0,1,0,0,0,0
adb294ff702c40cd.jpg,powdery_mildew,0,0,0,0,1,0
afe393958b913063.jpg,scab,0,1,0,0,0,0
80331e0efb74dd62.jpg,healthy,1,0,0,0,0,0
d89228e0aebe64fc.jpg,powdery_mildew,0,0,0,0,1,0
adbc9082db89d8cd.jpg,healthy,1,0,0,0,0,0
b505c7a5e0db0da3.jpg,healthy,1,0,0,0,0,0
c443f090f7c0afda.jpg,complex,0,0,0,0,0,1
97c8f0ae24677626.jpg,scab,0,1,0,0,0,0
fdd4c0320f36741b.jpg,scab,0,1,0,0,0,0
922d7cbc631ec31a.jpg,frog_eye_leaf_spot,0,0,1,0,0,0
a5cc8a3aff1209f1.jpg,frog_eye_leaf_spot,0,0,1,0,0,0
c4ca3b6fbae851a0.jpg,frog_eye_leaf_spot,0,0,1,0,0,0
d0655ea0edd73c05.jpg,scab,0,1,0,0,0,0
b6c6c2359e9b1499.jpg,rust,0,0,0,1,0,0
91bb6ac19d455f0a.jpg,frog_eye_leaf_spot,0,0,1,0,0,0
aa4575a5c0c5978f.jpg,healthy,1,0,0,0,0,0
981865bff104ba6d.jpg,rust,0,0,0,1,0,0
d057c7c0fecf4038.jpg,scab,0,1,0,0,0,0
cc97390b6d627561.jpg,scab,0,1,0,0,0,0
fd609c964ada7264.jpg,scab,0,1,0,0,0,0
b6e7d041cae641d6.jpg,healthy,1,0,0,0,0,0
aa49b185cb94cbda.jpg,scab,0,1,0,0,0,0
d8bb3eb487689c84.jpg,healthy,1,0,0,0,0,0
ff854e3c1f305170.jpg,frog_eye_leaf_spot complex,0,0,1,0,0,1
b4a1e947ce2d1e54.jpg,complex,0,0,0,0,0,1
a22f8fe6c5c89e82.jpg,frog_eye_leaf_spot,0,0,1,0,0,0
cad266c5af39a832.jpg,healthy,1,0,0,0,0,0
8de092d95e82e1ee.jpg,powdery_mildew,0,0,0,0,1,0
f5fbc0e48d022c97.jpg,frog_eye_leaf_spot,0,0,1,0,0,0
97b5e5ccc74c4544.jpg,healthy,1,0,0,0,0,0
b1a16ed8b59a8237.jpg,complex,0,0,0,0,0,1
c47f69b34aa95609.jpg,scab,0,1,0,0,0,0
a1053f9d18b8a8fb.jpg,rust,0,0,0,1,0,0
f05b875783b7e102.jpg,healthy,1,0,0,0,0,0
a1a1d5a4cada586f.jpg,scab,0,1,0,0,0,0
ead085dfac287263.jpg,frog_eye_leaf_spot,0,0,1,0,0,0
acc2c6adc9a8aee8.jpg,complex,0,0,0,0,0,1
af55875c5e685a03.jpg,healthy,1,0,0,0,0,0
e5c5b229447fde20.jpg,scab frog_eye_leaf_spot,0,1,1,0,0,0
d4eccc89612723b7.jpg,scab,0,1,0,0,0,0
a9945658da999b1b.jpg,scab frog_eye_leaf_spot,0,1,1,0,0,0
b1689792cf837cd0.jpg,scab,0,1,0,0,0,0
e838dc66b03c127f.jpg,frog_eye_leaf_spot,0,0,1,0,0,0
ef1f8ec20b2ecc60.jpg,scab,0,1,0,0,0,0
f48787c26d35a272.jpg,healthy,1,0,0,0,0,0
d3f031382ee36ae2.jpg,frog_eye_leaf_spot,0,0,1,0,0,0
a552ea11c58fcd6c.jpg,healthy,1,0,0,0,0,0
ee6bc0f5ce189c88.jpg,frog_eye_leaf_spot,0,0,1,0,0,0
845e6e3b919ed660.jpg,healthy,1,0,0,0,0,0
f191bc66cd8f8a82.jpg,frog_eye_leaf_spot,0,0,1,0,0,0
95657ad066dc6a86.jpg,healthy,1,0,0,0,0,0
c482355ccded6d1c.jpg,scab,0,1,0,0,0,0
a7b6368989d9544d.jpg,complex,0,0,0,0,0,1
d47f8109eaf82cd4.jpg,healthy,1,0,0,0,0,0
e08bef781253e14e.jpg,powdery_mildew,0,0,0,0,1,0
db9bc1fa24111c9d.jpg,scab frog_eye_leaf_spot complex,0,1,1,0,0,1
e938a837168578ed.jpg,healthy,1,0,0,0,0,0
8f5263c61a8cdbe2.jpg,rust,0,0,0,1,0,0
a80fc3b5cb3cd069.jpg,healthy,1,0,0,0,0,0
e8e28344970f9c3f.jpg,complex,0,0,0,0,0,1
ece5cd0b1cf09269.jpg,healthy,1,0,0,0,0,0
94cb308cde731771.jpg,scab frog_eye_leaf_spot complex,0,1,1,0,0,1
f2dfc221cbe01cc6.jpg,scab,0,1,0,0,0,0
f0c7fb0618389b3a.jpg,frog_eye_leaf_spot,0,0,1,0,0,0
d4fe4be1c0c7129c.jpg,healthy,1,0,0,0,0,0
91e279be2948ab2d.jpg,scab,0,1,0,0,0,0
e303e31f1e7c3087.jpg,rust,0,0,0,1,0,0
d69357569a03ea8a.jpg,complex,0,0,0,0,0,1
bcbfc0984f093764.jpg,healthy,1,0,0,0,0,0
f28e9b1c9d708d38.jpg,complex,0,0,0,0,0,1
f0f85bd3017d052d.jpg,scab,0,1,0,0,0,0
ae29c411c0ff92f6.jpg,healthy,1,0,0,0,0,0
aa9e90cec8b5ada1.jpg,healthy,1,0,0,0,0,0
d290346903ee3be7.jpg,scab,0,1,0,0,0,0
fc17dace3584b052.jpg,scab,0,1,0,0,0,0
949fc294cbc393c5.jpg,healthy,1,0,0,0,0,0
89df731087dbcc44.jpg,frog_eye_leaf_spot,0,0,1,0,0,0
f4cb3a8f41b413e4.jpg,frog_eye_leaf_spot,0,0,1,0,0,0
c0c3773f333a0f11.jpg,scab,0,1,0,0,0,0
8ef17172184eaf89.jpg,scab,0,1,0,0,0,0
95a99ae08e9ad8da.jpg,frog_eye_leaf_spot,0,0,1,0,0,0
f2c8c94c2d313ee3.jpg,scab,0,1,0,0,0,0
e77890f0a192d1dd.jpg,scab,0,1,0,0,0,0
a50e0048fbe54f6f.jpg,frog_eye_leaf_spot,0,0,1,0,0,0
96ad52cbb16c658c.jpg,complex,0,0,0,0,0,1
9c23e09aadcf14b5.jpg,scab,0,1,0,0,0,0
e1c2b75d78616ac1.jpg,healthy,1,0,0,0,0,0
96ed12126c1a86ff.jpg,scab,0,1,0,0,0,0
ada7c018c23be975.jpg,scab frog_eye_leaf_spot,0,1,1,0,0,0
c29d2d337c0ed2e4.jpg,scab,0,1,0,0,0,0
b2c4f07e6c989476.jpg,healthy,1,0,0,0,0,0
b8259a41d9f590b7.jpg,healthy,1,0,0,0,0,0
9dd595c8986dcd24.jpg,scab,0,1,0,0,0,0
fc45c394cbda3605.jpg,scab,0,1,0,0,0,0
f4b483c1ac03ba3f.jpg,scab,0,1,0,0,0,0
c0702f17c4f8fb45.jpg,powdery_mildew,0,0,0,0,1,0
b460d0facd1e2d1b.jpg,healthy,1,0,0,0,0,0
9f9300c3fcd9d740.jpg,scab,0,1,0,0,0,0
95ce31c42117f65b.jpg,scab,0,1,0,0,0,0
c5826a733cd27876.jpg,complex,0,0,0,0,0,1
8afab5369497d092.jpg,scab,0,1,0,0,0,0
e13dc681d6c251de.jpg,healthy,1,0,0,0,0,0
c7cb680fa57a9a21.jpg,scab frog_eye_leaf_spot,0,1,1,0,0,0
fd62a1c2aa8d62cd.jpg,healthy,1,0,0,0,0,0
e993da699d01331b.jpg,frog_eye_leaf_spot complex,0,0,1,0,0,1
ca3d0936e52669c7.jpg,healthy,1,0,0,0,0,0
d4ab4a936b9b8398.jpg,frog_eye_leaf_spot,0,0,1,0,0,0
f9925e8983ca1f85.jpg,complex,0,0,0,0,0,1
c1f370c2be383b85.jpg,scab,0,1,0,0,0,0
d0783ec96abc4a4d.jpg,healthy,1,0,0,0,0,0
f8f18ac01fda20fa.jpg,healthy,1,0,0,0,0,0
b5c492cb4ab56cb1.jpg,healthy,1,0,0,0,0,0
aaf5b5d50acd2d04.jpg,rust,0,0,0,1,0,0
fde49181de95891a.jpg,scab,0,1,0,0,0,0
a5d187533e72a82d.jpg,healthy,1,0,0,0,0,0
c04f22253e2f367e.jpg,healthy,1,0,0,0,0,0
a869d4359a3651d7.jpg,healthy,1,0,0,0,0,0
f7e0c7d692386816.jpg,healthy,1,0,0,0,0,0
dfc316f730d32902.jpg,frog_eye_leaf_spot,0,0,1,0,0,0
e00df890cfe62736.jpg,rust,0,0,0,1,0,0
cb5c3e8dcb8a1cb0.jpg,frog_eye_leaf_spot,0,0,1,0,0,0
c4dad3b3b4852867.jpg,complex,0,0,0,0,0,1
a0e98ad2b21ed65b.jpg,healthy,1,0,0,0,0,0
e5abd2ad8a55005f.jpg,scab frog_eye_leaf_spot,0,1,1,0,0,0
dbac41517c2aae65.jpg,healthy,1,0,0,0,0,0
dce394618ea4f80f.jpg,scab,0,1,0,0,0,0
aa9fd2a9cb2d0b60.jpg,healthy,1,0,0,0,0,0
ed9c8fc01ae4b334.jpg,healthy,1,0,0,0,0,0
e8e4e4c48dc49dce.jpg,frog_eye_leaf_spot,0,0,1,0,0,0
98fc7fd0709d800f.jpg,frog_eye_leaf_spot,0,0,1,0,0,0
80b075dfc24bb725.jpg,healthy,1,0,0,0,0,0
fd3b585e83219925.jpg,powdery_mildew,0,0,0,0,1,0
90d1d0cdf52c16ed.jpg,scab,0,1,0,0,0,0
c09a3f8d684f1579.jpg,frog_eye_leaf_spot,0,0,1,0,0,0
a041c7ad9ab4dbd2.jpg,complex,0,0,0,0,0,1
d4a290d29b43bd5e.jpg,scab,0,1,0,0,0,0
c52225cec6ec46b7.jpg,complex,0,0,0,0,0,1
9093b515e96a578b.jpg,powdery_mildew,0,0,0,0,1,0
b44a0e3adde10d1f.jpg,frog_eye_leaf_spot,0,0,1,0,0,0
bb9168ab544ed646.jpg,scab,0,1,0,0,0,0
e35c15309c9f32cb.jpg,scab,0,1,0,0,0,0
aabce190875b2f23.jpg,healthy,1,0,0,0,0,0
8595cfa18ae38b71.jpg,frog_eye_leaf_spot,0,0,1,0,0,0
aaddd529b2a8a2b4.jpg,healthy,1,0,0,0,0,0
b0f5970d394c6972.jpg,healthy,1,0,0,0,0,0
9cc33c23b0df68b2.jpg,healthy,1,0,0,0,0,0
c420c4e25f6f3d87.jpg,complex,0,0,0,0,0,1
e4429f2f1b0d70cd.jpg,scab,0,1,0,0,0,0
9da962971ee83a91.jpg,scab,0,1,0,0,0,0
e083f097d21e15fa.jpg,scab,0,1,0,0,0,0
cec454261d87fe70.jpg,healthy,1,0,0,0,0,0
9df1c0f6f7820307.jpg,scab,0,1,0,0,0,0
ab852f7024d6be4c.jpg,scab,0,1,0,0,0,0
89bae2da75769860.jpg,healthy,1,0,0,0,0,0
84913686ab8baf6b.jpg,scab,0,1,0,0,0,0
901d5d6c94aeb32e.jpg,scab,0,1,0,0,0,0
d5811b409d1ddb5e.jpg,healthy,1,0,0,0,0,0
b5adcaeac1695258.jpg,complex,0,0,0,0,0,1
f8bcd208e1c58dae.jpg,scab,0,1,0,0,0,0
e6d4af92143f1d24.jpg,rust,0,0,0,1,0,0
8161733dfc3c1c65.jpg,rust,0,0,0,1,0,0
cd8d4a89072f3e72.jpg,scab,0,1,0,0,0,0
e3ac9770136279cc.jpg,healthy,1,0,0,0,0,0
fd5e4285d4d2a05b.jpg,frog_eye_leaf_spot complex,0,0,1,0,0,1
bcf289a52965728b.jpg,complex,0,0,0,0,0,1
e0b4c381efda0c76.jpg,frog_eye_leaf_spot,0,0,1,0,0,0
a0de8bde8525ae4a.jpg,powdery_mildew,0,0,0,0,1,0
cef02ccfe2468d8c.jpg,scab,0,1,0,0,0,0
a5a152e5df8483ae.jpg,healthy,1,0,0,0,0,0
81fe9bd11e09d5c1.jpg,scab,0,1,0,0,0,0
fad7b3730f086a08.jpg,scab,0,1,0,0,0,0
d4f2ebaba5600966.jpg,frog_eye_leaf_spot,0,0,1,0,0,0
c9e8478782b6b1c7.jpg,complex,0,0,0,0,0,1
8d651a35c988f73a.jpg,scab,0,1,0,0,0,0
e16d908bdbc34a95.jpg,scab,0,1,0,0,0,0
e78cc284c4f4bcf2.jpg,scab frog_eye_leaf_spot,0,1,1,0,0,0
c3976ee664e640e1.jpg,scab frog_eye_leaf_spot complex,0,1,1,0,0,1
91f24025d0fed0fe.jpg,frog_eye_leaf_spot,0,0,1,0,0,0
d7edebd40042c2ab.jpg,scab,0,1,0,0,0,0
ea7bcc42601f7417.jpg,rust,0,0,0,1,0,0
9e9d64de986b0887.jpg,scab,0,1,0,0,0,0
a4f2d4ad6c696472.jpg,scab frog_eye_leaf_spot,0,1,1,0,0,0
8e94343cf4a1e1e7.jpg,frog_eye_leaf_spot,0,0,1,0,0,0
abe3b583a8948c9d.jpg,scab frog_eye_leaf_spot,0,1,1,0,0,0
decef55102a447d4.jpg,rust,0,0,0,1,0,0
fae2d4c4c93a3b30.jpg,complex,0,0,0,0,0,1
cfeb3c65223c14f0.jpg,healthy,1,0,0,0,0,0
a88d63c9b8555daa.jpg,rust frog_eye_leaf_spot,0,0,1,1,0,0
b0bfc17539984e86.jpg,complex,0,0,0,0,0,1
c4c62f9f70df01e0.jpg,frog_eye_leaf_spot,0,0,1,0,0,0
cfb5f0a1809b0bba.jpg,scab frog_eye_leaf_spot,0,1,1,0,0,0
e2ce934fa3a65443.jpg,rust,0,0,0,1,0,0
97f993e4cae6006a.jpg,complex,0,0,0,0,0,1
fc7fd461eac15500.jpg,healthy,1,0,0,0,0,0
c8fc799d502b83d2.jpg,rust,0,0,0,1,0,0
90e61d52cd97746c.jpg,rust,0,0,0,1,0,0
eb2be119883e8e2b.jpg,powdery_mildew,0,0,0,0,1,0
c08eb5c5b7953c98.jpg,healthy,1,0,0,0,0,0
f5be830dbf6100ac.jpg,frog_eye_leaf_spot,0,0,1,0,0,0
9cc5b04a036b0f7f.jpg,scab,0,1,0,0,0,0
ec9aa492ee01e43f.jpg,scab frog_eye_leaf_spot,0,1,1,0,0,0
fdd2884449ad7969.jpg,healthy,1,0,0,0,0,0
c7b06c715d56c534.jpg,rust,0,0,0,1,0,0
ffa4c0969e7203d1.jpg,healthy,1,0,0,0,0,0
9d07ea216161cf2f.jpg,rust,0,0,0,1,0,0
9d88c1ff223171f1.jpg,frog_eye_leaf_spot,0,0,1,0,0,0
859eaef03a575924.jpg,frog_eye_leaf_spot,0,0,1,0,0,0
edd8cfc45e503252.jpg,frog_eye_leaf_spot,0,0,1,0,0,0
b381995fd87c5146.jpg,complex,0,0,0,0,0,1
ba99260ef46b18cb.jpg,complex,0,0,0,0,0,1
f21097ce15ba9e13.jpg,healthy,1,0,0,0,0,0
dd9bc134c897c817.jpg,frog_eye_leaf_spot,0,0,1,0,0,0
81e298f1dd872537.jpg,complex,0,0,0,0,0,1
f2d5d2adc18c6986.jpg,scab,0,1,0,0,0,0
8362b3c58f996c65.jpg,scab,0,1,0,0,0,0
85b6faeafd01441a.jpg,frog_eye_leaf_spot,0,0,1,0,0,0
fa8d8a162827578f.jpg,scab,0,1,0,0,0,0
e0b320f916dbc8ad.jpg,powdery_mildew,0,0,0,0,1,0
c8dbfc38dce23a04.jpg,scab,0,1,0,0,0,0
aaa1ba727a0916e7.jpg,rust,0,0,0,1,0,0
b77f89b095c05b84.jpg,complex,0,0,0,0,0,1
90b29a6de5647627.jpg,healthy,1,0,0,0,0,0
fcf7c253a7c80231.jpg,healthy,1,0,0,0,0,0
82ea0cf1e50f7a8b.jpg,frog_eye_leaf_spot,0,0,1,0,0,0
fd3d5ac5503e811c.jpg,healthy,1,0,0,0,0,0
bda1055bacb0578d.jpg,frog_eye_leaf_spot,0,0,1,0,0,0
f47992972d24f868.jpg,frog_eye_leaf_spot complex,0,0,1,0,0,1
b4adc1cb4f9a3894.jpg,healthy,1,0,0,0,0,0
a1b7b18287e0ce5b.jpg,rust,0,0,0,1,0,0
a7541c7a8b8a46f6.jpg,rust,0,0,0,1,0,0
80f16ecf7844c5b5.jpg,rust,0,0,0,1,0,0
ad8acab995b1e143.jpg,frog_eye_leaf_spot,0,0,1,0,0,0
c46a85b46b643acf.jpg,rust,0,0,0,1,0,0
faeec30c5d486c49.jpg,complex,0,0,0,0,0,1
92c5cdb008f73f8a.jpg,complex,0,0,0,0,0,1
e718afb6c0cc0f68.jpg,scab,0,1,0,0,0,0
f19418cfc0a47f2e.jpg,rust,0,0,0,1,0,0
f50c827f954fa81a.jpg,healthy,1,0,0,0,0,0
81e4379a04d37c9f.jpg,scab,0,1,0,0,0,0
a9e69e9282be13d2.jpg,frog_eye_leaf_spot,0,0,1,0,0,0
ed34b6de8608dac2.jpg,frog_eye_leaf_spot,0,0,1,0,0,0
efc1d12a682ce14f.jpg,rust,0,0,0,1,0,0
b61ac17d0fe18ca3.jpg,complex,0,0,0,0,0,1
f42e9616cea370cc.jpg,healthy,1,0,0,0,0,0
f5d2c1c8dd6c1c70.jpg,powdery_mildew,0,0,0,0,1,0
e3fcc7e08ed64c02.jpg,healthy,1,0,0,0,0,0
cf897e3e0d91b038.jpg,healthy,1,0,0,0,0,0
d1d36a635e46165c.jpg,scab,0,1,0,0,0,0
b7494a17f96da00e.jpg,scab frog_eye_leaf_spot,0,1,1,0,0,0
da611e3fc2c8a18f.jpg,frog_eye_leaf_spot,0,0,1,0,0,0
877a90abdd0e6698.jpg,complex,0,0,0,0,0,1
e699cada301dab70.jpg,healthy,1,0,0,0,0,0
c5fe230ed0a5c0f5.jpg,scab,0,1,0,0,0,0
ceb534f246240ee7.jpg,complex,0,0,0,0,0,1
928d4764bc96f22d.jpg,healthy,1,0,0,0,0,0
cae22aeaf5e5d044.jpg,healthy,1,0,0,0,0,0
fcf485f4d0a00bc7.jpg,healthy,1,0,0,0,0,0
858dbe8a5a98a5f1.jpg,scab,0,1,0,0,0,0
c8e76ff01c38a24d.jpg,rust,0,0,0,1,0,0
fe1d3f0091930ba7.jpg,scab,0,1,0,0,0,0
99328b5ab598eca6.jpg,frog_eye_leaf_spot complex,0,0,1,0,0,1
c0a19756722bbd56.jpg,frog_eye_leaf_spot,0,0,1,0,0,0
8758b97e0ec568e2.jpg,rust,0,0,0,1,0,0
92cb8d57a9761c91.jpg,scab,0,1,0,0,0,0
94eaa023c6f58bdc.jpg,scab,0,1,0,0,0,0
cdc13d9515b7082f.jpg,powdery_mildew,0,0,0,0,1,0
f2b69a1b49cc4d94.jpg,frog_eye_leaf_spot,0,0,1,0,0,0
f5a0cbab540e13e5.jpg,frog_eye_leaf_spot,0,0,1,0,0,0
fa23d4574a525c4b.jpg,rust,0,0,0,1,0,0
97f3cad16524509b.jpg,healthy,1,0,0,0,0,0
81352f0c4c5efa9b.jpg,powdery_mildew,0,0,0,0,1,0
bfc08bcd6e42703a.jpg,powdery_mildew,0,0,0,0,1,0
808990fd0a8f7f8f.jpg,scab,0,1,0,0,0,0
949b6595a5b8ca3c.jpg,complex,0,0,0,0,0,1
a3b0535a9b592d69.jpg,scab,0,1,0,0,0,0
e9623546d05a5fb8.jpg,healthy,1,0,0,0,0,0
ebf060c7f7e2a120.jpg,healthy,1,0,0,0,0,0
f4e5c18d3926d18b.jpg,powdery_mildew,0,0,0,0,1,0
c4126f9b187c5e8b.jpg,powdery_mildew,0,0,0,0,1,0
c63b84979ce638ca.jpg,scab,0,1,0,0,0,0
a5565969f5e2ca81.jpg,frog_eye_leaf_spot,0,0,1,0,0,0
90ad3622716f799c.jpg,powdery_mildew,0,0,0,0,1,0
90d0c7cc3ce31ef1.jpg,powdery_mildew,0,0,0,0,1,0
ceed9412307a39cb.jpg,scab,0,1,0,0,0,0
90b626d6d2e8cfa2.jpg,rust,0,0,0,1,0,0
f299876668ac9d1a.jpg,rust,0,0,0,1,0,0
b8d0d32d6a704f65.jpg,rust frog_eye_leaf_spot,0,0,1,1,0,0
ed75c1558dca3c48.jpg,healthy,1,0,0,0,0,0
f899e1574f9a1063.jpg,complex,0,0,0,0,0,1
81a54bd49ac7fa4a.jpg,scab,0,1,0,0,0,0
88b1b88f56aa565b.jpg,healthy,1,0,0,0,0,0
b0cef3c5db4088f8.jpg,scab frog_eye_leaf_spot complex,0,1,1,0,0,1
e0b24ee576e04f68.jpg,powdery_mildew complex,0,0,0,0,1,1
b8f19421babc99c6.jpg,scab,0,1,0,0,0,0
c1aca7b13583b6d2.jpg,scab,0,1,0,0,0,0
f716943183397af0.jpg,healthy,1,0,0,0,0,0
aadb9419cb2cec64.jpg,frog_eye_leaf_spot,0,0,1,0,0,0
dfc73884e0e0bc17.jpg,complex,0,0,0,0,0,1
e294d69ddd0d48e2.jpg,scab,0,1,0,0,0,0
9f866023c383e1df.jpg,frog_eye_leaf_spot,0,0,1,0,0,0
e293b1c9c3bdc3c0.jpg,frog_eye_leaf_spot,0,0,1,0,0,0
b48066550f3f9a1f.jpg,frog_eye_leaf_spot,0,0,1,0,0,0
c1f1cf0ea0a8f2e6.jpg,scab,0,1,0,0,0,0
a0afb7647343929c.jpg,powdery_mildew,0,0,0,0,1,0
9d955aa2a555a8e9.jpg,complex,0,0,0,0,0,1
800113bb65efe69e.jpg,healthy,1,0,0,0,0,0
bf4092df4d6d2494.jpg,powdery_mildew complex,0,0,0,0,1,1
f79ecfd58050680b.jpg,frog_eye_leaf_spot,0,0,1,0,0,0
f078d760c22f8b8e.jpg,frog_eye_leaf_spot,0,0,1,0,0,0
9ad45081aa9eead7.jpg,scab,0,1,0,0,0,0
962bd6978cda982a.jpg,healthy,1,0,0,0,0,0
8dd6208b3ae54b4f.jpg,healthy,1,0,0,0,0,0
e1f393bdd810701d.jpg,healthy,1,0,0,0,0,0
e581a7d2524adba9.jpg,scab frog_eye_leaf_spot,0,1,1,0,0,0
d793624c38e8e674.jpg,scab,0,1,0,0,0,0
f56af18303f34e81.jpg,rust,0,0,0,1,0,0
ba74d2b8cf6c7042.jpg,scab frog_eye_leaf_spot,0,1,1,0,0,0
88e0d9f4d1e0369f.jpg,frog_eye_leaf_spot,0,0,1,0,0,0
b6e04ad5b54a62ab.jpg,healthy,1,0,0,0,0,0
80afa0c630faab7d.jpg,complex,0,0,0,0,0,1
92a5967197726a5a.jpg,healthy,1,0,0,0,0,0
8f850aea4adfda82.jpg,healthy,1,0,0,0,0,0
85e65a929bd36338.jpg,powdery_mildew,0,0,0,0,1,0
e5efc6352d160689.jpg,scab,0,1,0,0,0,0
f627c42687268f56.jpg,complex,0,0,0,0,0,1
acead4dcca8a48ec.jpg,healthy,1,0,0,0,0,0
e0e535e59d3ab430.jpg,frog_eye_leaf_spot,0,0,1,0,0,0
fcfac0d10d0b8db8.jpg,healthy,1,0,0,0,0,0
dfe0414b63aaf294.jpg,scab,0,1,0,0,0,0
b5cff46f82540a32.jpg,frog_eye_leaf_spot,0,0,1,0,0,0
c89c6af48b740f95.jpg,healthy,1,0,0,0,0,0
fca58b8f564f4302.jpg,healthy,1,0,0,0,0,0
fbc0c760ba23d08f.jpg,complex,0,0,0,0,0,1
d5526ae931299c67.jpg,powdery_mildew,0,0,0,0,1,0
b7bcca8ce84f5046.jpg,healthy,1,0,0,0,0,0
8aa78fd5c6c0cec2.jpg,rust frog_eye_leaf_spot,0,0,1,1,0,0
d0a5970ba92bab96.jpg,complex,0,0,0,0,0,1
d495a683d8abe90b.jpg,healthy,1,0,0,0,0,0
8af476a0d552daa3.jpg,scab,0,1,0,0,0,0
b29bb01d97e10fe0.jpg,frog_eye_leaf_spot,0,0,1,0,0,0
e9e33e85dc84a532.jpg,frog_eye_leaf_spot,0,0,1,0,0,0
b0e0d1d2954f1ed9.jpg,frog_eye_leaf_spot,0,0,1,0,0,0
899f3ae55a32e21c.jpg,healthy,1,0,0,0,0,0
d2e143f76f126e08.jpg,scab,0,1,0,0,0,0
ad9d954bc0655276.jpg,complex,0,0,0,0,0,1
e0cb3f081fbe65a0.jpg,healthy,1,0,0,0,0,0
bc91ec6d97669222.jpg,healthy,1,0,0,0,0,0
b3ecab4516936499.jpg,scab frog_eye_leaf_spot,0,1,1,0,0,0
81f2e323c3a6be34.jpg,scab,0,1,0,0,0,0
cfaa317b0243fc68.jpg,frog_eye_leaf_spot,0,0,1,0,0,0
ba3457285a4655e7.jpg,scab,0,1,0,0,0,0
c0bd21d8cf561eaa.jpg,scab,0,1,0,0,0,0
b925eb3c260dcb52.jpg,rust,0,0,0,1,0,0
b5168a6045b2fd9d.jpg,healthy,1,0,0,0,0,0
be9c625a9f077860.jpg,scab,0,1,0,0,0,0
95a269c69715c43f.jpg,scab,0,1,0,0,0,0
b57aa2ce1c8c9655.jpg,scab,0,1,0,0,0,0
e695c5e41cc3c8f2.jpg,scab,0,1,0,0,0,0
b7d46cc1bd284b13.jpg,rust,0,0,0,1,0,0
a14185a79fba15da.jpg,healthy,1,0,0,0,0,0
b6e6c4d306c875d4.jpg,frog_eye_leaf_spot,0,0,1,0,0,0
f7f4970198cdf088.jpg,healthy,1,0,0,0,0,0
e6a21cb69da821bb.jpg,frog_eye_leaf_spot,0,0,1,0,0,0
adf6d6c2cac2019d.jpg,rust,0,0,0,1,0,0
8d0ef0c4c7c71e39.jpg,frog_eye_leaf_spot,0,0,1,0,0,0
d0dc971d26c3299b.jpg,healthy,1,0,0,0,0,0
e8f685c8353586d6.jpg,rust,0,0,0,1,0,0
e5df78c00ee1882f.jpg,healthy,1,0,0,0,0,0
a5a6b2d86d3417e2.jpg,complex,0,0,0,0,0,1
8b133905d89dbad5.jpg,scab,0,1,0,0,0,0
8d784bc9270bb2ab.jpg,scab frog_eye_leaf_spot complex,0,1,1,0,0,1
e1c8758f970fca50.jpg,healthy,1,0,0,0,0,0
eab3c2d2031b2bb9.jpg,scab,0,1,0,0,0,0
b9b0a30b63b6364e.jpg,scab,0,1,0,0,0,0
afb59098888f55ce.jpg,frog_eye_leaf_spot,0,0,1,0,0,0
87925034ff8b833e.jpg,scab,0,1,0,0,0,0
ab6fc3f48c909495.jpg,healthy,1,0,0,0,0,0
8531977c8e0cf58b.jpg,complex,0,0,0,0,0,1
831abdc76c05e23d.jpg,rust,0,0,0,1,0,0
b4c56dde869c0b32.jpg,complex,0,0,0,0,0,1
f77ac00babf3012a.jpg,rust,0,0,0,1,0,0
f0b23475d54585e9.jpg,healthy,1,0,0,0,0,0
e090ec9523e4f567.jpg,frog_eye_leaf_spot,0,0,1,0,0,0
bbe540cf11f3c00f.jpg,healthy,1,0,0,0,0,0
d8c985840f4fbe6c.jpg,scab,0,1,0,0,0,0
804e1eda54919fbb.jpg,healthy,1,0,0,0,0,0
84d4797155b69a8b.jpg,scab,0,1,0,0,0,0
fad641aa95eab406.jpg,frog_eye_leaf_spot,0,0,1,0,0,0
897d36a3369db244.jpg,frog_eye_leaf_spot,0,0,1,0,0,0
b15090d9d24a5ffa.jpg,scab,0,1,0,0,0,0
818a4bcfdb78385c.jpg,complex,0,0,0,0,0,1
e7b1c6be8cd0184b.jpg,scab frog_eye_leaf_spot complex,0,1,1,0,0,1
f52b20978f3d28e1.jpg,healthy,1,0,0,0,0,0
a4f61eca648dca2d.jpg,scab,0,1,0,0,0,0
c7e8d29d382268f3.jpg,complex,0,0,0,0,0,1
9dde348da2707b12.jpg,scab,0,1,0,0,0,0
95957d8f05d24752.jpg,frog_eye_leaf_spot,0,0,1,0,0,0
85f4ed2423692f95.jpg,healthy,1,0,0,0,0,0
e5d256ca5da1f105.jpg,healthy,1,0,0,0,0,0
f9f4e1282f285ce1.jpg,rust,0,0,0,1,0,0
fc5cc3e249871c96.jpg,healthy,1,0,0,0,0,0
87fe9e8178c17861.jpg,rust,0,0,0,1,0,0
818d272194737ebe.jpg,scab,0,1,0,0,0,0
f09554f026c55d4f.jpg,rust,0,0,0,1,0,0
d970b103052af97f.jpg,scab frog_eye_leaf_spot,0,1,1,0,0,0
9be6da99369c22c1.jpg,rust,0,0,0,1,0,0
df3267cc909ca10f.jpg,frog_eye_leaf_spot,0,0,1,0,0,0
cd8663d9c344aeaa.jpg,healthy,1,0,0,0,0,0
f8e19725887e5856.jpg,rust,0,0,0,1,0,0
86f963a16e70345e.jpg,rust complex,0,0,0,1,0,1
81bc253f7d07782a.jpg,scab,0,1,0,0,0,0
937fbd80d80b093d.jpg,scab,0,1,0,0,0,0
aa9713df8941cd64.jpg,scab,0,1,0,0,0,0
bc4f4ef4ca42df00.jpg,frog_eye_leaf_spot,0,0,1,0,0,0
d5b76c9c186117c3.jpg,scab,0,1,0,0,0,0
b49f9b08ca0dce4e.jpg,frog_eye_leaf_spot,0,0,1,0,0,0
e83af0198129afe7.jpg,frog_eye_leaf_spot,0,0,1,0,0,0
aa7352d314696f68.jpg,scab,0,1,0,0,0,0
c11b6b5b9ec8632c.jpg,rust,0,0,0,1,0,0
baac7a858d12acf8.jpg,scab,0,1,0,0,0,0
c1ac37de1916f914.jpg,scab,0,1,0,0,0,0
a8ed8fc8b089833f.jpg,frog_eye_leaf_spot,0,0,1,0,0,0
bcbdca83444f309e.jpg,rust,0,0,0,1,0,0
886b94d5d99655aa.jpg,healthy,1,0,0,0,0,0
ffd4e8900dd954c8.jpg,healthy,1,0,0,0,0,0
df8d975806fd4111.jpg,frog_eye_leaf_spot,0,0,1,0,0,0
8eeeb0906e75a0e6.jpg,powdery_mildew,0,0,0,0,1,0
ede27e12a1b009f5.jpg,healthy,1,0,0,0,0,0
bdde3378d2384a18.jpg,frog_eye_leaf_spot,0,0,1,0,0,0
96249ec5319f454f.jpg,healthy,1,0,0,0,0,0
f5b6c212d12fd80e.jpg,scab,0,1,0,0,0,0
92e1db96acc8dc1c.jpg,frog_eye_leaf_spot complex,0,0,1,0,0,1
fcf48a8e0a725857.jpg,rust,0,0,0,1,0,0
c292bc3e8758ee61.jpg,healthy,1,0,0,0,0,0
9439dea52c7329c9.jpg,healthy,1,0,0,0,0,0
f3ed97cd4aa09111.jpg,healthy,1,0,0,0,0,0
b2cdc3929cd02f5c.jpg,rust,0,0,0,1,0,0
931c6dcae427326d.jpg,complex,0,0,0,0,0,1
99a4a52f482ff91a.jpg,powdery_mildew,0,0,0,0,1,0
ff02c22e07ee7388.jpg,healthy,1,0,0,0,0,0
a090d28f5fa895af.jpg,healthy,1,0,0,0,0,0
d03c1ec3689f37c8.jpg,powdery_mildew,0,0,0,0,1,0
e92a902d573e4aba.jpg,scab frog_eye_leaf_spot complex,0,1,1,0,0,1
821f2e1fbf286827.jpg,rust,0,0,0,1,0,0
b9fe58192e0e263c.jpg,frog_eye_leaf_spot,0,0,1,0,0,0
b53b8733d03658d2.jpg,complex,0,0,0,0,0,1
e383fb1a912b590b.jpg,scab,0,1,0,0,0,0
ffe60182bd281f94.jpg,scab,0,1,0,0,0,0
d51fe92f506a8bc0.jpg,healthy,1,0,0,0,0,0
a41ac6e329f6565a.jpg,rust,0,0,0,1,0,0
a0c6cfdd98f0407d.jpg,complex,0,0,0,0,0,1
fc2bc00770d8e6f8.jpg,healthy,1,0,0,0,0,0
e0b42ca13e8b8bbb.jpg,frog_eye_leaf_spot,0,0,1,0,0,0
83a575dcba6668c8.jpg,frog_eye_leaf_spot,0,0,1,0,0,0
982f70f46f3087e1.jpg,frog_eye_leaf_spot,0,0,1,0,0,0
e04185a3df974fd0.jpg,healthy,1,0,0,0,0,0
fead8b83cb6a2490.jpg,complex,0,0,0,0,0,1
c6c41e7f78692d11.jpg,healthy,1,0,0,0,0,0
aea79490cacbc969.jpg,scab frog_eye_leaf_spot,0,1,1,0,0,0
c130c0c99cb33f6f.jpg,complex,0,0,0,0,0,1
e5c9d28f8a15ac99.jpg,rust,0,0,0,1,0,0
b82207f7da786465.jpg,complex,0,0,0,0,0,1
faa7a00c8a5e5e78.jpg,frog_eye_leaf_spot,0,0,1,0,0,0
b3b7d39a16c074c4.jpg,scab frog_eye_leaf_spot,0,1,1,0,0,0
f024f8cd356e139a.jpg,rust,0,0,0,1,0,0
b4c133dac13278eb.jpg,healthy,1,0,0,0,0,0
bdcc9e80392c4f36.jpg,scab frog_eye_leaf_spot complex,0,1,1,0,0,1
ad32760e47827f31.jpg,scab,0,1,0,0,0,0
c6c89228dab6e47e.jpg,powdery_mildew,0,0,0,0,1,0
b52722c11c4f7cf8.jpg,complex,0,0,0,0,0,1
9cbefa66648e0549.jpg,frog_eye_leaf_spot,0,0,1,0,0,0
d83ea38e18185bbd.jpg,frog_eye_leaf_spot,0,0,1,0,0,0
d292fc82ed4172e6.jpg,frog_eye_leaf_spot,0,0,1,0,0,0
d5bd3f18c2398c23.jpg,scab,0,1,0,0,0,0
ee94c487bcd0335c.jpg,frog_eye_leaf_spot,0,0,1,0,0,0
f49108429b873efe.jpg,powdery_mildew,0,0,0,0,1,0
8fda95ae98b4b064.jpg,scab,0,1,0,0,0,0
f1c9c2e74b82a44f.jpg,powdery_mildew,0,0,0,0,1,0
f3d63d9cb43c8450.jpg,rust,0,0,0,1,0,0
a0c1955af167ae96.jpg,rust,0,0,0,1,0,0
bc60d3c3a4d58976.jpg,frog_eye_leaf_spot,0,0,1,0,0,0
d8f61b9a34d4b42a.jpg,healthy,1,0,0,0,0,0
dfd6a5c8c2697881.jpg,frog_eye_leaf_spot,0,0,1,0,0,0
c0323f8f2c9f309d.jpg,scab,0,1,0,0,0,0
baf9b581929e2b90.jpg,scab,0,1,0,0,0,0
a1e5b2e787061f4a.jpg,scab frog_eye_leaf_spot complex,0,1,1,0,0,1
98c704ffc8e13e15.jpg,scab,0,1,0,0,0,0
86a585eb87c61f4c.jpg,scab,0,1,0,0,0,0
c26d93f4c2c3aaca.jpg,scab,0,1,0,0,0,0
90847b2e9f6ec4e4.jpg,powdery_mildew,0,0,0,0,1,0
c1d67e6365393492.jpg,scab,0,1,0,0,0,0
d5e174c5600ba7da.jpg,scab,0,1,0,0,0,0
d2f23b0b78b640f1.jpg,scab,0,1,0,0,0,0
a8d6c8e86c76f4a8.jpg,healthy,1,0,0,0,0,0
e8ff95c0c2619cc5.jpg,scab,0,1,0,0,0,0
a8c59fd3122271cf.jpg,rust,0,0,0,1,0,0
b5c0c74edac6c2a5.jpg,healthy,1,0,0,0,0,0
d7c360a98454bdea.jpg,powdery_mildew,0,0,0,0,1,0
f01fd570136749c9.jpg,frog_eye_leaf_spot,0,0,1,0,0,0
a58e903f20ef15dc.jpg,frog_eye_leaf_spot,0,0,1,0,0,0
b2a6eb5f25a2a452.jpg,complex,0,0,0,0,0,1
8ddaac1bd6c8cd0a.jpg,healthy,1,0,0,0,0,0
8ad11d7dec22d923.jpg,scab frog_eye_leaf_spot complex,0,1,1,0,0,1
f96a47e1af870485.jpg,scab,0,1,0,0,0,0
9eeb6d99f0f000d4.jpg,scab,0,1,0,0,0,0
e5d7c5b28d232926.jpg,scab frog_eye_leaf_spot,0,1,1,0,0,0
fd8426f1d213f429.jpg,frog_eye_leaf_spot,0,0,1,0,0,0
e8a18fc05b674f29.jpg,frog_eye_leaf_spot,0,0,1,0,0,0
f1c0918f0b1ff4d8.jpg,healthy,1,0,0,0,0,0
aabd998a4a602d3f.jpg,frog_eye_leaf_spot,0,0,1,0,0,0
f03dc0f0bdc3362c.jpg,scab,0,1,0,0,0,0
95a4c9cbdacb6a24.jpg,healthy,1,0,0,0,0,0
81d73f1de24626ac.jpg,rust,0,0,0,1,0,0
eae0a6dae1a36139.jpg,scab,0,1,0,0,0,0
a93b35a59285da6a.jpg,frog_eye_leaf_spot,0,0,1,0,0,0
d20a299a3dc5d7d4.jpg,complex,0,0,0,0,0,1
add298d4d19d4aa5.jpg,scab,0,1,0,0,0,0
f0ea92b49f923493.jpg,scab,0,1,0,0,0,0
94c8b450b075eded.jpg,rust complex,0,0,0,1,0,1
a88e14f511dcf7c1.jpg,rust frog_eye_leaf_spot,0,0,1,1,0,0
8ae47d252a8ed53a.jpg,healthy,1,0,0,0,0,0
a302ec9e9cb8f135.jpg,frog_eye_leaf_spot,0,0,1,0,0,0
fd518a89e4e847c6.jpg,scab,0,1,0,0,0,0
86b186392c03fdcf.jpg,rust,0,0,0,1,0,0
bab5924a156d9ec8.jpg,scab,0,1,0,0,0,0
9edc590c03bd8b8b.jpg,healthy,1,0,0,0,0,0
d7e4c2007fbb681a.jpg,rust,0,0,0,1,0,0
d7023697173ab589.jpg,frog_eye_leaf_spot,0,0,1,0,0,0
e89772b7d28a944a.jpg,healthy,1,0,0,0,0,0
f10ed794489b5ec8.jpg,healthy,1,0,0,0,0,0
bdb5c0b483a59a4b.jpg,complex,0,0,0,0,0,1
ea8ee210c5e2df83.jpg,scab,0,1,0,0,0,0
b5c0c2ea4bd48d57.jpg,healthy,1,0,0,0,0,0
cce6f35a94d1849a.jpg,rust,0,0,0,1,0,0
c0788ec769884dfb.jpg,powdery_mildew,0,0,0,0,1,0
d73682cbc28f89ca.jpg,scab frog_eye_leaf_spot,0,1,1,0,0,0
8398363f163eda0e.jpg,frog_eye_leaf_spot,0,0,1,0,0,0
a4d3db4f87628525.jpg,complex,0,0,0,0,0,1
c5433ed6deda404a.jpg,scab,0,1,0,0,0,0
84f60a857fb26bc1.jpg,healthy,1,0,0,0,0,0
d0f43c9b7d157105.jpg,frog_eye_leaf_spot,0,0,1,0,0,0
b0c0d4943de3676e.jpg,complex,0,0,0,0,0,1
adba5dc68b845295.jpg,scab,0,1,0,0,0,0
a3353b91b949b49a.jpg,powdery_mildew,0,0,0,0,1,0
eebe38a86944ccd8.jpg,frog_eye_leaf_spot,0,0,1,0,0,0
a57f9e7e8b008583.jpg,healthy,1,0,0,0,0,0
98810a3d6d3bbe5a.jpg,scab,0,1,0,0,0,0
ffdef27b820081c4.jpg,complex,0,0,0,0,0,1
dc2aca028e5f27ab.jpg,scab,0,1,0,0,0,0
a1d5314af2358d9b.jpg,scab frog_eye_leaf_spot,0,1,1,0,0,0
ad559096d91ac9cb.jpg,healthy,1,0,0,0,0,0
e9eb07cc5e2834c5.jpg,frog_eye_leaf_spot,0,0,1,0,0,0
aa90c2dbc5cd4dc6.jpg,healthy,1,0,0,0,0,0
8495b68d84e952bf.jpg,scab,0,1,0,0,0,0
efa0cf68486aca66.jpg,scab frog_eye_leaf_spot,0,1,1,0,0,0
f0c5f028c7701f3b.jpg,complex,0,0,0,0,0,1
f892cd0b0ec13bc7.jpg,frog_eye_leaf_spot,0,0,1,0,0,0
f4e1de628984e9d4.jpg,healthy,1,0,0,0,0,0
a3cd86db4493bad0.jpg,healthy,1,0,0,0,0,0
e718855f98c99e0d.jpg,scab,0,1,0,0,0,0
f5a0c58d8edd2859.jpg,rust,0,0,0,1,0,0
b55ad27d69096568.jpg,frog_eye_leaf_spot,0,0,1,0,0,0
85b52f9298d3f819.jpg,scab,0,1,0,0,0,0
859f836116f7b311.jpg,scab,0,1,0,0,0,0
ea19c554cdd99e06.jpg,scab,0,1,0,0,0,0
975ad22d8b947790.jpg,frog_eye_leaf_spot,0,0,1,0,0,0
eeebd0c1d14183ad.jpg,complex,0,0,0,0,0,1
ca8b186de9ad91b8.jpg,frog_eye_leaf_spot,0,0,1,0,0,0
fc08f49dc0b0ef31.jpg,scab,0,1,0,0,0,0
c8aa2fc69c1dc9c5.jpg,healthy,1,0,0,0,0,0
e8431c3bb37b8711.jpg,healthy,1,0,0,0,0,0
c1af2ae2e370c6e1.jpg,complex,0,0,0,0,0,1
bf3f407b6442d682.jpg,scab,0,1,0,0,0,0
d1daaf4da8169529.jpg,rust,0,0,0,1,0,0
c7f54082cf2d64ba.jpg,scab,0,1,0,0,0,0
ebb4c46b484a8f95.jpg,rust,0,0,0,1,0,0
9a969343e96d6169.jpg,frog_eye_leaf_spot,0,0,1,0,0,0
a040ab7279d5aa9f.jpg,healthy,1,0,0,0,0,0
ac84838d2d1ffae2.jpg,healthy,1,0,0,0,0,0
b5ea30852153d79d.jpg,powdery_mildew,0,0,0,0,1,0
c5ee1fad282ce40d.jpg,frog_eye_leaf_spot,0,0,1,0,0,0
988c2ccdc706773e.jpg,scab,0,1,0,0,0,0
d96d3032f2c9cf50.jpg,powdery_mildew,0,0,0,0,1,0
fee9004d1f3d68a2.jpg,healthy,1,0,0,0,0,0
b1e09e9bcc78782c.jpg,scab,0,1,0,0,0,0
ce27709e43b907d8.jpg,scab,0,1,0,0,0,0
cfd00f9028cb61fe.jpg,scab,0,1,0,0,0,0
8af578ce650e91b1.jpg,healthy,1,0,0,0,0,0
a5b894dde81ead44.jpg,scab,0,1,0,0,0,0
ac4cd76e0ab56983.jpg,healthy,1,0,0,0,0,0
d7c3e18f85c88e54.jpg,healthy,1,0,0,0,0,0
afe2b32c3a3c3981.jpg,frog_eye_leaf_spot,0,0,1,0,0,0
d0e230392b9d0ff6.jpg,powdery_mildew,0,0,0,0,1,0
f9c13d7c98ce6409.jpg,powdery_mildew,0,0,0,0,1,0
f0d03095d7b4d553.jpg,healthy,1,0,0,0,0,0
86aeb8784b794d58.jpg,powdery_mildew,0,0,0,0,1,0
ffd9aa8e42585c30.jpg,scab,0,1,0,0,0,0
e03ac18c8e99c3fd.jpg,frog_eye_leaf_spot,0,0,1,0,0,0
c7d138c3d83b15ca.jpg,healthy,1,0,0,0,0,0
c1a115d55fd53507.jpg,healthy,1,0,0,0,0,0
b6b7e90f8904115f.jpg,frog_eye_leaf_spot,0,0,1,0,0,0
f0f847c9cd5d8644.jpg,rust complex,0,0,0,1,0,1
81f89d8d209f3f16.jpg,scab,0,1,0,0,0,0
de0e62d46bfaa1c0.jpg,healthy,1,0,0,0,0,0
b21fcbab86b806b1.jpg,scab frog_eye_leaf_spot,0,1,1,0,0,0
d7303b81b293731b.jpg,scab,0,1,0,0,0,0
ad54d48f86ea82e9.jpg,frog_eye_leaf_spot,0,0,1,0,0,0
c19ae1ce9f2a3562.jpg,scab,0,1,0,0,0,0
d9b780e21ac3be19.jpg,healthy,1,0,0,0,0,0
bcb0c0d08fadccd9.jpg,complex,0,0,0,0,0,1
aa5a2585d0f6cb96.jpg,scab,0,1,0,0,0,0
aa70703df786b047.jpg,frog_eye_leaf_spot complex,0,0,1,0,0,1
9a18cd59c633c0bf.jpg,scab,0,1,0,0,0,0
85bf39e025c7c41e.jpg,rust,0,0,0,1,0,0
c19cc890df6af227.jpg,healthy,1,0,0,0,0,0
b587a4a772a1cb0e.jpg,scab,0,1,0,0,0,0
c007fac72d2d31da.jpg,scab,0,1,0,0,0,0
ff5ed0bfc004cd04.jpg,frog_eye_leaf_spot,0,0,1,0,0,0
df9b6750982eb1a0.jpg,scab,0,1,0,0,0,0
81c973b7464f46f0.jpg,scab,0,1,0,0,0,0
c40d651be6b19f45.jpg,frog_eye_leaf_spot,0,0,1,0,0,0
cd9eb2a68e14662d.jpg,rust,0,0,0,1,0,0
a7c6c9213ef30e91.jpg,rust,0,0,0,1,0,0
8437f01fd3d20f26.jpg,rust,0,0,0,1,0,0
a571a73cd2b24a5a.jpg,rust,0,0,0,1,0,0
fdc03a47d0d7c854.jpg,scab frog_eye_leaf_spot,0,1,1,0,0,0
ef5a849d9dac4a84.jpg,frog_eye_leaf_spot,0,0,1,0,0,0
82923f3ad03ab4f6.jpg,complex,0,0,0,0,0,1
bbf204e9eec280d5.jpg,scab,0,1,0,0,0,0
f4fec581ccc0e8c3.jpg,healthy,1,0,0,0,0,0
f61de78d9b402ad0.jpg,powdery_mildew complex,0,0,0,0,1,1
d0a6a54bc9c9daa6.jpg,scab,0,1,0,0,0,0
940be03e833e1f76.jpg,scab,0,1,0,0,0,0
d8805a783bfd610f.jpg,frog_eye_leaf_spot,0,0,1,0,0,0
a5d4d2a2cdc9c5a6.jpg,healthy,1,0,0,0,0,0
ab93ce1845a5f60e.jpg,frog_eye_leaf_spot complex,0,0,1,0,0,1
8bd36ac5d1306cce.jpg,rust,0,0,0,1,0,0
a8b076d41bdc31e6.jpg,complex,0,0,0,0,0,1
88c5914b9176b776.jpg,scab,0,1,0,0,0,0
f4f165dc18342ed4.jpg,scab,0,1,0,0,0,0
da51a8593de5466c.jpg,healthy,1,0,0,0,0,0
d0973e720f60e11f.jpg,healthy,1,0,0,0,0,0
c37a608447e4ad7d.jpg,scab,0,1,0,0,0,0
a4a0c59f0b1e7f26.jpg,healthy,1,0,0,0,0,0
d5e8bad0b9381e94.jpg,scab,0,1,0,0,0,0
e01dc39ccb2b4ccb.jpg,scab,0,1,0,0,0,0
da0c77d1c00bfcc3.jpg,healthy,1,0,0,0,0,0
dfeb61f75aa400c0.jpg,scab,0,1,0,0,0,0
e36a9474ca943e8b.jpg,rust,0,0,0,1,0,0
879227cb50c57b3c.jpg,healthy,1,0,0,0,0,0
aea428914a53efea.jpg,scab,0,1,0,0,0,0
917e61c69f34c81e.jpg,frog_eye_leaf_spot,0,0,1,0,0,0
bec43e01d06ba5ab.jpg,healthy,1,0,0,0,0,0
df8268f82f5d88c2.jpg,scab,0,1,0,0,0,0
87f0c18f3ca926a7.jpg,frog_eye_leaf_spot,0,0,1,0,0,0
a5bdc9a0c1db328b.jpg,rust,0,0,0,1,0,0
e5ab8a338d81705f.jpg,healthy,1,0,0,0,0,0
b5d9d2ca4b3e01b4.jpg,healthy,1,0,0,0,0,0
e0cef3b1898d8ce4.jpg,scab frog_eye_leaf_spot,0,1,1,0,0,0
addf960808f0ade9.jpg,healthy,1,0,0,0,0,0
e78c635964b24c6b.jpg,scab,0,1,0,0,0,0
a5ddd65a8a8b191c.jpg,frog_eye_leaf_spot,0,0,1,0,0,0
d8d417b440f7e0e3.jpg,frog_eye_leaf_spot,0,0,1,0,0,0
a5ea2185ca87d787.jpg,healthy,1,0,0,0,0,0
b46f8b34ae308d8b.jpg,healthy,1,0,0,0,0,0
a51a5a79e869d097.jpg,scab frog_eye_leaf_spot complex,0,1,1,0,0,1
dac0373d709583cb.jpg,healthy,1,0,0,0,0,0
a136cd2acc116ff8.jpg,frog_eye_leaf_spot,0,0,1,0,0,0
dba6c9d28589b594.jpg,frog_eye_leaf_spot,0,0,1,0,0,0
e986c1e9ddcf6300.jpg,healthy,1,0,0,0,0,0
bc4bd2e4cb84255e.jpg,scab,0,1,0,0,0,0
d595259516fbc02d.jpg,scab,0,1,0,0,0,0
adc27f0e7ca55510.jpg,scab,0,1,0,0,0,0
e8eb8dd479e8a046.jpg,scab,0,1,0,0,0,0
b5a2c2cbda9a9a19.jpg,frog_eye_leaf_spot,0,0,1,0,0,0
e08ecf1957938ca3.jpg,scab,0,1,0,0,0,0
fee1caa24fb06582.jpg,scab,0,1,0,0,0,0
bce8a094c33fe30d.jpg,scab,0,1,0,0,0,0
c3e93c6b806bf4c1.jpg,scab,0,1,0,0,0,0
9548d2ccead92cf1.jpg,healthy,1,0,0,0,0,0
807f3b90f2a315da.jpg,frog_eye_leaf_spot,0,0,1,0,0,0
c2b56fc3278e3c90.jpg,frog_eye_leaf_spot,0,0,1,0,0,0
f917f8c4007f2c78.jpg,complex,0,0,0,0,0,1
f4bfc4828516b0fa.jpg,frog_eye_leaf_spot,0,0,1,0,0,0
e3949fb818373526.jpg,healthy,1,0,0,0,0,0
a649c20cdcbf2d53.jpg,scab,0,1,0,0,0,0
a5bd10904b5b58f7.jpg,healthy,1,0,0,0,0,0
d8dc0f0e42f6632d.jpg,powdery_mildew,0,0,0,0,1,0
a9aa561d5c5a9b91.jpg,frog_eye_leaf_spot,0,0,1,0,0,0
9a4b9bf1544567c4.jpg,healthy,1,0,0,0,0,0
8ff90f0304196bb7.jpg,powdery_mildew,0,0,0,0,1,0
b4284981fd7f1c8e.jpg,frog_eye_leaf_spot,0,0,1,0,0,0
a56af43d3cb0a296.jpg,rust,0,0,0,1,0,0
85ba78d641bd851e.jpg,scab,0,1,0,0,0,0
de9811dfd8c91b22.jpg,scab,0,1,0,0,0,0
80ba65f7c2bc17d0.jpg,scab,0,1,0,0,0,0
c2912f1de07c3d71.jpg,scab,0,1,0,0,0,0
e412dac789ccc637.jpg,scab,0,1,0,0,0,0
a1a191d3d0a3d3eb.jpg,frog_eye_leaf_spot,0,0,1,0,0,0
fb3ad2f4cdc00c07.jpg,healthy,1,0,0,0,0,0
f03393cc310f9fb0.jpg,healthy,1,0,0,0,0,0
b8c3c60774ebd423.jpg,frog_eye_leaf_spot,0,0,1,0,0,0
ccb2129857236f6e.jpg,powdery_mildew,0,0,0,0,1,0
d0f3ae2db872122e.jpg,complex,0,0,0,0,0,1
c17d6f3e481254ba.jpg,healthy,1,0,0,0,0,0
8e5a7469cce9c931.jpg,rust,0,0,0,1,0,0
f487abd95c605568.jpg,complex,0,0,0,0,0,1
fd38dd52948c219b.jpg,scab,0,1,0,0,0,0
f53c3194f8c390cb.jpg,healthy,1,0,0,0,0,0
ced1fa9015e68f44.jpg,frog_eye_leaf_spot,0,0,1,0,0,0
b0cf831e4977203f.jpg,healthy,1,0,0,0,0,0
852b3dcb856652d5.jpg,healthy,1,0,0,0,0,0
953ab2332aa57ca6.jpg,rust,0,0,0,1,0,0
fc910f70cbee3064.jpg,scab,0,1,0,0,0,0
aa8331d7d7531e60.jpg,scab,0,1,0,0,0,0
fc9869b889bb818b.jpg,frog_eye_leaf_spot,0,0,1,0,0,0
b512dae909d6d4d4.jpg,healthy,1,0,0,0,0,0
eb61e501ee9d26c8.jpg,healthy,1,0,0,0,0,0
d03b33c9fa50ee44.jpg,scab,0,1,0,0,0,0
f016ace0f9d910f9.jpg,powdery_mildew,0,0,0,0,1,0
b45334ea3ff44416.jpg,complex,0,0,0,0,0,1
e5bee048cb18de58.jpg,scab frog_eye_leaf_spot complex,0,1,1,0,0,1
8595b4054beb6a6d.jpg,healthy,1,0,0,0,0,0
aaaa83eb5a81f24b.jpg,scab,0,1,0,0,0,0
8c8c3cb823c657fc.jpg,healthy,1,0,0,0,0,0
a4f0c283879e92fe.jpg,healthy,1,0,0,0,0,0
b6cdc301cb0a9eda.jpg,scab,0,1,0,0,0,0
fcca4570bc5259e4.jpg,scab frog_eye_leaf_spot complex,0,1,1,0,0,1
dfb6c24535a55432.jpg,frog_eye_leaf_spot,0,0,1,0,0,0
a897c1eb48b65ba8.jpg,complex,0,0,0,0,0,1
a5f48ac7b1d4e8c8.jpg,frog_eye_leaf_spot,0,0,1,0,0,0
aa52c1e8cdb4da9a.jpg,healthy,1,0,0,0,0,0
9e61be21ec2f2f08.jpg,scab,0,1,0,0,0,0
94e76a2bad96126a.jpg,frog_eye_leaf_spot,0,0,1,0,0,0
adf621c0a589a2fd.jpg,frog_eye_leaf_spot,0,0,1,0,0,0
c1769f622534c676.jpg,scab frog_eye_leaf_spot,0,1,1,0,0,0
d2c367653d2af228.jpg,powdery_mildew,0,0,0,0,1,0
936f6194f11e835a.jpg,healthy,1,0,0,0,0,0
e856f6229f492b0d.jpg,scab,0,1,0,0,0,0
a55c971a92e9bc83.jpg,scab,0,1,0,0,0,0
a2e392264b377971.jpg,frog_eye_leaf_spot,0,0,1,0,0,0
a48412dc6d38bbf9.jpg,complex,0,0,0,0,0,1
be36d21087f1c5b1.jpg,scab frog_eye_leaf_spot,0,1,1,0,0,0
f588c29a2b72d197.jpg,rust,0,0,0,1,0,0
87833d3f68da9285.jpg,frog_eye_leaf_spot,0,0,1,0,0,0
a83e56d51eda604d.jpg,complex,0,0,0,0,0,1
88723fc5719e69a8.jpg,rust,0,0,0,1,0,0
fd014f427ee2b807.jpg,frog_eye_leaf_spot,0,0,1,0,0,0
88ece1f0ccfa1d07.jpg,scab,0,1,0,0,0,0
a5c096e9d0699f66.jpg,healthy,1,0,0,0,0,0
d28962d6caf65495.jpg,scab,0,1,0,0,0,0
f891d1f2be43300f.jpg,scab,0,1,0,0,0,0
eb868247857a7c69.jpg,scab,0,1,0,0,0,0
aded180ce7fd4418.jpg,scab,0,1,0,0,0,0
ecaa8ecd808f9687.jpg,frog_eye_leaf_spot,0,0,1,0,0,0
cd9c64ec1964cdd8.jpg,complex,0,0,0,0,0,1
f4e38386c0de6599.jpg,scab frog_eye_leaf_spot,0,1,1,0,0,0
d4b4dacc21b06b97.jpg,powdery_mildew,0,0,0,0,1,0
d68b80c7bd36d036.jpg,rust,0,0,0,1,0,0
f0c4859dd41adb9a.jpg,rust,0,0,0,1,0,0
adb5e8a0e4ca368d.jpg,scab,0,1,0,0,0,0
fca0239fadaad051.jpg,healthy,1,0,0,0,0,0
cb8120b3a0b9ddfa.jpg,scab frog_eye_leaf_spot complex,0,1,1,0,0,1
ec5cc24ed65d44a5.jpg,healthy,1,0,0,0,0,0
ef543893e42f8616.jpg,scab,0,1,0,0,0,0
b3e23b6bb8699029.jpg,scab,0,1,0,0,0,0
e580b571b523ea3c.jpg,rust,0,0,0,1,0,0
839639e5de98514b.jpg,powdery_mildew,0,0,0,0,1,0
b2ec0cf59931f033.jpg,rust frog_eye_leaf_spot,0,0,1,1,0,0
ad1ed212c992c9db.jpg,healthy,1,0,0,0,0,0
b98e74d34a3b0d4c.jpg,scab,0,1,0,0,0,0
8381347b103f7f1d.jpg,scab,0,1,0,0,0,0
bf6c92c606caa72a.jpg,healthy,1,0,0,0,0,0
e120a79bd2c2537b.jpg,complex,0,0,0,0,0,1
b841b309d29edb5a.jpg,scab frog_eye_leaf_spot,0,1,1,0,0,0
9f1e69d6e08aa2c5.jpg,frog_eye_leaf_spot,0,0,1,0,0,0
c7c7d058d9c38556.jpg,healthy,1,0,0,0,0,0
9212b2969ff4658b.jpg,scab,0,1,0,0,0,0
eeafd41d08b03dc1.jpg,healthy,1,0,0,0,0,0
e28cd5ba5f516886.jpg,healthy,1,0,0,0,0,0
818f565c8eabd724.jpg,frog_eye_leaf_spot,0,0,1,0,0,0
a1eb92c04b4537de.jpg,healthy,1,0,0,0,0,0
d4a58da92d69e11e.jpg,scab,0,1,0,0,0,0
c4bf629ca7a8817a.jpg,healthy,1,0,0,0,0,0
fae49a87d09285f2.jpg,scab frog_eye_leaf_spot,0,1,1,0,0,0
a4d25769cd2d95a1.jpg,frog_eye_leaf_spot,0,0,1,0,0,0
8bc27bdbdf8092a0.jpg,rust frog_eye_leaf_spot,0,0,1,1,0,0
a6a47d8b0138fcd5.jpg,frog_eye_leaf_spot,0,0,1,0,0,0
d59c29d981bd04ed.jpg,scab,0,1,0,0,0,0
a5379210fd00fdad.jpg,frog_eye_leaf_spot,0,0,1,0,0,0
d03c82603f6f739a.jpg,complex,0,0,0,0,0,1
a0af4a966c1b374d.jpg,healthy,1,0,0,0,0,0
e41be1b8924f7a07.jpg,scab,0,1,0,0,0,0
e545ff406d61a2b2.jpg,scab,0,1,0,0,0,0
e1aa251ab179a7c9.jpg,rust frog_eye_leaf_spot,0,0,1,1,0,0
a57c8e8412fecf12.jpg,scab,0,1,0,0,0,0
cde7cffa201b06c0.jpg,healthy,1,0,0,0,0,0
b9d6102bd7cb85d0.jpg,frog_eye_leaf_spot,0,0,1,0,0,0
84947bc7e9688d96.jpg,healthy,1,0,0,0,0,0
9886c704f93a79b3.jpg,scab,0,1,0,0,0,0
a8f03562c2a4d9f7.jpg,powdery_mildew,0,0,0,0,1,0
ade96fc258031a6d.jpg,scab frog_eye_leaf_spot,0,1,1,0,0,0
f8db11c108ceef58.jpg,healthy,1,0,0,0,0,0
a0b1904bdf25de96.jpg,complex,0,0,0,0,0,1
a898958f5afee824.jpg,healthy,1,0,0,0,0,0
81d62bf6c8856ba5.jpg,scab,0,1,0,0,0,0
caad24d0fcf2ac91.jpg,healthy,1,0,0,0,0,0
a21b6906be2be3c5.jpg,rust,0,0,0,1,0,0
eb57e03f903587a0.jpg,rust,0,0,0,1,0,0
b891911f9f0f60ec.jpg,scab,0,1,0,0,0,0
92a409c0d6fe7a6d.jpg,healthy,1,0,0,0,0,0
d7ee131035cba0ad.jpg,healthy,1,0,0,0,0,0
b08dcfe2e4c2a758.jpg,complex,0,0,0,0,0,1
eac53c904ba36d35.jpg,scab,0,1,0,0,0,0
bd90940aca2f7f2c.jpg,scab,0,1,0,0,0,0
d5a492c9d2cf6a0e.jpg,frog_eye_leaf_spot,0,0,1,0,0,0
eb5cc0c51c5bdc98.jpg,healthy,1,0,0,0,0,0
8aca92c9b1c9759d.jpg,rust,0,0,0,1,0,0
bc23bca5ba8ee01a.jpg,scab,0,1,0,0,0,0
8f42b47a59c4e9cc.jpg,complex,0,0,0,0,0,1
cb9655c33bcca164.jpg,powdery_mildew,0,0,0,0,1,0
93fa2fc76498b111.jpg,healthy,1,0,0,0,0,0
db308de738148677.jpg,rust,0,0,0,1,0,0
e07485de9fbca409.jpg,complex,0,0,0,0,0,1
ec7a2db0a1929cf8.jpg,rust,0,0,0,1,0,0
debe0f820743d8f0.jpg,powdery_mildew,0,0,0,0,1,0
e0c0c40b1bf9ffc4.jpg,rust,0,0,0,1,0,0
f818dccb1e85069f.jpg,healthy,1,0,0,0,0,0
fcb820c81d15b72f.jpg,healthy,1,0,0,0,0,0
b0bdec52f4056b89.jpg,healthy,1,0,0,0,0,0
fce09defc440019f.jpg,scab,0,1,0,0,0,0
bd92c0694632d73b.jpg,healthy,1,0,0,0,0,0
b673b0f7b0c0f580.jpg,healthy,1,0,0,0,0,0
dab7694b1a1e1ca8.jpg,frog_eye_leaf_spot,0,0,1,0,0,0
dcc6c7ce1f9412c8.jpg,scab,0,1,0,0,0,0
bf3ea0d7c2c38305.jpg,rust,0,0,0,1,0,0
b740e716161e2d5d.jpg,healthy,1,0,0,0,0,0
eab0bcc3392fc20e.jpg,healthy,1,0,0,0,0,0
f088f1e00157bfae.jpg,scab,0,1,0,0,0,0
f3a0e037c5198bba.jpg,healthy,1,0,0,0,0,0
ddb7288417d0f0da.jpg,scab,0,1,0,0,0,0
ef04fc8ed0cee504.jpg,scab,0,1,0,0,0,0
c0e06cc7cca99dcb.jpg,healthy,1,0,0,0,0,0
f08374f00f0673de.jpg,scab,0,1,0,0,0,0
f3e7cb760ce07c00.jpg,frog_eye_leaf_spot,0,0,1,0,0,0
e9a1d3d81b707532.jpg,scab frog_eye_leaf_spot,0,1,1,0,0,0
9c9ba3ce48d4ac53.jpg,powdery_mildew,0,0,0,0,1,0
c13a87e1ad17f81c.jpg,powdery_mildew,0,0,0,0,1,0
e15abdc1529d4a8e.jpg,rust,0,0,0,1,0,0
b5b45a4a7b2f8069.jpg,healthy,1,0,0,0,0,0
ecf9cc60308e2b57.jpg,rust,0,0,0,1,0,0
d5f403d4fb2c5069.jpg,healthy,1,0,0,0,0,0
e8d61f4786e01d74.jpg,scab,0,1,0,0,0,0
95b4085ba3c7df18.jpg,scab,0,1,0,0,0,0
bf944abd5ba8812a.jpg,powdery_mildew,0,0,0,0,1,0
dbe570a2b780cd49.jpg,frog_eye_leaf_spot,0,0,1,0,0,0
96e1db11252e36d6.jpg,frog_eye_leaf_spot,0,0,1,0,0,0
fa8bc0adc6458f61.jpg,healthy,1,0,0,0,0,0
8816216f6a5dcfb2.jpg,frog_eye_leaf_spot,0,0,1,0,0,0
b73e3a42e9287370.jpg,complex,0,0,0,0,0,1
e4e6b95fca0e1e40.jpg,frog_eye_leaf_spot,0,0,1,0,0,0
9f9991372aa97321.jpg,complex,0,0,0,0,0,1
e5a1822ffe52f0a1.jpg,healthy,1,0,0,0,0,0
9d9a916b81e74527.jpg,scab,0,1,0,0,0,0
c2656b8b398a3727.jpg,rust complex,0,0,0,1,0,1
e7569c8cc78e258a.jpg,healthy,1,0,0,0,0,0
a875c39ed830e599.jpg,scab,0,1,0,0,0,0
d23dc7708cc7788a.jpg,healthy,1,0,0,0,0,0
dcaa630f9ef0921a.jpg,frog_eye_leaf_spot,0,0,1,0,0,0
c97f0593ac3974b0.jpg,healthy,1,0,0,0,0,0
b9e5908e4b3136ce.jpg,scab,0,1,0,0,0,0
a3be941239ff2832.jpg,powdery_mildew,0,0,0,0,1,0
f4efc2842a526ae6.jpg,powdery_mildew,0,0,0,0,1,0
d924bb90ce61389f.jpg,scab,0,1,0,0,0,0
cdcde68443072e7a.jpg,frog_eye_leaf_spot,0,0,1,0,0,0
c788966fa82589f6.jpg,healthy,1,0,0,0,0,0
c59f1f3eb8752030.jpg,frog_eye_leaf_spot,0,0,1,0,0,0
faf500951f6a00fb.jpg,healthy,1,0,0,0,0,0
fded80c09f8f3828.jpg,scab frog_eye_leaf_spot,0,1,1,0,0,0
f4a9eac24743d196.jpg,scab,0,1,0,0,0,0
b79b9689283476a6.jpg,scab,0,1,0,0,0,0
f010f28b873a3bd9.jpg,complex,0,0,0,0,0,1
b7a977930591417a.jpg,scab,0,1,0,0,0,0
bcb7b07032e02f93.jpg,scab,0,1,0,0,0,0
c9ae1b9019698f2f.jpg,powdery_mildew,0,0,0,0,1,0
a907afa5c886cb1b.jpg,scab,0,1,0,0,0,0
92718f1f6c91455d.jpg,powdery_mildew,0,0,0,0,1,0
f5c5c4478856b837.jpg,complex,0,0,0,0,0,1
ea2c54978913e56d.jpg,scab,0,1,0,0,0,0
d58dd660231f545b.jpg,rust,0,0,0,1,0,0
e280def0237d3aa9.jpg,healthy,1,0,0,0,0,0
9ef22a56e70c8ad2.jpg,healthy,1,0,0,0,0,0
b461d892c9991ff8.jpg,healthy,1,0,0,0,0,0
96827e82fc8575e8.jpg,frog_eye_leaf_spot,0,0,1,0,0,0
89e7dde61b004717.jpg,scab,0,1,0,0,0,0
b4e7d2c3fe170908.jpg,healthy,1,0,0,0,0,0
b5b8864cb0a7eb25.jpg,scab,0,1,0,0,0,0
99c561f236c96e86.jpg,scab,0,1,0,0,0,0
f2c974c12fdfc042.jpg,frog_eye_leaf_spot,0,0,1,0,0,0
95d391d6043792db.jpg,complex,0,0,0,0,0,1
adad954ada673034.jpg,scab frog_eye_leaf_spot,0,1,1,0,0,0
b1b763762c65e062.jpg,scab,0,1,0,0,0,0
9bbc424bb50b3da2.jpg,scab,0,1,0,0,0,0
a1a0b4de1f1f5616.jpg,healthy,1,0,0,0,0,0
b558d09e8bbe9c05.jpg,healthy,1,0,0,0,0,0
b676e0c70287dfa0.jpg,complex,0,0,0,0,0,1
9788f0cee3f0e461.jpg,frog_eye_leaf_spot,0,0,1,0,0,0
b5b00f6d794132d3.jpg,healthy,1,0,0,0,0,0
93a18d585eab45c7.jpg,scab,0,1,0,0,0,0
96dbc812c2eab36c.jpg,healthy,1,0,0,0,0,0
f4ca866c9c7c9847.jpg,frog_eye_leaf_spot,0,0,1,0,0,0
bab1d053e8abf442.jpg,frog_eye_leaf_spot,0,0,1,0,0,0
b475c2be8df48f00.jpg,healthy,1,0,0,0,0,0
eea890d2d2d2ba6a.jpg,scab,0,1,0,0,0,0
c0d1ea407b6afd2a.jpg,rust,0,0,0,1,0,0
d46b2738c3167bb0.jpg,powdery_mildew,0,0,0,0,1,0
94c5db0a3762ecb8.jpg,powdery_mildew,0,0,0,0,1,0
a8ec6d9bc041b35e.jpg,rust,0,0,0,1,0,0
ddcc29d3c5324ba8.jpg,powdery_mildew,0,0,0,0,1,0
e08f48b35bb76609.jpg,scab,0,1,0,0,0,0
dda27a07a208df63.jpg,powdery_mildew,0,0,0,0,1,0
c0cfead2773803d1.jpg,scab,0,1,0,0,0,0
b7e0c33f3132c11e.jpg,scab,0,1,0,0,0,0
e191d1f81c7a2667.jpg,healthy,1,0,0,0,0,0
b3a41f40fd5c2e4c.jpg,powdery_mildew,0,0,0,0,1,0
